animal_id,common_name,scientific_name,class,diet,habitat,country,facility,conservation_status,sex,age_years,weight_kg,body_length_cm,lifespan_years,daily_food_kg,health_status,vaccinated,checkup_cost_usd,date_recorded
ZA-04453,Tiger,Panthera tigris,Mammal,Carnivore,Forest,India,Metro City Zoo,Endangered,Male,10.9,297.52,291.5,-1,14.24,Healthy,1,216.29,2025-06-21
ZA-00434,Giant Panda,Ailuropoda melanoleuca,Mammal,Herbivore,Forest,China,Greenfield Sanctuary,Vulnerable,male,10.1,105.82,165.4,20,NULL,Healthy,Yes,129.65,2025-08-11
ZA-02153,Lion,Panthera leo,  Mammal ,Carnivore,Savanna,Tanzania,Greenfield Sanctuary,Vulnerable,Female,5.8,180.22,230.3,14,5.72,Healthy,No,211.39,16/05/2022
ZA-04341,Plains Zebra,Equus quagga,Mammal,Herbivore,Savanna,Tanzania,Coastal Aquarium & Zoo,Near Threatened,Female,,294.8 lbs,176.0,25,7.83,Healthy,Yes,$137.20,03/09/2023
ZA-02905,Chimpanzee,Pan troglodytes,Mammal,Omnivore,Forest,Uganda,Metro City Zoo,-,Female,20.9,,86.1,40,2.22,Healthy,Yes,87.31,2023-01-21
ZA-04660,Whale Shark,Rhincodon typus,Fish,Omnivore,Ocean,Pakistan,Riverside Zoo,ENDANGERED,Male,15.1,6745.91,962.3,70,256.89,healthy,Yes,849.79,25/08/2025
ZA-01229,koala,Phascolarctos cinereus,Mammal,Herbivore,Forest,Australia,Greenfield Sanctuary,VU,Female,7.0,8.3,70.7,13,0.38,Healthy,Y,57.89,N/A
ZA-04692,Hippopotamus,Hippopotamus amphibius,Mammal,Herbivore,Wetland,Tanzania,Highland Wildlife Reserve,VU,Female,unknown,597.55,232.9 cm,40,37.5,Healthy,Y,189.81,01/04/2023
ZA-04220,Whale Shark,Rhincodon typus,Fish,Omnivore,Ocean,Mexico,Metro City Zoo,EN,Female,44.7,9661.16,975.8,70,347.96,Healthy,False,"$1,138.50",31/03/2023
ZA-04393,Black Rhinoceros,Diceros bicornis,Mammal,Herbivore,Savanna,Namibia,Coastal Aquarium & Zoo,CR,F,31.6,1089.86,365.7,40,50.74,Healthy,No,382.42,2023-12-17
ZA-03290,Great White Shark,Carcharodon carcharias,  Fish ,Carnivore,Ocean,S. Africa,Riverside Zoo,vulnerable,male,33.1,1001.16 kg,486.7,70,41.17,Healthy,Yes,$322.70,27/01/2024
ZA-01123,Chetah,Acinonyx jubatus,Mammal,  Carnivore ,Savanna,Namibia,Highland Wildlife Reserve,VU,Male,5.0,na,133.8,12,2.25,Healthy,Yes,77.28,2025-02-01
ZA-04926,Black Rhinoceros,Diceros bicornis,Mammal,Herbivore,Savanna,Kenya,Greenfield Sanctuary,Critically Endangered,Male,30.1,999.18,349.2,40,54.13,Healthy,N,522.7,22 Jun 2024
ZA-03610,Giraffe,Giraffa camelopardalis,Mammal,Herbivore,Savanna,Namibia,Highland Wildlife Reserve,VU,Male,11.4 yrs,1301.24,-10,25,77.16,Healthy,Y,406.55,2022-03-29
ZA-00447,Brown Bear,Ursus arctos,Mammal,Omnivore,Forest,Russia,Greenfield Sanctuary,Least Concern,FEMALE,12.8,344.19,184.0,25,14.03,Healthy,No,227.0,14/09/2023
ZA-04389,Asian Elephant,Elephas maximus,Mammal,Herbivore,Forest,Sri Lanka,Greenfield Sanctuary,EN,Female,50.0,3981.2,504.9,60,225.38,Healthy,Yes,394.51,15/09/2022
ZA-02121,Giant Panda,Ailuropoda melanoleuca,Mammal,Herbivore,Forest,China,Highland Wildlife Reserve,VU,female,1.9,44.4,113.8,20,2.87,Sick,N/A,204.1,2025-03-07
ZA-02902,Green Sea Turtle,chelonia mydas,reptile,Herbivore,Ocean,  Pakistan ,Metro City Zoo,Endangered,Female,59.5,127.17,106.9,80,-,HEALTHY,Y,145.05,26/05/2025
ZA-00906,Peacock,Pavo cristatus,Bird,Omnivore,Forest,Sri Lanka,Coastal Aquarium & Zoo,LC,Male,6.3,6.6,194.8,20,0.38,Under Observation,1,109.59,2024-01-07
ZA-02696,Chetah,Acinonyx jubatus,Mammal,Carnivore,Savanna,Botswana,Metro City Zoo,VU,Female,4.8,35.95,132.5 cm,12,1.45,Injured,False,$148.62,28 Jan 2023
ZA-04889,Giraffe,Giraffa camelopardalis,Mammal,Herbivore,Savanna,Kenya,Riverside Zoo,VU,Male,20.9,1120.55,456.7,25,81.59,Healthy,No,360.59 USD,07/06/2022
ZA-01565,Giant Panda,Ailuropoda melanoleuca,Mammal,Herbivore,Forest,China,Riverside Zoo,VU,Male,8.2,95.5,151.7,20,6.31,Healthy,Yes,82.81,2025-03-26
ZA-02129,Koala,phascolarctos cinereus,Mammal,Herbivore,Forest,Australia,Safari Park North,VU,Female,6.9,8.73,77.4,13,0.79,Healthy,Y,39.31,2023-08-06
ZA-00346,Peacock,Pavo cristatus,Bird,Omnivore,Forest,Pakistan,Highland Wildlife Reserve,least concern,Female,1.3,1.98,129.2,20,0.07,Healthy,Yes,63.82,12-04-2023
ZA-00568,Komodo Dragon,varanus komodoensis,Reptile,Carnivore,Forest,Indonesia,Greenfield Sanctuary,EN,Male,150.0,65.1,265.2,30,2.38,Injured,Y,237.09,15 Feb 2023
ZA-03448,Grey Wolf,Canis lupus,Mammal,Carnivore,forest,Russian Federation,Coastal Aquarium & Zoo,Least Concern,Male,4.1,36.08,141.9,8,1.54,Under Observation,Y,169.87,"May 21, 2024"
ZA-02384,Red-eyed Tree Frog,Agalychnis callidryas,Amphibian,Insectivore,Forest,  Costa Rica ,Riverside Zoo,LC,Female,3.0,0.01,6.6,5,0.0,healthy,Yes,35.71,19/01/2022
ZA-01399,Whale Shark,Rhincodon typus,Fish,Omnivore,Ocean,Australia,Highland Wildlife Reserve,EN,Male,17.1,7747.96,987.0,70,465.9,Healthy,Yes,776.32,05-10-2022
ZA-03683,Chimpanzee,Pan troglodytes,Mammal,Omnivore,FOREST,Congo,Greenfield Sanctuary,Endangered,Male,11.1,56.23,93.3,40,2.59,Healthy,Yes,$104.20,2024-07-21
ZA-03471,Peacock,Pavo cristatus,Bird,Omnivore,Forest,Pakistan,Riverside Zoo,Least Concern,NULL,12.0 yrs,4.01,184.9,20,0.18,Under Observation,No,75.2,01-17-2025
ZA-04658,Bottlenose Dolphin,Tursiops truncatus,Mammal,Piscivore,Ocean,Australia,Coastal Aquarium & Zoo,Least Concern,F,22.7,176.16,286.1,40,9.72,Healthy,None,236.24 USD,2022-10-06
ZA-04076,Bald Eagle,Haliaeetus leucocephalus,Bird,Carnivore,Forest,United States,Metro City Zoo,Least Concern,Male,11.6,4.81,84.1,25,0.22,Sick,,111.68,2023-11-13
ZA-03622,Green Iguana,Iguana iguana,Reptile,herbivore,NULL,Costa Rica,Metro City Zoo,Least Concern,Male,0.9,1.96,102.8,15,0.08,None,0,54.28,NULL
ZA-01403,Lion,Panthera leo,Mammal,Carnivore,N/A,Tanzania,Coastal Aquarium & Zoo,VU,Female,9.2,165.74,,14,5.58,Healthy,Yes,128.00 USD,13/03/2023
ZA-02056,Asian Elephant,Elephas maximus,Mammal,Herbivore,Forest,Sri Lanka,Safari Park North,endangered,Male,33.1,-,523.3,60,204.01,Healthy,Yes,476.95,2025-06-27
ZA-02035,Bottlenose Dolphin,tursiops truncatus,Mammal,Piscivore,Ocean,Mexico,Riverside Zoo,LC,Male,3.3,110.19,215.2,40,4.93,Healthy,Yes,249.29,"June 13, 2022"
ZA-00733,Galapagos Tortoise,Chelonoidis niger,Reptile,Herbivore,Island,Ecuador,Riverside Zoo,VU,Male,59.6,278.47,132.2,100,13.57,Under Observation,Y,326.17,2024-11-29
ZA-02415,Sea Otter,Enhydra lutris,Mammal,Carnivore,Ocean,Russia,Greenfield Sanctuary,EN,Male,4.6,26.24,122.4,15,unknown,Healthy,No,103.75,2025-07-10
ZA-00583,Red Kangaroo,Osphranter rufus,Mammal,Herbivore,Desert,Australia,Greenfield Sanctuary,Least Concern,Male,4.3,NULL,143.7,15,2.73,Healthy,Yes,101.92,08 Oct 2024
ZA-00453,Plains Zebra,Equus quagga,Mammal,Herbivore,Savanna,KENYA,Riverside Zoo,Near Threatened,Female,19.9,310.33,229.1,25,25.46,Sick,Y,362.12,11-18-2023
ZA-03504,Plains Zebra,Equus quagga,Mammal,Herbivore,Savanna,Botswana,Safari Park North,NT,Female,2.3,182.49,170.8,25,10.47,Healthy ,Yes,125.04,2023-06-20
ZA-00146,Black Rhinoceros,Diceros bicornis,Mammal,Herbivore,Savanna,Kenya,Safari Park North,CR,Female,150.0,840.43,333.2,40,33.3,Healthy,Y,371.44,2023-07-20
ZA-00247,Black Rhinoceros,Diceros bicornis,Mammal,Herbivore,Savanna,South Africa,Highland Wildlife Reserve,CR,Female,0.6,343.5,199.6,40,18.55,Healthy,Yes,$140.53,2022-02-14
ZA-02040,Gorilla,Gorilla gorilla,Mammal,Herbivore,Forest,Uganda,Metro City Zoo,CR,Female,unknown,127.63,160.9,35,6.22,Under Observation,Yes,None,2023-10-10
ZA-04915,Polar Bear,Ursus maritimus,Mammal,Carnivore,Arctic,Canada,Safari Park North,-,Female,10.6,381.69 kg,274.4,25,15.0,Healthy,,152.77,2025-03-28
ZA-02054,Red-eyed Tree Frog,Agalychnis callidryas,Amphibian,Insectivore,Forest,Costa Rica,Metro City Zoo,LC,Male,2.3,0.01,6.8,5,0.0,None,1,40.63,2022-11-26
ZA-03920,Plains Zebra,Equus quagga,Mammal ,Herbivore,Savanna,Tanzania,Riverside Zoo,Near Threatened,Female,3.8,220.55,199.6,25,9.47,Healthy,NULL,$178.43,20/07/2025
ZA-04060,Giraffe,Giraffa camelopardalis,Mammal,Herbivore,Savanna,Namibia,Metro City Zoo,VULNERABLE,Female,,1142.0,405.9,25,69.0,Healthy,Yes,241.49,2022-05-22
ZA-04043,Giraff,Giraffa camelopardalis,Mammal,Herbivore,na,Namibia,Highland Wildlife Reserve,VU,Male,10.5,1388.74,452.9,25,106.02,Under Observation,Yes,823.19,2025-01-10
ZA-00501,Sea Otter,Enhydra lutris,Mammal,Carnivore,Ocean,USA,highland wildlife reserve,Endangered,Female,7.8,29.5,126.7,15,None,Under Observation,Yes,151.3,2025-02-23
ZA-03889,Axolotl,ambystoma mexicanum,Amphibian,Carnivore,Wetland,Mexico,Highland Wildlife Reserve,Critically Endangered,Female,7.8,0.14,23.9,12,0.01,Healthy,Yes,39.0,2022-01-15
ZA-04224,Flamingo,phoenicopterus roseus,Bird,Omnivore,Wetland,Kenya,Greenfield Sanctuary,Least Concern,Female,11.6,2.74,108.2,30,0.13,Healthy,N,49.6,05/08/2025
ZA-03211,Sea Otter,Enhydra lutris,Mammal,Carnivore,Ocean,usa,Highland Wildlife Reserve,Endangered,Male,1.8,16630 g,93.6,15,-,Healthy,No,$76.75,2023-11-26
ZA-01273,African Elephant,Loxodonta africana,Mammal,Herbivore,Savanna,S. Africa,Greenfield Sanctuary,VU,F,31.1,4655.34 kg,588.8,60,325.34,Under Observation,Yes,961.79,2023-04-13
ZA-03967,Snow Leopard,Panthera uncia,Mammal,Carnivore,Mountain,Mongolia,Riverside Zoo,VU,Female,10.9,-,125.7,15,1.48,Healthy,Yes,86.26,03 Aug 2025
ZA-04202,Red Kangaroo,Osphranter rufus,Mammal,Herbivore ,Desert,Australia,Metro City Zoo,Least Concern,Female,10.5,None,137.2,15,3.27,Healthy,No,113.82,01 May 2024
ZA-04318,Koala,Phascolarctos cinereus,Mammal,Herbivore,Forest,Australia,Safari Park North,VU,Female,8.7,8.31,80.8,13,0.56,Healthy,Yes,66.92,04-02-2023
ZA-02041,Grey Wolf,Canis lupus,Mammal,Carnivore,Forest,Russia,Metro City Zoo,LC,Female,5.9,34.86,126.6,8,1.52,Healthy,,97.9,21 Nov 2022
ZA-03285,Galapagos Tortoise,Chelonoidis niger,Reptile,Herbivore,Island,Ecuador,Riverside Zoo,Vulnerable,M,76.5,691.5 lbs,125.0,100,23.25,Healthy,Yes,$266.83,2024-07-05
ZA-00079,Emperor Penguin,Aptenodytes forsteri,Bird,Piscivore,Arctic,Antarctica,N/A,Near Threatened,Female,14.6,29.58,106.7,20,,Healthy,Yes,128.28,2023-05-17
ZA-04904,Bottlenose Dolphin,Tursiops truncatus,Mammal,Piscivore,Ocean,Mexico,Safari Park North,LC,F,16.7,200.3,308.8,40,9.05,Healthy,Yes,233.44,24/03/2024
ZA-00326,Saltwater Crocodile,Crocodylus porosus,Reptile,Carnivore,Wetland,Indonesia,Riverside Zoo,Least Concern,Male,20.9,545.48,509.9,70,24.95,Healthy,Yes,464.03,2024-11-16
ZA-01283,Nile Crocodile,Crocodylus niloticus,Reptile,Carnivore,Wetland,Zambia,  Highland Wildlife Reserve ,LC,female,56.2,418.19,442.8,70,15.15,Healthy,Yes,142.99,01-25-2022
ZA-01635,Great White Shark,Carcharodon carcharias,Fish,Carnivore,Ocean,South Africa,Safari Park North,Vulnerable,male,24.0,1262.28,467.3,70,55.32,Injured,N/A,785.87,05-21-2022
ZA-01253,Plains Zebra,Equus quagga,Mammal,Herbivore,Savanna,Botswana,Metro City Zoo,na,Female,14.3,284.02,228.2,25,17.47,Healthy,Yes,159.72,28/04/2024
ZA-02329,Bottlenose Dolphin,Tursiops truncatus,Mammal,PISCIVORE,Ocean,Australia,Highland Wildlife Reserve,Least Concern,Female,17.9,150.19,282.9,40,6.9,Healthy,Yes,135.2,"October 05, 2023"
ZA-03513,Bottlenose Dolphin,Tursiops truncatus,Mammal,Piscivore,Ocean,Mexico,Metro City Zoo,Least Concern,Female,27.7,180.54,283.0,40,11.9,Under Observation,Yes,$461.40,2025-06-13
ZA-02573,Saltwater Crocodile,Crocodylus porosus,Reptile,Carnivore,Wetland,Australia,Safari Park North,Least Concern,Female,N/A,461.78,487.6,70,14.94,Healthy,N,364.59,31 May 2024
ZA-02610,Clownfish,Amphiprion ocellaris,Fish,Omnivore,Ocean,Philippines,metro city zoo,LC,Female,6.6,0.02,8.4,8,0.0,Sick,Yes,,21/09/2022
ZA-01522,Green Iguana,Iguana iguana,Reptile,Herbivore,Forest,Costa Rica,Coastal Aquarium & Zoo,LEAST CONCERN,,,4.25,136.3,15,0.28,Healthy,True,43.79,2022-04-20
ZA-04967,EMPEROR PENGUIN,Aptenodytes forsteri,bird,Piscivore,Arctic,ANTARCTICA,Coastal Aquarium & Zoo,near threatened,Male,4.9,30.78,108.3,20,1.51,Healthy,Y,$177.28,30/12/2022
ZA-03900,LION,Panthera leo,mammal,Carnivore,Savanna,Tanzania,Greenfield Sanctuary,VULNERABLE,Male,6.3,199.75,250.6,14,8.04,Healthy,Yes,$223.15,2022-04-02
ZA-04689,Chimpanzee ,Pan troglodytes,Mammal,Omnivore,Forest,DR Congo,Metro City Zoo,EN,Male,27.6,-,-,40,3.13,Under Observation,Yes,226.47,"October 09, 2023"
ZA-02758,Flamingo,Phoenicopterus roseus,bird,Omnivore,Wetland,IND,Highland Wildlife Reserve,LC,Female,11.8,2.74,116.1,30,0.11,Healthy,Yes,57.74,"February 13, 2023"
ZA-03341,King Cobra,Ophiophagus hannah,Reptile,Carnivore,Forest,Indonesia ,Safari Park North ,VU,F,1.7,2.3,293.2,20,0.08,Healthy,No,105.47,2024-01-18
ZA-02793,Green Sea Turtle,Chelonia mydas,Reptile,herbivore,Ocean,Mexico,Safari Park North,Endangered,Female,NULL,145.32,100.3,80,8.57,Healthy,,150.77,01-07-2023
ZA-01147,Clownfish,Amphiprion ocellaris,Fish,Omnivore,Ocean,Australia,Metro City Zoo,LC,Male,3.3,0.03,9.4,8,N/A,Healthy,No,60.27,2022-08-18
ZA-00150,Great White Shark,Carcharodon carcharias,Fish,Carnivore,Ocean,South Africa,Greenfield Sanctuary,Vulnerable,F,22.8,929220 g,486.5,70,37.44,Healthy,No,213.32 USD,03-23-2022
ZA-03818,Peacock,Pavo cristatus,Bird,Omnivore,Forest,Pakistan,Riverside Zoo,least concern,Female,11.2,4.42,185.1,20,0.19,Healthy,No,58.81,29/01/2024
ZA-00801,Nile Crocodile,Crocodylus niloticus,Reptile,Carnivore,Wetland,Tanzania,Highland Wildlife Reserve,LC,Male,3.9,na,348.6,70,7.3,Healthy,Yes,na,2022-07-19
ZA-03169,Tiger,Panthera tigris,Mammal,Carnivore,Forest,Russian Federation,Riverside Zoo,Endangered,Male,,228300 g,288.9,16,8.74,Healthy,Yes,$208.51,2022-10-30
ZA-04648,King Cobra,Ophiophagus hannah,Reptile,Carnivore,Forest,Indonesia,METRO CITY ZOO,VU,Male,NULL,7.51,362.8,20,0.36,Healthy,Yes,40.42,2023-05-22
ZA-03619,Lion,Panthera leo,Mammal,Carnivore,Savanna,Tanzania,Riverside Zoo,vulnerable,Male,8.0,208.15,253.3,14,7.8,Healthy,Yes,NULL,06-01-2023
ZA-03675,Green Sea Turtle,Chelonia mydas,Reptile,Herbivore,Ocean,Pakistan,Safari Park North,EN,Female,49.6,158.64,104.3,80,6.59,Healthy,Yes,$109.43,2022-01-03
ZA-03490,Asian Elephant,elephas maximus,Mammal,Herbivore,Forest,india,Greenfield Sanctuary,Endangered,F,37.1,3230.86,564.9,60,161.74,Healthy,Yes,$541.94,2023-09-27
ZA-00928,Sea Otter,enhydra lutris,Mammal,Carnivore,Ocean,Russia,Metro City Zoo,ENDANGERED,F,6.2,23.18,108.6,15,0.86,Healthy,Yes,108.93,"January 12, 2023"
ZA-02804,Grey Wolf,Canis lupus,Mammal,Carnivore,Forest,usa,Coastal Aquarium & Zoo,LC,Female,2.1,42.02,120.8,8,1.56,Healthy,na,103.21,2022-06-03
ZA-03633,Hippopotamus,Hippopotamus amphibius,Mammal,Herbivore,Wetland,Tanzania,Highland Wildlife Reserve,VU,Male,33.4,1500390 g,343.6,40,82.86,injured,Yes,"$1,082.82",2025-05-21
ZA-00420,Bald Eagle,Haliaeetus leucocephalus,Bird,Carnivore,Forest,Canada,Metro City Zoo,Least Concern,Male,8.7,5.41,81.2,25,0.2,Under Observation,Yes,102.64,15 Feb 2024
ZA-01321,Black Rhinoceros,Diceros bicornis,Mammal,Herbivore,Savanna,Namibia,Greenfield Sanctuary,critically endangered,Male,19.4,1380.77,442.3,40,98.57,Injured,Yes,842.65 USD,04 Dec 2024
ZA-00162,Koala,Phascolarctos cinereus,Mammal,  Herbivore ,Forest,Australia,Greenfield Sanctuary,VU,Male,1.5,5.41,62.1,13,0.4,Healthy,Y,90.46,01/04/2025
ZA-04521,Polar Bear,Ursus maritimus,Mammal,Carnivore,Arctic,Canada,Metro City Zoo,VU,Female,18.0,397.28,246.5,25,16.84,Healthy,Yes,245.54,2022-04-18
ZA-04506,Clownfish,Amphiprion ocellaris,Fish,Omnivore,Ocean,Australia,-,LC,Male,,0.02,8.3,8,0.0,Healthy,Yes,45.96,12-20-2022
ZA-01715,Bald Eagle,Haliaeetus leucocephalus,Bird,Carnivore,Forest,USA,Metro City Zoo,LC,Male,,5.97,93.7,25,0.23,Healthy,N,55.02,2024-04-17
ZA-04531,King Cobra,Ophiophagus hannah,Reptile,Carnivore,Forest,  India ,Metro City Zoo,Vulnerable,Male,13.2,7.35,412.9,20,0.36,Healthy,Yes,56.66,05-21-2023
ZA-04720,Koala,Phascolarctos cinereus,Mammal,Herbivore,Forest,Australia,Safari Park North,VU,Female,5.3,7.58,72.2,13,0.43,Healthy,Yes,56.25,2024-06-03
ZA-02786,Red Kangaroo,Osphranter rufus,Mammal,Herbivore,Desert,AUSTRALIA,Greenfield Sanctuary,LC,F,7.0,62.19,147.3,15,4.91,Injured,Yes,337.51,11/11/2022
ZA-04653,King Cobra,Ophiophagus hannah,Reptile,Carnivore,Forest,Indonesia,Riverside Zoo,VULNERABLE,F,,5.5,385.4,20,0.22,Healthy,Yes,$73.36,01-08-2024
ZA-04839,Hippopotamus,Hippopotamus amphibius,Mammal,Herbivore,Wetland,Kenya,Safari Park North,vulnerable,F,NULL,1227.72,314.6,40,73.96,Injured,Yes,696.78,2024-07-23
ZA-02155,  Green Sea Turtle ,Chelonia mydas,Reptile,Herbivore,Ocean,Mexico,Riverside Zoo,EN,Female,25.2,139.32,106.6,80,6.61,Healthy,Yes,$203.25,27/11/2024
za-02557,Gorilla,Gorilla gorilla,Mammal,Herbivore,Forest,Congo,Greenfield Sanctuary,critically endangered,Female,12.0 yrs,176.9,159.6,35,-,Under Observation,Yes,245.22,2024-08-19
ZA-03029,Orangutan,Pongo pygmaeus,Mammal,Omnivore,Forest,Indonesia,Metro City Zoo,CR,Male,24.7,None,105.3,35,4.21,Injured,Yes,,09 Jun 2022
ZA-03742,Great White Shark,carcharodon carcharias,Fish,Carnivore,Ocean,South Africa,Safari Park North,VU,Female,36.7,956.29,480.9,70,NULL,Injured,unknown,852.72,04-13-2024
ZA-03796,Flamingo,Phoenicopterus roseus,Bird,Omnivore,Wetland,India,Coastal Aquarium & Zoo,Least Concern,M,10.0,2.91,112.2,30,unknown,Healthy,Y,50.46,09-09-2022
ZA-02453,Axolotl,Ambystoma mexicanum,Amphibian,Carnivore,Wetland,Mexico,Safari Park North,CR,M,unknown,0.21,26.0,12,,Healthy,1,41.0,2023-05-09
ZA-04671,Polar Bear,Ursus maritimus,Mammal,Carnivore,Arctic,USA,Coastal Aquarium & Zoo,VU,Male,10.0,546.76,255.7,25,18.91,Injured,Yes,587.25,03/11/2022
ZA-01125,King Cobra,Ophiophagus hannah,Reptile,Carnivore,Forest,Thailand,Metro City Zoo,vulnerable,Male,8.4,8.5,413.3,20,0.33,Healthy,Yes,69.76,05-03-2025
ZA-02942,Tiger,Panthera tigris,Mammal,Carnivore,Forest,Indonesia,Highland Wildlife Reserve,EN,Male,10.2,na,288.3,16,9.94,Healthy,Y,$207.68,2022-04-21
ZA-02760,Clownfish,Amphiprion ocellaris,Fish,Omnivore,,Indonesia,Highland Wildlife Reserve,Least Concern,M,,0.02,9.4,8,0.0,Healthy,Yes,N/A,02 Aug 2022
ZA-01180,African Elephant,Loxodonta africana,Mammal,Herbivore,Savanna,South Africa ,Riverside Zoo,VU,Male,24.8,4976.98,654.7,60,282.98,Under Observation,True,1097.62,"July 19, 2022"
ZA-04036,Emperor Penguin,Aptenodytes forsteri,Bird,Piscivore,Arctic,Antarctica,Riverside Zoo,NT,F,12.7 yrs,27.38,120.2,20,1.71,Under Observation,Yes,151.0,2022-07-21
ZA-01662,Hippopotamus,Hippopotamus amphibius,Mammal,Herbivore,Wetland,Kenya,Highland Wildlife Reserve,VU,Male,3.5,NULL,283.9,40,50.21,Healthy,Yes,271.86,2022-12-16
ZA-03598,Nile Crocodile,Crocodylus niloticus,Reptile,Carnivore,Wetland,Tanzania,Safari Park North,Least Concern,female,41.6,316.49 kg,450.0,70,12.34,NULL,Yes,$208.75,06-13-2022
ZA-04529,Bald Eagle,Haliaeetus leucocephalus,Bird,Carnivore,Forest,USA,Highland Wildlife Reserve,LC,Female,10.4,6.21,80.2,25,0.24,Healthy,Yes,None,2024-10-12
ZA-02319,Snow Leopard,Panthera uncia,Mammal,Carnivore,Mountain,Mongolia,Greenfield Sanctuary,vulnerable,Male,6.0,43.9,123.9,15,1.92,Healthy,1,79.96,2022-10-16
ZA-03003,Orangutan,Pongo pygmaeus,Mammal,Omnivore,Forest,Malaysia,Coastal Aquarium & Zoo,CR,Male,9.3,78.06,105.6,35,2.83,Injured,,$290.14,2025-05-13
ZA-03955,AFRICAN ELEPHANT,Loxodonta africana,Mammal,Herbivore,Savanna,Tanzania,Riverside Zoo,VU,Female,31.7,4231.1,579.2,60,235.83,Healthy,-,1009.27,2022-12-03
ZA-02387,Flamingoe,Phoenicopterus roseus,Bird,omnivore,Wetland,India,Riverside Zoo,LEAST CONCERN,Male,10.9,3.16,123.8,30,0.17,Healthy,No,$41.74,22 Jan 2024
ZA-02390,Green Sea Turtle,Chelonia mydas,Reptile,Herbivore,Ocean,Pakistan,Coastal Aquarium & Zoo,Endangered,Male,None,119.19,104.5,80,6.63,Injured,Yes,$368.55,11-18-2024
ZA-00632,Clownfish,Amphiprion ocellaris,Fish,Omnivore,Ocean,Australia,Riverside Zoo,least concern,female,2.7,0.02,9.3,8,0.0,N/A,1,83.1,31/01/2022
ZA-04505,Giant Panda,Ailuropoda melanoleuca,Mammal,Herbivore,Forest,China,Riverside Zoo,VU,na,5.9,72.79,155.4,20,3.92,Sick,No,163.34,2022-01-21
ZA-01499,Orangutan,Pongo pygmaeus,Mammal,Omnivore,Forest,Malaysia,Greenfield Sanctuary,CR,Female,18.1,55.48,110.1,35,,Healthy,No,130.76,2025-04-14
ZA-01770,Brown Bear,Ursus arctos,Mammal,Omnivore,Forest,Russian Federation,Riverside Zoo,LC,MALE,5.9,278.51,197.4,25,12.5,Healthy,True,291.51,2025-09-08
ZA-03824,Great White Shark,Carcharodon carcharias,Fish,Carnivore,Ocean,South Africa,Riverside Zoo,vulnerable,Male,11.8,860.01,408.5,70,30.05,Healthy,Yes,438.15,2023-08-15
ZA-00700,African Elephant,Loxodonta africana,Mammal,Herbivore,Savanna,South Africa,Metro City Zoo,VU,Female,22.5,3925.12,590.0,60,209.55,Healthy,Yes,545.9,01-30-2025
ZA-01391,Golden Eagle,Aquila chrysaetos,Bird,Carnivore,Mountain,Mongolia,Highland Wildlife Reserve,Least Concern,Female,4.6,3.75,67.3,25,0.14,Healthy,No,57.38,2022-02-12
ZA-04470,Bald Eagle,Haliaeetus leucocephalus,Bird,Carnivore,Forest,usa,Safari Park North,LEAST CONCERN,Female,8.7,5.18,86.8,25,0.2,Healthy,True,37.0,2023-07-01
ZA-00471,Galapagos Tortoise,chelonoidis niger,Reptile,Herbivore,Island,Ecuador,Highland Wildlife Reserve,VU,Female,70.1,219.25 kg,110.0,100,10.42,Injured,Yes,380.67,2025-04-05
ZA-02792,Red Kangaroo,Osphranter rufus,Mammal,Herbivore,Desert,Australia,Metro City Zoo,Least Concern,Female,1.4,42.27,107.7 cm,15,2.61,Healthy,1,79.81 USD,10-09-2022
ZA-00623,Tigar,Panthera tigris,Mammal,Carnivore,Forest,India,Greenfield Sanctuary,endangered,Female,8.1,None,258.4,16,8.87,Healthy,Yes,179.5,20/10/2024
ZA-00679,Whale Shark,Rhincodon typus,Fish,Omnivore,Ocean,Mexico,Highland Wildlife Reserve,EN,M,33.9,11032.94,1036.8,70,N/A,Healthy,Yes,772.81,2024-09-20
ZA-03398,African Elephant,Loxodonta africana,Mammal,Herbivore,na,Botswana,Coastal Aquarium & Zoo,Vulnerable,Male,30.3,4840.39,589.2,60,272.56,Healthy,No,$590.30,11/11/2024
ZA-01837,Plains Zebra,Equus quagga,Mammal,Herbivore,Savanna,Tanzania,Metro City Zoo,NT,Male,3.9,232.55,208.6,25,12.52,Injured,Yes,523.42,09/05/2024
ZA-04008,Hippopotamus,Hippopotamus amphibius,Mammal ,Herbivore,-,Tanzania,Metro City Zoo,VU,Female,21.7,2951.0 lbs,323.1,40,108.59,Healthy,Yes,382.94,2024-05-08
ZA-01287,Bald Eagle ,Haliaeetus leucocephalus,Bird,Carnivore,Forest,Canada,Metro City Zoo,LC,Female,7.7,4.64,82.0,25,0.19,Under Observation,NULL,$201.19,24/12/2023
ZA-04307,Green Iguana,Iguana iguana,Reptile,Herbivore,Forest,NULL,Highland Wildlife Reserve,Least Concern,Male,,6.23,149.4,15,None,Healthy,No,54.41,05/04/2025
ZA-04703,Giraffe,Giraffa camelopardalis,Mammal,Herbivore,Savanna,Tanzania,Greenfield Sanctuary,vulnerable,Male,11.3,1459.68,478.9,25,73.85,Healthy,Yes,317.43,2025-02-21
ZA-02883,Flamingo,Phoenicopterus roseus,Bird,Omnivore,Wetland,india,Safari Park North,LC,F,-,2.71,120.6,30,,healthy,No,47.69,31/12/2022
ZA-03453,Golden Eagle,Aquila chrysaetos,Bird,Carnivore,Mountain,Pakistan,Greenfield Sanctuary,LC,M,17.1,4.79,80.1,25,0.18,Healthy,1,55.01,30/04/2025
ZA-00877,Snow Leopard,Panthera uncia,mammal,Carnivore,Mountain,China,Highland Wildlife Reserve,VU,Female,2.6,32.32,109.0,0,1.16,Healthy,No,103.15,26/10/2022
ZA-02388,Emperor Penguin,Aptenodytes forsteri,Bird,PISCIVORE,Arctic,Antarctica,Metro City Zoo,Near Threatened,Male,9.5,32.78,115.2,20,1.81,Healthy,Yes,111.49,2023-04-02
ZA-03835,Chimpanzee,Pan troglodytes,Mammal,Omnivore,Forest,Congo,Metro City Zoo,endangered,M,22.8,NULL,NULL,40,2.81,Healthy,Y,157.77,30 Jan 2024
ZA-02774,African Elephant,Loxodonta africana,Mammal,Herbivore,Savanna,Kenya,Metro City Zoo,VU,Male,18.2,4700.07,578.2,60,na,Injured,Yes,"1,253.97 USD",2024-01-06
ZA-01684,Koala,Phascolarctos cinereus,Mammal,HERBIVORE,Forest,Australia,Riverside Zoo,VU,Female,7.5,-5.0,N/A,13,0.62,Healthy,Yes,44.42,2024-02-25
ZA-02191,Ostrich,Struthio camelus,Bird,Omnivore,Savanna,South africa,na,LC,None,14.2,131.15,218.7,40,5.25,Healthy,No,165.8,02-10-2022
ZA-00276,Black Rhinoceros,Diceros bicornis,Mammal,Herbivore,Savanna,South Africa,Safari Park North,Critically Endangered,Female,18.8,994.06,341.4,40,72.8,Healthy,Yes,295.84,2024-07-22
ZA-04772,bottlenose dolphin,Tursiops truncatus,Mammal,Piscivore,Ocean,Australia,Greenfield Sanctuary,Least Concern,Female,24.2,193.78,311.1,40,8.25,Healthy,Yes,$160.14,29/06/2025
ZA-03693,Bald Eagle,Haliaeetus leucocephalus,Bird,Carnivore,Forest,Canada,Highland Wildlife Reserve,LC,F,12.2,4.42,unknown,25,0.22,Healthy,,42.59,2023-01-03
ZA-03229,Snow Leopard,Panthera uncia,Mammal,Carnivore,Mountain,China,Safari Park North,VU,Female,12.7,41.50 kg,131.3,15,2.0,Healthy,Y,$83.39,2024-10-08
ZA-01237,Tiger,Panthera tigris,Mammal,Carnivore,Forest,Russia,Safari Park North,EN,Female,8.7,206.93,257.2,16,8.88,Healthy,Yes,238.73,2023-09-28
ZA-02324,Ostrich,Struthio camelus,Bird,Omnivore,Savanna,Namibia,Safari Park North,Least Concern,Female,18.7,101.23,198.6,40,4.41,Sick,Yes,319.38,03 Mar 2022
ZA-04770,Bottlenose Dolphin,Tursiops truncatus,Mammal,Piscivore,Ocean,Australia,Riverside Zoo,LC,Male,29.2,472.6 lbs,302.7,40,9.45,Healthy,Yes,167.55,24 Oct 2022
ZA-01176,Plains Zebra,Equus quagga,Mammal,Herbivore,Savanna,Kenya,highland wildlife reserve,NT,male,11.9,385.11,249.1,25,20.71,Healthy,No,162.8,27/05/2024
ZA-01562,Flamingoe,Phoenicopterus roseus,Bird,Omnivore,Wetland,Kenya,Metro City Zoo,na,N/A,16.0,3.1,116.9,30,0.15,Healthy,Yes,$84.94,2024-05-01
ZA-00918,Koala,Phascolarctos cinereus,Mammal,Herbivore,Forest,Australia,Highland Wildlife Reserve,Vulnerable,Male,7.7 yrs,10.22,75.2,13,0.57,Healthy,Yes,$79.19,22/08/2025
ZA-01732,Emperor Penguin,Aptenodytes forsteri,Bird,Piscivore,Arctic,Antarctica,Coastal Aquarium & Zoo,NT,Female,4.7,24.67,100.1,20,1.27,Injured,Yes,193.04,2024-06-06
ZA-03849,Polar Bear,Ursus maritimus,Mammal,Carnivore,Arctic,Russian Federation,Greenfield Sanctuary,VU,Female,unknown,407.05,244.2,25,17.74,Healthy,Yes,198.81,01 May 2023
ZA-03711,Bottlenose Dolphin,Tursiops truncatus,Mammal,Piscivore,Ocean,MEXICO,Metro City Zoo,LC,Female,20.2,188.68,310.6,40,N/A,Healthy,Yes,204.96,2025-06-01
ZA-00214,Polar Bear,Ursus maritimus,Mammal,Carnivore,Arctic,Canada,Highland Wildlife Reserve,VU,M,12.6,474.94,272.0,25,25.3,Healthy,Yes,205.17,2025-07-15
ZA-04894,Emperor Penguin,Aptenodytes forsteri,BIRD,piscivore,Arctic,-,Riverside Zoo,Near Threatened,M,13.7,34.66,121.6,20,1.52,Healthy,Yes,118.02 USD,01/08/2023
ZA-00173,Nile Crocodile,Crocodylus niloticus,Reptile,Carnivore,Wetland,Zambia,Coastal Aquarium & Zoo,least concern,na,31.0,414.6,468.6,70,15.69,Sick,Yes,339.5,2024-06-03
ZA-01033,Great White Shark,carcharodon carcharias,Fish,Carnivore,Ocean,AUSTRALIA,Metro City Zoo,VU,Female,,898.9,472.3,70,37.44,Injured,True,978.14 USD,24/11/2023
ZA-00743,Golden Eagle,Aquila chrysaetos,Bird,Carnivore,Mountain,Mongolia,Highland Wildlife Reserve,LC,Female,4.8,3.57,73.5,25,0.13,Healthy,Yes,77.78,05/08/2025
ZA-04849,Clownfish,Amphiprion ocellaris,Fish,Omnivore,Ocean,Australia,Highland Wildlife Reserve,LC,M,2.1,0.02,9.3,8,0.0,Healthy,1,62.44,13/02/2022
ZA-00740,Polar Bear,Ursus maritimus,Mammal,Carnivore,Arctic,USA,Greenfield Sanctuary,VU,Male,8.9,417.16,254.6,25,13.29,Healthy,No,185.68,2025-08-30
ZA-01197,Chimpanzi,Pan troglodytes,Mammal,Omnivore,Forest ,Congo,Metro City Zoo,EN,Male,30.3,61980 g,93.7,40,3.5,Healthy,1,115.91,2024-11-01
ZA-00799,Bottlenose Dolphin,Tursiops truncatus,Mammal,Piscivore,Ocean,Australia,Metro City Zoo,LC,male,7.4,152.99,256.1,40,7.12,Healthy,Y,102.34 USD,16/05/2024
ZA-04396,Green Sea Turtle,Chelonia mydas,Reptile,Herbivore,Ocean,Australia,Safari Park North,EN,Male,52.4,126.08,114.6,80,8.89,Healthy,Yes,unknown,2022-04-19
ZA-03870,Bottlenose Dolphin,Tursiops truncatus,Mammal,Piscivore,Ocean,Australia,RIVERSIDE ZOO,Least Concern,Male,2.5,92.52,222.1,40,5.08,Healthy,No,141.21 USD,2023-12-26
ZA-02317,Koala,Phascolarctos cinereus,Mammal,Herbivore,Forest,Australia,  Riverside Zoo ,VU,Female,5.6,7.45,5000,13,0.38,Healthy,unknown,50.12,2022-08-03
ZA-04512,African Elephant,Loxodonta africana,Mammal,Herbivore,Savanna,Kenya ,Coastal Aquarium & Zoo,Vulnerable,Female,34.9,4786.79,583.9,60,384.07,Sick,Yes,"$1,451.27",2024-04-24
ZA-03603,Cheeta,Acinonyx jubatus,Mammal,Carnivore,savanna,Botswana,Riverside Zoo,VU,MALE,6.9,45.18,134.9,12,2.21,unknown,False,119.4,22 Jul 2022
ZA-04552,Komodo Dragon,Varanus komodoensis,Reptile ,Carnivore,Forest,Indonesia,Safari Park North,Endangered,Female,12.9,na,247.3,30,2.37,Healthy,Yes,144.33,2023-11-21
ZA-01972,Snow Leopard,Panthera uncia,Mammal,Carnivore,Mountain,Mongolia,Safari Park North,VU,Male,NULL,36.09,131.0,15,1.7,Healthy,Y,78.11,28 May 2023
ZA-04549,Green Iguana,Iguana iguana,Reptile,Herbivore,Forest,Mexico,Greenfield Sanctuary,LC,Female,unknown,5.06,150.9,15,0.27,Healthy,N,33.67,03-21-2023
ZA-01906,Grey Wolf,Canis lupus,Mammal,Carnivore,Forest,U.S.A.,Metro City Zoo,LC,female,0.5,14.73,90.3,8,0.62,Sick,Y,148.78,12-12-2023
ZA-04873,Great White Shark,Carcharodon carcharias,Fish,Carnivore,Ocean,South Africa,greenfield sanctuary,Vulnerable,M,58.0 yrs,1067.17,471.7,70,50.54,Healthy,Yes,$389.95,14/11/2023
ZA-01259,Black Rhinoceros,Diceros bicornis,Mammal,HERBIVORE,Savanna,Kenya,Riverside Zoo,CR,Female,25.5,1182.36,335.8,40,57.19,HEALTHY,Yes,351.18,2025-08-24
ZA-01460,Flamingoe,Phoenicopterus roseus,Bird,Omnivore,Wetland,Spain,Safari Park North,LC,FEMALE,9.5,2.36,108.8,30,0.1,Healthy,No,72.29,01 Aug 2022
ZA-03919,Gorilla,Gorilla gorilla,Mammal,Herbivore,forest,Gabon,Greenfield Sanctuary,CR,Male,14.0,173.08,176.0,35,12.05,Sick,Yes,$263.15,2025-08-13
ZA-03358,Scarlet Macaw,Ara macao,Bird,Herbivore,Forest,Costa Rica,Safari Park North,LC,Male,9.6,1.05,83.7,50,0.07,Healthy,Yes,34.3,03 Oct 2024
ZA-03739,Whale Shark,Rhincodon typus,Fish,Omnivore,Ocean,Australia,Highland Wildlife Reserve,Endangered,MALE,43.3,8908.95,1109.1,70,493.81,Healthy,Yes,777.2,16/09/2022
ZA-01079,Green Iguana,Iguana iguana,Reptile,Herbivore,Forest,Costa Rica,Coastal Aquarium & Zoo,LEAST CONCERN,M,6.6,5.83,165.4,15,N/A,Injured,Yes,105.62,2022-06-04
ZA-00388,Lion,Panthera leo,Mammal,Carnivore,Savanna,Tanzania,Highland Wildlife Reserve,VU,Female,7.0,159.18,252.9,14,6.52,HEALTHY,Yes,184.19,2022-01-18
ZA-02654,King Cobra,Ophiophagus hannah,reptile,Carnivore,  Forest ,india,Safari Park North,VU,Male,7.4,7.1,409.8,20,0.21,Sick,Yes,92.56,2025-04-29
ZA-01716,Snow Leopard,Panthera uncia,Mammal,Carnivore,,China,Metro City Zoo,VU,Female,3.5,38.49,111.8,15,1.76,Healthy,N,$117.72,2023-09-25
ZA-00454,Nile Crocodile,Crocodylus niloticus,Reptile,Carnivore,Wetland,Zambia,Safari Park North,Least Concern,F,15.1,337.34,None,70,11.88,Healthy,Yes,219.84,25/06/2024
ZA-02406,Asian Elephant,Elephas maximus,Mammal,Herbivore,Forest,Sri Lanka,Riverside Zoo,Endangered,Female,22.6,3361.03,512.8,60,185.75,Injured,Yes,"$1,422.05",2023-01-09
ZA-03702,King Cobra,Ophiophagus hannah,Reptile,Carnivore,Forest,Indonesia,Riverside Zoo,VU,male,9.4,4.93 kg,399.4,20,0.2,Injured,Yes,$98.52,2023-12-07
ZA-04863,Green Iguana,Iguana iguana,Reptile,Herbivore,Forest,Mexico,Metro City Zoo,LC,Male,5.0,4.72,160.8,15,0.32,Healthy,1,56.48,2022-12-18
ZA-02095,Bottlenose Dolphin,Tursiops truncatus,Mammal,Piscivore,ocean,Mexico,Metro City Zoo,Least Concern,Female,22.0,200.89 kg,unknown,40,9.59,Healthy,False,$202.13,09/03/2022
ZA-02268,Golden Eagle,Aquila chrysaetos,Bird,Carnivore,Mountain,Pakistan,Metro City Zoo ,LC,Male,3.5,3.04,75.7,25,0.11,Healthy,Y,89.25,31/02/2023
ZA-01848,Galapagos Tortoise,Chelonoidis niger,Reptile,Herbivore,Island,Ecuador,Safari Park North,VU,Female,39.8,214.3,122.8,100,11.03,Under Observation,Yes,526.72,2022-12-12
ZA-03927,Snow Leopard,Panthera uncia,Mammal,Carnivore,Mountain,Pakistan,Highland Wildlife Reserve,VU,male,3.8,40.28,131.3,15,1.43,Healthy,Yes,$110.69,2025-03-06
ZA-00935,Golden Eagle,Aquila chrysaetos,Bird,Carnivore,Mountain,Mongolia,Greenfield Sanctuary,Least Concern,Female,14.0,5.13,85.1,25,0.2,Healthy,Yes,-,24 Nov 2024
ZA-01137,Hippopotamus,Hippopotamus amphibius,Mammal,Herbivore,Wetland,Zambia,Riverside Zoo,Vulnerable,Male,10.8,1364.77,354.9,40,88.5,Under Observation,No,682.87,2023-01-19
ZA-04895,Snow Leopard,Panthera uncia,MAMMAL,Carnivore,Mountain,China,Coastal Aquarium & Zoo,VU,Male,12.9,42.83,133.0,15,1.47,Healthy,No,91.19,N/A
ZA-03753,  Snow Leopard ,Panthera uncia,Mammal,Carnivore,Mountain,na,Metro City Zoo,VULNERABLE,M,10.0,37.84,128.4,15,1.56,Injured,Yes,-,14/12/2024
ZA-03886,Sea Otter,Enhydra lutris,Mammal,Carnivore,Ocean,Russia,Coastal Aquarium & Zoo,Endangered,Female,2.3,na,96.8,15,0.54,Injured,1,170.81,29/04/2024
ZA-01261,Bald Eagle,Haliaeetus leucocephalus,Bird,Carnivore,Forest,Canada,Safari Park North,LC,F,10.6,-,76.8,25,0.16,Healthy,Y,58.78,01-06-2023
ZA-02931,emperor penguin,Aptenodytes forsteri,Bird,Piscivore,Arctic,Antarctica,Greenfield Sanctuary,NT,Female,,27.61,102.4,20,1.34,Healthy,Yes,NULL,2022-05-16
ZA-02615,Axolotl,Ambystoma mexicanum,Amphibian,Carnivore,Wetland,Mexico,Metro City Zoo,CR,Female,1.0,0.07 kg,18.7,12,0.0,Injured,No,145.27,"April 23, 2025"
ZA-04067,Komodo Dragon,Varanus komodoensis,Reptile,Carnivore,Forest,Indonesia,Riverside Zoo,Endangered,NULL,23.9,74.58,226.7,30,,Healthy,Yes,89.17,2024-06-17
ZA-00195,Nile Crocodile,Crocodylus niloticus,Reptile,carnivore,Wetland,Kenya,Safari Park North,LC,Female,41.0,400.42,447.7 cm,70,16.9,Healthy,Yes,200.17,"August 19, 2024"
ZA-03106,Komodo Dragon,Varanus komodoensis,Reptile,Carnivore,Forest,Indonesia,Metro City Zoo,EN,Female,,62.14 kg,233.0,30,2.83,Healthy,Yes,169.62,04-08-2022
ZA-04545,Saltwater Crocodile,Crocodylus porosus,Reptile,Carnivore,Wetland,Australia,Coastal Aquarium & Zoo,LC,FEMALE,13.8,356.71,None,70,unknown,Healthy,Yes,236.46,2025-06-04
ZA-01546,Hipopotamus,Hippopotamus amphibius,Mammal,Herbivore,Wetland,Kenya,Riverside Zoo,Vulnerable,Female,17.8,1229.98,328.5,40,60.46,Healthy,Yes,557.75,2025-06-20
ZA-04974,Grey Wolf,Canis lupus,Mammal,Carnivore,Forest,Canada,Highland Wildlife Reserve,LC,Female,2.9,33.87,123.6,8,1.44,Healthy,Y,69.74,2024-09-21
ZA-04808,Snow Leopard,Panthera uncia,Mammal,Carnivore,Mountain,Pakistan,Coastal Aquarium & Zoo,VU,Male,7.2,47.49,133.5,15,1.84,Healthy,N,121.58,2025-04-06
ZA-01992,hippopotamus,Hippopotamus amphibius,Mammal,Herbivore,Wetland,Tanzania,Safari Park North,VULNERABLE,Female,22.9,2783.8 lbs,346.2,40,,HEALTHY,0,$413.39,unknown
ZA-04732,African Elephant,Loxodonta africana,Mammal,Herbivore,Savanna,Tanzania,Coastal Aquarium & Zoo,Vulnerable,Female,34.3,4355.38,620.2,60,-,Healthy,Yes,785.54,03/05/2023
ZA-03444,Scarlet Macaw,Ara macao,Bird,Herbivore,Forest,Peru,Safari Park North,Least Concern,Female,26.2,0.98,89.2,50,0.04,Healthy,Yes,69.86,26/08/2023
ZA-04044,Sea Otter,Enhydra lutris,Mammal,Carnivore,Ocean,USA,Coastal Aquarium & Zoo,EN,Male,7.2,28.37,122.1,15,0.99,Healthy,True,$57.99,2024-02-18
ZA-03664,Lion,Panthera leo,Mammal,Carnivore,savanna,South Africa,Highland Wildlife Reserve,Vulnerable,Male,7.6,196.93,272.7,14,6.96,Healthy,No,166.89,07 Sep 2025
ZA-00626,Nile Crocodile,Crocodylus niloticus,Reptile,Carnivore,Wetland,Tanzania,Highland Wildlife Reserve,Least Concern,F,53.7,321.06 kg,435.3,70,10.98,Sick,Yes,$313.42,2024-11-20
ZA-04420,Chimpanzi,Pan troglodytes,Mammal,Omnivore,Forest,Uganda,safari park north,EN,F,6.9,35.67,72.0,40,1.7,Healthy,Yes,135.64,2024-04-15
ZA-01436,Orangutang,Pongo pygmaeus,Mammal,OMNIVORE,Forest,Indonesia,Metro City Zoo,Critically Endangered,M,19.5,67.53,109.3,35,2.91,-,Yes,115.75,10/04/2022
ZA-00808,Snow Leopard,Panthera uncia,Mammal,Carnivore,Mountain,Pakistan,Riverside Zoo,Vulnerable,Female,two,42.53,119.6,15,1.61,Healthy,Y,NULL,2023-12-21
ZA-00449,Bald Eagle,Haliaeetus leucocephalus,Bird,Carnivore,Forest,Canada,Greenfield Sanctuary,LC,Male,6.3,4.45,91.2,25,0.21,Healthy,Yes,59.88,2022-09-27
ZA-01525,Red Kangaroo,Osphranter rufus,Mammal,Herbivore,Desert,Australia,Metro City Zoo,LC,F,11.6,65.97,132.4,15,3.75,Healthy,Yes,$153.34,2025-05-25
ZA-02821,Bottlenose Dolphin,Tursiops truncatus,Mammal,Piscivore,Ocean,USA,Highland Wildlife Reserve,LC,Male,13.1,218.73,307.0,40,11.41,Sick,Yes,298.1,"January 16, 2022"
ZA-03558,Whale Shark,Rhincodon typus,Fish,Omnivore,Ocean,Australia,Coastal Aquarium & Zoo,EN,Female,-,9003.47,976.7,70,490.98,Healthy,Yes,"$1,529.00",2024-12-14
ZA-03160,Saltwater Crocodile,Crocodylus porosus,Reptile,Carnivore,Wetland,Indonesia,Coastal Aquarium & Zoo,LC,Female,48.6,356.4,438.4,70,12.49,Healthy,Y,329.58,2022-04-21
ZA-02174,Axolotl,Ambystoma mexicanum,amphibian,Carnivore,Wetland,Mexico,Highland Wildlife Reserve,CR,unknown,,0.24,24.7,12,0.01,Injured,No,153.30 USD,2024-12-17
ZA-03418,African Elephant,Loxodonta africana,Mammal,Herbivore,Savanna,Botswana,Greenfield Sanctuary,VU,Female,,3489.37,633.2,60,209.69,Healthy,Yes,687.96,2024-05-02
ZA-03021,Orangutang,Pongo pygmaeus,Mammal,Omnivore,Forest,Malaysia,Highland Wildlife Reserve,Critically Endangered,Male,9.3,67.98,104.1,35,na,Healthy,Yes,100.81,2022-04-15
ZA-00359,Orangutan,Pongo pygmaeus,Mammal,Omnivore,Forest,Indonesia,Coastal Aquarium & Zoo,Critically Endangered,Male,6.5,56.29,101.7,35,3.54,UNDER OBSERVATION,Yes,N/A,2023-11-10
ZA-03219,asian elephant,Elephas maximus,Mammal,Herbivore,Forest,Sri Lanka,highland wildlife reserve,endangered,Female,33.8,2802.34,490.5,60,157.48,Healthy,False,559.59,03-23-2024
ZA-04005,Giant Panda,Ailuropoda melanoleuca,Mammal,Herbivore,Forest,China,Metro City Zoo,VU,Male,6.3,109.1,153.9,20,7.19,Healthy,Yes,148.57,"August 02, 2025"
ZA-03016,Golden Eagle,Aquila chrysaetos,Bird,Carnivore,Mountain,Pakistan,Riverside Zoo,LC,Female,4.3 yrs,4.25,68.3,25,0.18,Healthy,Y,55.59,05-11-2022
ZA-04677,golden eagle,Aquila chrysaetos,Bird,Carnivore,Mountain,Pakistan,Metro City Zoo,Least Concern,Male,15.2,NULL,83.2,25,0.24,Healthy,True,,09-23-2023
ZA-00373,Red-eyed Tree Frog,Agalychnis callidryas,Amphibian,Insectivore,Forest,Mexico,Highland Wildlife Reserve,Least Concern,Male,0.8,0.01,5.8,5,None,under observation,No,None,16/08/2025
ZA-00196,Red Kangaroo,Osphranter rufus,Mammal,herbivore,Desert,Australia,Coastal Aquarium & Zoo,Least Concern,M,11.6,66.61,151.7,15,3.66,Healthy,No,118.13,15/08/2024
ZA-03482,Tiger,Panthera tigris,Mammal,  Carnivore ,Forest,Indonesia,Metro City Zoo,EN,Male,0.8,90.57,208.8,16,3.06,Healthy,Yes,104.87,2024-10-13
ZA-04491,Plains Zebra,Equus quagga,Mammal,Herbivore,Savanna,Kenya,Coastal Aquarium & Zoo,NT,M,21.2,363.18,244.1,25,22.69,Under Observation,No,$211.95,2024-08-23
ZA-00005,Nile Crocodile,Crocodylus niloticus,Reptile,Carnivore,Wetland,Zambia,Highland Wildlife Reserve,Least Concern,Female,14.5,263.96,440.7,70,11.03,Sick,Yes,$299.71,"May 14, 2022"
ZA-02510,Sea Otter,Enhydra lutris,Mammal,Carnivore,Ocean,Canada,Safari Park North,Endangered,Female,5.8,24.13,126.8,15,0.83,Healthy,Y,55.94,13 Apr 2025
ZA-01429,Chetah,Acinonyx jubatus,Mammal,Carnivore,Savanna,Namibia,Safari Park North,Vulnerable,Male,5.0,47.1,129.5,12,1.8,Injured,Yes,206.07,2022-08-18
ZA-04078,Plains Zebra,Equus quagga,Mammal,Herbivore,Savanna,Kenya,Coastal Aquarium & Zoo,Near Threatened,Female,7.4,387.61,213.1,25,28.42,Healthy,N,262.13,2024-06-02
ZA-03327,Emperor Penguin,Aptenodytes forsteri,Bird,Piscivore,Arctic,Antarctica,Greenfield Sanctuary,NT,Male,4.3,26.45,117.6,20,1.36,Healthy,N,$90.58,06/09/2024
ZA-02859,Chimpanzee,Pan troglodytes,Mammal,Omnivore,Forest,Tanzania,Safari Park North,EN,Female,12.3,44.51,88.8,40,2.48,Injured,Yes,210.42,2022-12-15
ZA-02999,Emperor Penguin,Aptenodytes forsteri,Bird,Piscivore,Arctic,Antarctica,greenfield sanctuary,NT,Male,7.9,32.79,123.5,20,1.57,Healthy,Yes,117.14,2024-05-07
ZA-02005,Asian Elephant,Elephas maximus,Mammal,Herbivore,Forest,Sri Lanka,Coastal Aquarium & Zoo,ENDANGERED,Female,11.5,2618.27,473.3,60,198.53,Healthy,Yes,-,2025-02-15
ZA-00682,Asian Elephant,Elephas maximus,Mammal,Herbivore,Forest,Sri Lanka,Highland Wildlife Reserve,Endangered,F,44.2,3217.34,574.0,60,228.24,Injured,Yes,955.16,2022-09-07
ZA-01998,Golden Eagle,Aquila chrysaetos,Bird,Carnivore,Mountain,USA,Safari Park North,Least Concern,Male,11.1,5.58,77.9,25,0.21,HEALTHY,Yes,58.53,-
ZA-02058,Leopard,Panthera pardus,Mammal,Carnivore,Forest,India ,Riverside Zoo,VU,Male,3.2,50.61,163.3,14,2.25,Healthy,Yes,81.52,13 Feb 2023
ZA-04950,African Elephant,Loxodonta africana,Mammal,Herbivore,Savanna,Kenya,Greenfield Sanctuary,vulnerable,Female,9.4,2710.92,512.3,60,184.31,Healthy,Yes,457.59,2025-03-16
ZA-00890,Giraffe,Giraffa camelopardalis,Mammal,Herbivore,Savanna,Kenya,Metro City Zoo,VU,F,,1251.49,455.8,25,68.89,under observation,Yes,871.55,11 Jun 2024
ZA-02493,African Elephant,loxodonta africana,Mammal,Herbivore,Savanna,Tanzania,Greenfield Sanctuary,Vulnerable,Male,26.6,5120.49,570.4,60,370.54,Healthy,Yes,$520.45,2022-11-16
ZA-04006,Polar Bear,Ursus maritimus,Mammal,Carnivore,Arctic,Russia,Highland Wildlife Reserve,VU,Male,three,483.49,-,25,17.62,Healthy ,Yes,231.04,2025-03-10
ZA-01950,Tiger,Panthera tigris,mammal,Carnivore,Forest,Indonesia,Greenfield Sanctuary,endangered,Male,6.6,353.28,318.3,16,17.22,Healthy,Yes,176.57,28/06/2025
ZA-00084,Asian Elephant,Elephas maximus,Mammal,Herbivore,Forest,Sri Lanka,Highland Wildlife Reserve,EN,Male,three,3013.95,577.4,60,211.78,Under Observation,No,1041.2,11 Jul 2022
ZA-00029,Orangutang,Pongo pygmaeus,Mammal,Omnivore,Forest,Indonesia,Coastal Aquarium & Zoo,CR,female,15.5,72.81,109.2,35,3.55,Healthy,Y,98.76,04 Feb 2025
ZA-01611,Giant Panda,Ailuropoda melanoleuca,Mammal,Herbivore,Forest,China,Coastal Aquarium & Zoo,vulnerable,Female,2.4,NULL,121.3,20,4.03,Injured,Yes,266.36,27 Feb 2023
ZA-02662,Black Rhinoceros,Diceros bicornis,Mammal,Herbivore,Savanna,Namibia,Safari Park North,CR,Male,3.3,486.02,290.5,40,33.33,Healthy,Y,182.45,05-30-2022
ZA-02623,Polar Bear,Ursus maritimus,Mammal,Carnivore,Arctic,USA,Coastal Aquarium & Zoo,VU,Male,4.3,317.78,231.0,25,,Healthy,No,182.24,09/06/2022
ZA-00941,Green Sea Turtle,Chelonia mydas,Reptile,Herbivore,Ocean,Mexico,Metro City Zoo,EN,Female,17.7,115.14,105.0,80,5.38,N/A,Yes,444.44,2024-11-04
ZA-03363,Red-eyed Tree Frog,Agalychnis callidryas,Amphibian,Insectivore,Forest,Mexico,na,Least Concern,M,2.7,0.01,7.2,5,0.0,Healthy,False,$48.08,19/05/2022
za-00460,Komodo Dragon,Varanus komodoensis,Reptile,Carnivore,Forest,Indonesia,Safari Park North,EN,Female,5.4,41.64 kg,197.8,30,1.71,Healthy,Yes,$127.29,2025-04-19
ZA-01742,Giant Panda,Ailuropoda melanoleuca,Mammal,Herbivore,Forest,China,Metro City Zoo,VU,Male,8.1,unknown,155.0,20,unknown,Healthy,Yes,104.66,2023-05-06
ZA-00841,Golden Eagle,Aquila chrysaetos,Bird,Carnivore,Mountain,Pakistan,Safari Park North,LC,Female,3.3,2.9,-,25,0.12,Under Observation,True,-,2022-03-20
ZA-00475,Cheetah,Acinonyx jubatus,Mammal,Carnivore,Savanna,Namibia,Riverside Zoo,Vulnerable,F,9.2,41.15,127.0,12,1.55,Healthy,Yes,None,27/03/2023
ZA-04064,Red-eyed Tree Frog,Agalychnis callidryas,Amphibian,Insectivore,Forest,MEXICO,Metro City Zoo,LC,Male,4.4,0.01,7.8,5,0.0,Healthy,No,$46.10,2022-04-25
ZA-04052,Galapagos Tortoise,chelonoidis niger,Reptile,Herbivore,Island,Ecuador,Highland Wildlife Reserve,Vulnerable,Female,61.2,296.17,117.8,100,18.14,Injured,Yes,1027.4,2025-05-28
ZA-02562,Red Kangaroo,Osphranter rufus,Mammal,Herbivore,Desert,Australia,Safari Park North,least concern,Male,7.4,93.54,149.1,15,5.29,Healthy,Yes,99.84,2022-05-11
ZA-01730,Bald Eagle,Haliaeetus leucocephalus,  Bird ,carnivore,Forest,Canada,Riverside Zoo,LC,Female,12.4,4.77,81.9,25,0.23,Healthy,Yes,70.54,01-31-2025
ZA-02972,Saltwater Crocodile,Crocodylus porosus,Reptile,Carnivore,Wetland,Indonesia,Riverside Zoo,LC,M,2.6,126.41,357.8,70,4.56,Sick,Yes,213.94,10 Jan 2023
ZA-04886,Grey Wolf,Canis lupus,Mammal,Carnivore,Forest,Canada,Highland Wildlife Reserve,Least Concern,Female,1.0,19.47,100.9,8,0.72,Healthy,None,123.17,2023-11-27
ZA-00724,Axolotl,Ambystoma mexicanum,Amphibian,Carnivore,Wetland ,Mexico,Highland Wildlife Reserve,Critically Endangered,Male,4.1,NULL,25.1,12,0.01,Healthy,N,-,02 Sep 2024
ZA-01091,Bottlenose Dolphin,Tursiops truncatus,Mammal,Piscivore,Ocean,Mexico,Highland Wildlife Reserve,Least Concern,Male,20.9,235.26,314.7,40,11.06,UNDER OBSERVATION,1,608.52,06 Feb 2023
ZA-04345,Axolotl,Ambystoma mexicanum,Amphibian,Carnivore,Wetland,Mexico,Metro City Zoo,Critically Endangered,Female,6.6,0.17,24.3,12,0.01,Healthy,Y,$42.88,01/03/2025
ZA-03031,Whale Shark,Rhincodon typus,Fish,Omnivore,Ocean,Mexico,Coastal Aquarium & Zoo,endangered,male,46.0,9844.53,1034.4,70,533.11,Healthy,Yes,$990.51,2025-07-29
ZA-04946,Emperor Penguin,aptenodytes forsteri,Bird,Piscivore,Arctic,Antarctica,Highland Wildlife Reserve,Near Threatened,Female,4.2,20.93,116.4,20,1.03,Under Observation,Yes,257.64,2025-05-25
ZA-00505,Orangutan,Pongo pygmaeus,Mammal,omnivore,Forest,Indonesia,na,Critically Endangered,Male,,94.31 kg,103.8,35,5.27,NULL,Yes,233.66,01/08/2022
ZA-03340,Giraff,Giraffa camelopardalis,  Mammal ,Herbivore ,Savanna,Namibia ,Highland Wildlife Reserve,Vulnerable,Male,13.5,1147.25,493.5,25,65.17,Injured,False,894.66,2022-05-26
ZA-03355,Axolotl,Ambystoma mexicanum,Amphibian,Carnivore,Wetland,Mexico,Safari Park North,CR,Female,3.0,0.19 kg,23.1,12,0.01,Healthy,No,33.73,07/02/2024
ZA-02867,Lion,Panthera leo,Mammal,Carnivore,Savanna,S. Africa,Riverside Zoo,VULNERABLE,Female,10.7,169.5,234.4,14,7.16,Under Observation ,Yes,255.65,06-03-2023
ZA-03747,Snow Leopard,Panthera uncia,Mammal,Carnivore,Mountain,Pakistan,Safari Park North,VU,Male,unknown,111.6 lbs,146.4,15,,Healthy,Yes,75.6,2023-12-07
ZA-00595,Tiger,Panthera tigris,Mammal,Carnivore,Forest,Russia,Highland Wildlife Reserve,Endangered,Male,0.1,50.59,168.8,16,,Healthy,No,159.88,2024-11-05
ZA-00738,Saltwater Crocodile,Crocodylus porosus,Reptile,Carnivore,Wetland,India,Greenfield Sanctuary,LC,Female,26.4,None,487.1,70,23.11,Healthy,Yes,$196.34,2023-05-31
ZA-04143,Koala,phascolarctos cinereus,Mammal,Herbivore,Forest,Australia,Greenfield Sanctuary,VU,Female,7.9,8.86,71.5,13,0.43,Healthy,Y,70.52,2023-12-12
ZA-03301,Green Sea Turtle,Chelonia mydas,Reptile,Herbivore,Ocean,Mexico,Riverside Zoo,EN,Female,three,169.04,104.9,80,11.58,Healthy,No,154.13,2023-12-13
ZA-04728,Grey Wolf,Canis lupus,Mammal,Carnivore,Forest,USA,Riverside Zoo,least concern,Female,3.0,48.16,123.9,8,2.05,Healthy,False,79.86,02 Aug 2023
ZA-02685,Komodo Dragon,Varanus komodoensis,Reptile,Carnivore,Forest,Indonesia,Coastal Aquarium & Zoo,Endangered,Male,22.6,76.31,269.2,30,3.21,Healthy,Yes,77.41,12/06/2024
ZA-03775,Black Rhinoceros,Diceros bicornis,Mammal,Herbivore,Savanna,Kenya,Greenfield Sanctuary,Critically Endangered,Male,31.7,1115.9,379.4,40,66.36,Healthy,No,345.3,2023-05-14
ZA-02990,Nile Crocodile,Crocodylus niloticus,Reptile,Carnivore,Wetland,Kenya,Safari Park North,None,Male,46.8,440.79,491.1,70,19.06,Healthy,Yes,261.56,2024-08-12
ZA-02055,Hippopotamus,Hippopotamus amphibius,Mammal,Herbivore,Wetland,Kenya,Safari Park North,VU,Male,4.7,821.64,285.9,40,45.39,Sick,Yes,409.55,21/01/2023
ZA-01808,Chimpanzee,Pan troglodytes,Mammal,Omnivore,Forest,Uganda,Coastal Aquarium & Zoo,Endangered,Male,35.5,49.15,81.1,40,1.92,Under Observation,Yes,191.0,20/09/2023
ZA-00832,Clownfish,Amphiprion ocellaris,Fish,Omnivore,Ocean,Indonesia,Safari Park North,LC,M,2.6,0.02,9.5,8,,Healthy,Yes,51.42 USD,2022-08-20
ZA-01209,Axolotl ,Ambystoma mexicanum,Amphibian,Carnivore,Wetland,Mexico,Riverside Zoo,CR,Female,7.7,na,24.2,12,,Injured,Y,70.34,2022-08-11
ZA-01126,Green Sea Turtle,Chelonia mydas,Reptile,Herbivore,ocean,Australia,Safari Park North,Endangered,Female,47.4,149.96,113.2,80,7.32,Injured,Yes,309.58,2022-04-02
ZA-01004,African Elephant,Loxodonta africana,Mammal,Herbivore,Savanna,South africa,Metro City Zoo,VU,Female,33.3,4126.46,648.4,60,237.43,Healthy,,521.3,2025-06-21
ZA-02812,Green Sea Turtle,Chelonia mydas,Reptile,Herbivore,Ocean,Pakistan,Riverside Zoo,Endangered,FEMALE,35.8,160.69 kg,111.2,80,14.2,Healthy,1,109.3,2024-09-12
ZA-04264,african elephant,Loxodonta africana,Mammal,Herbivore,,Tanzania,Metro City Zoo,vulnerable,Female,None,3256.77,490.0,60,184.4,Healthy,Yes,535.18,08/04/2023
ZA-02668,Cheetah,Acinonyx jubatus,Mammal,Carnivore,Savanna,Namibia,Greenfield Sanctuary,Vulnerable,male,6.2,60.87 kg,126.5,12,2.47,Healthy,Yes,111.64,05-13-2024
ZA-03145,Lion,Panthera leo,Mammal,Carnivore,Savanna,South Africa,Highland Wildlife Reserve,Vulnerable,Male,5.6,N/A,261.6,14,9.99,Sick,-,357.1,2024-05-22
ZA-01058,King Cobra,Ophiophagus hannah,Reptile,carnivore,Forest,Thailand,Metro City Zoo,VU,Female,3.3,4.58,313.1,20,0.19,Healthy,Yes,51.07,2022-03-10
ZA-04625,Gorilla,Gorilla gorilla,Mammal,Herbivore,Forest,DRC,Coastal Aquarium & Zoo,CR,Female,8.0,115.98,161.4,35,5.81,Healthy,Y,198.16,13/08/2023
ZA-03602,Green Sea Turtle,Chelonia mydas,Reptile,Herbivore,Ocean,Pakistan,Coastal Aquarium & Zoo,EN,Female,37.6,188.54,113.5,80,12.8,Healthy,True,135.36,2025-06-08
ZA-01584,Gorrila,Gorilla gorilla,Mammal,Herbivore,Forest,Congo,Safari Park North,critically endangered,Male,22.6,196.77,188.3 cm,35,12.84,Healthy,Yes,115.6,19/07/2024
ZA-02943,Golden Eagle,aquila chrysaetos,Bird,Carnivore,Mountain,Mongolia,Highland Wildlife Reserve,LC,Female,7.8,unknown,92.9,25,0.26,Under Observation,Yes,149.31,2025-05-04
ZA-00319,Golden Eagle,Aquila chrysaetos,Bird,Carnivore,Mountain,USA,Greenfield Sanctuary,Least Concern,Female,13.9,4.88,90.1,25,0.19,HEALTHY,Yes,$73.17,2025-04-20
ZA-04405,Red Kangaroo,Osphranter rufus,Mammal,Herbivore,Desert,Australia,Greenfield Sanctuary,LC,Female,7.2,66.5,148.4,15,3.09,Under Observation,Yes,192.84,2025-03-08
ZA-02558,Great White Shark,Carcharodon carcharias,Fish,Carnivore,Ocean,Australia,Highland Wildlife Reserve,VU,female,10.8,685.88,383.0,70,31.04,Healthy,Yes,313.23 USD,2023-11-16
ZA-01230,Whale Shark,Rhincodon typus,Fish,Omnivore,Ocean,Mexico,Coastal Aquarium & Zoo,EN,Male,N/A,8373.36,1014.9,70,397.78,injured,No,NULL,30/06/2024
ZA-02377,Bottlenose Dolphin,Tursiops truncatus,Mammal,Piscivore,Ocean,Mexico,Highland Wildlife Reserve,LC,MALE,,214.75,311.2,40,11.78,Healthy,Yes,na,04/08/2025
ZA-03518,Emperor Penguin,Aptenodytes forsteri,Bird,Piscivore,Arctic,Antarctica,Greenfield Sanctuary,near threatened,Male,12.6,38.36,117.4,20,1.74,Healthy,Yes,96.45,19/11/2024
ZA-02421,Flamingo,Phoenicopterus roseus,Bird,Omnivore,Wetland,Kenya,Greenfield Sanctuary,Least Concern,Male,10.3,3.28,123.3,30,0.13,Healthy,Yes,108.69,05-15-2022
ZA-00616,Galapagos Tortoise,Chelonoidis niger,Reptile,Herbivore,Island,Ecuador,Coastal Aquarium & Zoo,Vulnerable,Female,41.6,475.6 lbs,119.7,100,11.65,Healthy,Yes,146.41 USD,06-02-2022
ZA-03508,Leopard,Panthera pardus,Mammal,Carnivore,Forest,india,Metro City Zoo,Vulnerable,Female,4.9,66.68,172.9,14,2.24,Healthy,No,115.23,05-31-2022
ZA-00957,African Elephant,Loxodonta africana,Mammal,Herbivore,Savanna,South Africa,Safari Park North,VU,Female,13.5,3632.28,522.4,60,235.03,Healthy,1,unknown,2022-09-22
ZA-01448,Red-eyed Tree Frog,Agalychnis callidryas,Amphibian,Insectivore,Forest,Costa Rica,Highland Wildlife Reserve,LC,M,3.7,0.01,7.1 cm,5,0.0,Under Observation,Yes,65.26,2025-02-25
ZA-03983,Red-eyed Tree Frog,Agalychnis callidryas,Amphibian,Insectivore,Forest,Costa Rica,Riverside Zoo,Least Concern,MALE,0.3,0.0,4.9,5,0.0,Healthy,Yes,39.63,2025-04-05
ZA-03165,Chimpanzee,Pan troglodytes,Mammal,Omnivore,Forest,Uganda,Metro City Zoo,EN,Male,29.1,50.37,82.5,40,1.87,Healthy,Yes,,2022-12-31
ZA-02531,Bald Eagle,Haliaeetus leucocephalus,Bird,Carnivore,Forest,USA,Safari Park North,Least Concern,Male,17.6,5.55,NULL,25,0.2,  Healthy ,Yes,81.1,04 Jan 2024
ZA-00408,Lion,Panthera leo,Mammal,Carnivore,Savanna,Kenya,Safari Park North,VU,MALE,6.3,215.87,257.5,14,10.72,Healthy,None,164.37,2024-10-15
ZA-03061,Grey Wolf,Canis lupus,Mammal,Carnivore,Forest,Russia,Coastal Aquarium & Zoo,Least Concern,M,6.9,49.66,137.3,8,1.75,healthy,Yes,109.46,2025-04-27
ZA-04810,Grey Wolf,Canis lupus,MAMMAL,Carnivore,Forest,Russia,Coastal Aquarium & Zoo,LC,Female,6.4,38.77,126.4,8,1.61,Under Observation,Yes,171.9,2025-02-17
ZA-00562,Red-eyed Tree Frog,Agalychnis callidryas,Amphibian,Insectivore,  Forest ,Costa Rica ,Safari Park North,Least Concern,Female,1.2,na,6.6,5,0.0,HEALTHY,Yes,41.27,2024-04-21
ZA-02988,Golden Eagle,Aquila chrysaetos,Bird,Carnivore,Mountain,Pakistan,Coastal Aquarium & Zoo,LC,Male,,5.67,97.6,25,0.26,Healthy,Yes,63.99,05-27-2022
ZA-04417,Bald Eagle,haliaeetus leucocephalus,Bird,Carnivore,Forest,USA,Metro City Zoo,Least Concern,Female,2.8,2.36,64.2,25,None,Healthy,Yes,$50.46,"March 09, 2024"
ZA-03220,Lion,Panthera leo,Mammal,Carnivore,Savanna,South Africa,Riverside Zoo,VU,female,8.5,184.79,233.1,14,6.62,Healthy,N,229.71,2025-05-10
ZA-00080,Bald Eagle,Haliaeetus leucocephalus,Bird,Carnivore,Forest,Canada,Greenfield Sanctuary,LC,Male,7.2,5.93,85.9 cm,25,0.24,Healthy,Yes,$63.97,13/05/2025
ZA-00450,Scarlet Macaw,Ara macao,Bird,Herbivore,Forest,Peru,Safari Park North,Least Concern,Male,25.8,,84.9,50,0.07,Sick,No,108.38,07 Aug 2022
ZA-04489,Sea Otter,Enhydra lutris,Mammal,Carnivore,Ocean,Russian Federation,Greenfield Sanctuary,Endangered,Male,6.3,28.92,127.7,15,None,Healthy,Yes,56.21,14/06/2025
ZA-00563,Peacock,Pavo cristatus,Bird,Omnivore,Forest,India,Safari Park North,least concern,Female,13.8,5.18,188.4,20,0.22,Sick,Yes,121.13,2025-01-11
ZA-04834,  Bottlenose Dolphin ,Tursiops truncatus,Mammal,Piscivore,Ocean,,Metro City Zoo,Least Concern,Female,26.2,162.84,307.4,40,6.05,Healthy,Yes,147.38,08-10-2023
ZA-03674,Galapagos Tortoise,Chelonoidis niger,Reptile,Herbivore,Island,Ecuador,Coastal Aquarium & Zoo,VU,Male,48.7,305.1,119.1,100,14.52,Healthy,Yes,205.27 USD,11-15-2024
ZA-00139,Komodo Dragon,Varanus komodoensis,Reptile,Carnivore,Forest,Indonesia,Greenfield Sanctuary,EN,Male,11.9,71.96,249.6,30,2.87,Healthy,Yes,86.93 USD,2024-11-25
ZA-00343,Red Kangaroo,Osphranter rufus,Mammal,Herbivore,Desert,Australia,Coastal Aquarium & Zoo,LC,MALE,8.8,73.41,142.4,15,4.1,Under Observation,Yes,$338.26,26/04/2023
ZA-01408,Emperor Penguin,aptenodytes forsteri,Bird,Piscivore,Arctic,Antarctica,Coastal Aquarium & Zoo,NEAR THREATENED,FEMALE,4.0,19.34,103.2,20,0.84,Healthy,Yes,70.8,11-01-2023
ZA-01885,Asian Elephant,Elephas maximus,Mammal,Herbivore,Forest,india,Riverside Zoo,Endangered,F,25.4,2486.42,498.9,60,162.97,Healthy,Yes,342.56 USD,12 Mar 2025
ZA-04466,Chimpanzee,Pan troglodytes,Mammal,Omnivore,Forest,Tanzania,Highland Wildlife Reserve,EN,Male,9.6,47.3,88.1,40,1.64,Healthy,N,99.51,2024-08-04
ZA-02712,Galapagos Tortoise,Chelonoidis niger,Reptile,Herbivore,Island,Ecuador,Highland Wildlife Reserve,VU,Female,60.8,264.9,110.3,100,11.0,Healthy,No,$166.64,2025-03-15
ZA-02756,Emperor Penguin,Aptenodytes forsteri,Bird,Piscivore,Arctic,Antarctica,NULL,near threatened,Female,17.2,28.42,102.2,20,1.16,Healthy,N,90.42,04/09/2023
ZA-02947,Sea Otter,Enhydra lutris,Mammal,Carnivore,Ocean,  Russia ,Greenfield Sanctuary,Endangered,Male,11.5,30.39,121.5,15,1.21,healthy,na,83.82,11-30-2023
ZA-01356,Bottlenose Dolphin,Tursiops truncatus,Mammal,Piscivore,Ocean,USA,Safari Park North,LC,Male,15.6,N/A,na,40,unknown,healthy,Yes,147.08,2023-09-22
ZA-03740,Tiger,Panthera tigris,Mammal,Carnivore,Forest,India,Metro City Zoo,EN,Female,9.3,170230 g,276.2,16,-,Healthy,No,119.66,30 Jul 2023
ZA-02186,Scarlet Macaw,Ara macao,Bird,Herbivore,Forest,Peru,Coastal Aquarium & Zoo,least concern,Male,,1.1 lbs,72.5,50,0.04,Healthy,,60.14,23 Feb 2023
ZA-02855,Tiger,Panthera tigris,Mammal,Carnivore ,Forest,Russian Federation,Greenfield Sanctuary,EN,Female,4.5,206.81,264.4,16,7.24,Healthy,Yes,175.17,02 Jul 2022
ZA-00951,Saltwater Crocodile,crocodylus porosus,Reptile,Carnivore,Wetland,Australia,Safari Park North ,LC,Female,64.0,383.62,439.4,70,12.97,Healthy,No,247.52 USD,2022-11-27
ZA-01758,Sea Otter,Enhydra lutris,MAMMAL,Carnivore,Ocean,USA,Safari Park North,EN,Male,7.8,23.76,124.8,15,1.11,Sick,Yes,$187.37,2023-02-24
ZA-03606,Hippopotamus,Hippopotamus amphibius,Mammal,Herbivore,Wetland,Zambia,  Greenfield Sanctuary ,-,Male,23.5,1482.24,351.5,40,77.88,Healthy,Yes,321.86,2024-01-18
ZA-03539,Lion,Panthera leo,Mammal,Carnivore,Savanna,Kenya,Metro City Zoo,VU,Female,7.6,167.54,243.5,14,6.89,Sick,Yes,250.18,11/03/2025
ZA-01179,Lion,Panthera leo,Mammal,Carnivore,Savanna,Kenya,Highland Wildlife Reserve,Vulnerable,MALE,8.5,193.40 kg,262.0,14,,Healthy,Yes,135.35,2023-09-29
ZA-01599,Komodo Dragon,Varanus komodoensis,Reptile,Carnivore,Forest,Indonesia,NULL,EN,Male,13.6,77.08,255.5,30,2.7,Healthy,Yes,141.92,"September 20, 2024"
ZA-02465,Lion,Panthera leo,Mammal,Carnivore,Savanna,Kenya,Riverside Zoo,VU,Female,3.0,108.65,219.2,14,3.33,Healthy,Yes,75.44,N/A
ZA-01013,SNOW LEOPARD,Panthera uncia,Mammal,Carnivore,Mountain,Pakistan,Metro City Zoo,VU,Female,2.1,20.12,107.2,15,0.96,Healthy,Yes,85.21,01/04/2025
ZA-02568,ostrich,Struthio camelus,Bird,Omnivore,Savanna,Namibia,Safari Park North,Least Concern,Female,21.9,95.41,207.2,40,3.15,Under Observation,Yes,185.9,2025-07-03
ZA-00709,Galapagos Tortoise,Chelonoidis niger,Reptile,Herbivore,Island,Ecuador,Coastal Aquarium & Zoo ,VU,Female,9.8,-5.0,95.4,500,11.85,Healthy,Yes,97.2,02/02/2023
ZA-01747,Flamingo,Phoenicopterus roseus,Bird,Omnivore,Wetland,Kenya,NULL,Least Concern,Female,17.8,2.15,112.7,30,0.12,Healthy,Yes,$41.50,2022-10-02
ZA-01345,Asian Elephant,Elephas maximus,Mammal,Herbivore,Forest,India,Highland Wildlife Reserve,Endangered,Female,31.7 yrs,3172.82,536.2,60,185.43,Healthy,1,587.13,2022-11-06
ZA-00208,Black Rhinoceros,Diceros bicornis,Mammal,Herbivore,Savanna,South Africa,None,CRITICALLY ENDANGERED,MALE,17.3,1211.69 kg,368.9,40,86.25,  Healthy ,Yes,334.47,"April 14, 2023"
ZA-03898,Koala,Phascolarctos cinereus,Mammal,Herbivore,Forest,Australia,Riverside Zoo,Vulnerable,Male,2.7,7810 g,75.5,13,0.47,Healthy,Yes,62.26 USD,2025-05-09
ZA-03223,Red Kangaroo,Osphranter rufus,Mammal,  Herbivore ,NULL,Australia,Greenfield Sanctuary,LC,Female,8.7,60.56,133.4,15,3.39,Healthy,No,$118.90,2024-04-06
ZA-04115,African Elephant,Loxodonta africana,Mammal,Herbivore,Savanna,South Africa,Metro City Zoo,Vulnerable,Male,15.2,4877.48,564.8,60,305.67,Injured,Yes,1273.77,2025-01-16
ZA-00641,Grey Wolf,Canis lupus,Mammal,Carnivore,Forest,Canada,Riverside Zoo,LC,,0.3,13.77,95.1,8,0.64,Healthy,Y,53.34,19/07/2023
ZA-04662,hippopotamus,Hippopotamus amphibius,Mammal,Herbivore,Wetland,Tanzania,Highland Wildlife Reserve,VU,Female,,1220040 g,359.8,40,79.39,HEALTHY,No,185.03,08/09/2024
ZA-01043,Galapagos Tortoise,Chelonoidis niger,Reptile,Herbivore,Island,Ecuador,Highland Wildlife Reserve,VU,Female,15.1,142.94,95.8,100,5.93,Healthy,Yes,113.18,05/05/2024
ZA-03523,Cheetah,Acinonyx jubatus,Mammal,Carnivore,Savanna,KENYA,Highland Wildlife Reserve,vulnerable,Male,7.1,49.05,130.7,12,N/A,Healthy,Yes,$128.35,18 Nov 2023
ZA-03637,Bald Eagle,haliaeetus leucocephalus,Bird,Carnivore,Forest ,USA,Coastal Aquarium & Zoo,Least Concern,None,7.7,5.55,93.7 cm,25,0.26,Under Observation,Yes,108.91 USD,2024-06-20
ZA-01688,Asian Elephant,Elephas maximus,Mammal,Herbivore,Forest ,Sri Lanka,Riverside Zoo,EN,Male,N/A,4518.08,554.5,60,246.19,Healthy,Yes,$552.49,2022-02-03
ZA-04876,Komodo Dragon,Varanus komodoensis,Reptile,Carnivore,Forest,Indonesia,Riverside Zoo,EN,Male,8.9,57.93,265.4,30,1.98,under observation,Yes,163.95,26/01/2023
ZA-02672,Polar Bear,Ursus maritimus,Mammal,carnivore,Arctic,USA,Highland Wildlife Reserve,VU,Male,14.7,538.35,277.3,25,25.75,Healthy,Yes,$237.26,02-25-2025
ZA-03536,Green Sea Turtle,Chelonia mydas,Reptile,Herbivore,Ocean,Pakistan,Greenfield Sanctuary,Endangered,Male,18.3,140.37,106.9,80,6.78,Sick,Yes,352.0,2022-06-16
ZA-03581,Giant Panda,Ailuropoda melanoleuca,Mammal,Herbivore,Forest,China,  Coastal Aquarium & Zoo ,Vulnerable,female,2.0,42.04,117.6,20,2.1,Sick,Yes,209.79,07-16-2024
ZA-02659,King Cobra,Ophiophagus hannah,Reptile,Carnivore,FOREST,Thailand,Coastal Aquarium & Zoo,Vulnerable,Male,9.6,7.46,395.6,20,,Healthy,Yes,49.84,22/02/2025
ZA-04337,GREY WOLF,Canis lupus,Mammal,Carnivore,Forest,Russia,Highland Wildlife Reserve,Least Concern,Male,4.2,43.75,126.6,8,1.91,Healthy,No,65.37,2023-07-14
ZA-03896,Hippopotamus,Hippopotamus amphibius,Mammal,Herbivore,Wetland,Zambia,Riverside Zoo,VU,Male,21.5,1530.11,346.2,40,89.64,Sick,No,944.93,2024-04-23
ZA-03760,African Elephant,Loxodonta africana,Mammal,herbivore,Savanna,SOUTH AFRICA,Metro City Zoo,VU,Female,48.1,3950.78,NULL,60,250.39,Under Observation,Yes,1070.2,06 Sep 2022
ZA-02780,Giraffe,giraffa camelopardalis,Mammal,Herbivore,Savanna,Namibia,Safari Park North,vulnerable,M,13.4,1336.05,481.5,25,80.54,Under Observation,No,$878.97,2024-09-21
ZA-04746,Plains Zebra,Equus quagga,Mammal,Herbivore,Savanna,Tanzania,Highland Wildlife Reserve,Near Threatened,Female,3.7,266.08,184.1,25,15.77,Healthy,Yes,216.91,2022-09-07
ZA-02944,Lionn,Panthera leo,Mammal,Carnivore,Savanna,South Africa,Metro City Zoo,Vulnerable,Male,9.2,211.6,244.7,14,None,Healthy,Yes,188.63,2024-04-10
ZA-02863,Clownfish,Amphiprion ocellaris,Fish,Omnivore,Ocean,Australia,Safari Park North,LC,Female,6.4,0.02,9.1,8,0.0,Healthy,Yes,35.95,29 Mar 2023
ZA-03503,Brown Bear,Ursus arctos,Mammal,Omnivore,Forest,Canada,Metro City Zoo,Least Concern,Male,14.0,347.98,211.7,25,17.24,Healthy,Y,317.16,2024-07-09
ZA-00189,Tiger,Panthera tigris,Mammal,Carnivore,Forest,India,Highland Wildlife Reserve,EN,FEMALE,1.2,82.8,202.4,16,3.3,Injured,Yes,$422.57,"April 13, 2023"
ZA-04841,Golden Eagle,Aquila chrysaetos,Bird,Carnivore,Mountain,USA,Coastal Aquarium & Zoo,LC,Male,18.7,4.97,90.9,25,0.17,healthy,No,60.54 USD,06-25-2023
ZA-01223,Great White Shark,Carcharodon carcharias,Fish,Carnivore,Ocean,Australia,Riverside Zoo,Vulnerable,Female,42.8,888.96,479.4,70,30.49,Healthy,Yes,326.09,2025-07-12
ZA-04947,Cheetah,Acinonyx jubatus,Mammal,Carnivore,Savanna,  Namibia ,Riverside Zoo,VU,Male,,44.12,133.1,12,,Healthy,Yes,110.05,18 Mar 2024
ZA-01128,Green Sea Turtle,Chelonia mydas,Reptile,Herbivore,Ocean,Pakistan,Greenfield Sanctuary,Endangered,Female,60.2,151.95,112.4,80,7.44,Healthy,Y,N/A,01-11-2025
ZA-02300,Cheetah,Acinonyx jubatus,Mammal,Carnivore,Savanna,Namibia,Riverside Zoo,VU,Female,3.8,47.87,127.6,12,1.68,Healthy,Yes,$60.86,09-11-2022
ZA-01435,Bottlenose Dolphin,Tursiops truncatus,Mammal,Piscivore,Ocean,US,Riverside Zoo,LC,Male,8.7,166.13,294.9,40,8.79,Healthy,0,149.24,2023-01-17
ZA-02164,Plains Zebra,Equus quagga,Mammal,Herbivore,Savanna,Kenya,Coastal Aquarium & Zoo,NT,Female,10.0,335.3,214.8,25,18.75,Healthy,Yes,$192.25,29/11/2023
ZA-03252,Bald Eagle,Haliaeetus leucocephalus,Bird,Carnivore,Forest,Canada,Riverside Zoo,Least Concern,F,3.3,3.16,70.3,25,0.12,Healthy,1,93.14,17/09/2022
ZA-03815,Brown Bear ,Ursus arctos,Mammal,Omnivore,Forest,USA,Greenfield Sanctuary,LC,Female,21.3,295.95,212.7,25,15.69,Healthy,Yes,301.44,2024-03-23
ZA-00428,Snow Leopard,Panthera uncia,Mammal,Carnivore,Mountain,China,Greenfield Sanctuary,vulnerable,FEMALE,7.0,32.52,128.2,15,1.84,Healthy,0,93.88,2025-01-06
ZA-04351,Saltwater Crocodile,Crocodylus porosus,Reptile,Carnivore,Wetland,india,Metro City Zoo,Least Concern,Female,21.2,487.65,435.6,70,22.4,Under Observation,Yes,na,2022-07-10
ZA-00961,Red Kangaroo,Osphranter rufus,Mammal,Herbivore,Desert,Australia,Riverside Zoo,LC,Male,6.8,79.06,146.1,15,3.24,Healthy,1,103.4,2025-04-18
ZA-04356,Cheetah,Acinonyx jubatus,Mammal,Carnivore,Savanna,botswana,Safari Park North,VU,Male,5.6,37.62,133.8,12,1.61,Healthy,Yes,160.29,2023-11-27
ZA-02737,Bottlenose Dolphin,Tursiops truncatus,Mammal,Piscivore,Ocean,Australia,Metro City Zoo,Least Concern,Male,na,205.16,325.0,40,11.75,Under Observation,No,$339.30,2023-06-21
ZA-04635,Snow Leopard,Panthera uncia,Mammal,Carnivore,Mountain,Mongolia,Highland Wildlife Reserve,VU,Male,na,42.34,118.0,15,1.62,Healthy,Y,141.17 USD,10/02/2023
ZA-01689,Gorrila,Gorilla gorilla,Mammal,Herbivore,Forest,Gabon,Metro City Zoo,CR,Male,19.0,N/A,177.6,35,unknown,Healthy,True,$82.65,2023-07-03
ZA-00403,Grey Wolf,Canis lupus,  Mammal ,Carnivore,Forest,Russian Federation,Riverside Zoo,LC,Male,7.0 yrs,45.0,131.7,8,1.62,Healthy,No,$99.33,18/09/2024
ZA-02210,Bottlenose Dolphin,Tursiops truncatus,Mammal,Piscivore,,USA,Coastal Aquarium & Zoo,LC,F,12.8,178530 g,320.9,40,8.28,Healthy,No,150.29,2024-12-26
ZA-03808,Polar Bear,Ursus maritimus,Mammal,Carnivore,Arctic,Canada,Greenfield Sanctuary,VU,Male,10.2,515.14,243.6,25,21.3,Healthy,Yes,212.33,2023-01-01
ZA-01525,Red Kangaroo,Osphranter rufus,Mammal,Herbivore,Desert,Australia,Metro City Zoo,LC,F,11.6,65.97,132.4,15,3.75,Healthy,Yes,$153.34,2025-05-25
ZA-03970,Giant Panda,Ailuropoda melanoleuca,Mammal,Herbivore,Forest,  China ,Riverside Zoo,,Female,16.3,90.76,155.0,20,5.56,Under Observation,No,$182.66,2023-04-09
ZA-00673,Red-eyed Tree Frog,Agalychnis callidryas,Amphibian,insectivore,Forest,Costa Rica,GREENFIELD SANCTUARY,least concern,Female,4.0,0.01,6.5,5,0.0,Healthy,Yes,36.69,21/06/2023
ZA-03146,KOMODO DRAGON,Varanus komodoensis,Reptile,Carnivore,Forest,Indonesia,Greenfield Sanctuary,endangered,Male,24.6,74.98,266.1,30,2.7,Injured,Y,,2024-07-31
ZA-03590,Tiger,Panthera tigris,Mammal,Carnivore ,Forest,Russia,Safari Park North,EN,Male,10.0,228.76,303.4,16,10.96,Healthy,Yes,unknown,11-25-2022
ZA-00972,Red Kangaroo,Osphranter rufus,Mammal,HERBIVORE,Desert,Australia,Riverside Zoo,Least Concern,Male,1.1,37.83,105.1,15,2.42,Healthy,Y,unknown,30/04/2025
ZA-03599,Bottlenose Dolphin,Tursiops truncatus,Mammal,Piscivore,Ocean,Australia,Riverside Zoo,na,Female,23.0,155.45,292.7,40,7.55,Sick,Yes,246.19,2024-12-14
ZA-02639,Hippopotamus,Hippopotamus amphibius,Mammal,herbivore,Wetland,Zambia,Riverside Zoo,Vulnerable,Female,21.3,1197.61,334.5,40,76.58,Under Observation,No,601.26,23 Jul 2025
ZA-00055,Emperor Penguin,Aptenodytes forsteri,Bird,Piscivore,Arctic,Antarctica,Riverside Zoo,NEAR THREATENED,Male,8.3,-,119.0,20,1.67,Injured,No,139.87,2025-02-11
ZA-02982,Red Kangaroo,Osphranter rufus,Mammal,Herbivore,Desert,Australia,Greenfield Sanctuary,Least Concern,Female,2.2,43.86,115.2,15,2.85,Healthy,Yes,$132.28,2025-03-25
ZA-00172,Grey Wolf,Canis lupus,mammal,Carnivore,Forest,usa,Metro City Zoo,unknown,M,4.2,48.51,132.9,8,1.71,Injured,Yes,346.66,2024-08-10
ZA-03535,Black Rhinoceros,Diceros bicornis,Mammal,Herbivore,Savanna,Kenya,Highland Wildlife Reserve,Critically Endangered,N/A,,909.44,308.2,40,60.04,Healthy,NULL,328.72,09-06-2024
ZA-00474,Plains Zebra,equus quagga,  Mammal ,Herbivore,Savanna,Tanzania,Metro City Zoo,NT,Female,,346.83,220.2,25,25.62,Healthy,Yes,183.24,2024-04-27
ZA-04216,Asian Elephant,Elephas maximus,Mammal,Herbivore,Forest,India,Greenfield Sanctuary,Endangered,female,48.1,3304.29,524.8,60,203.06,Healthy,None,642.62,2024-04-11
ZA-02247,Saltwater Crocodile,Crocodylus porosus,Reptile,Carnivore,Wetland,Indonesia,Safari Park North,LC,Male,36.8,597.92,513.3,70,23.93,Injured,Yes,452.79,03-03-2023
ZA-01687,King Cobra,Ophiophagus hannah,Reptile,Carnivore,Forest,IND,Greenfield Sanctuary,VU,Male,13.4,7.19,427.3,20,0.28,Under Observation,Yes,136.27,2024-03-01
ZA-04542,Galapagos Tortoise,Chelonoidis niger,  Reptile ,Herbivore,Island,Ecuador,Safari Park North,VU,Male,68.8,262.72,129.9,100,18.78,Under Observation,Yes,231.87,13 May 2024
ZA-00251,Asian Elephant,Elephas maximus,Mammal,Herbivore,Forest,Sri Lanka,Highland Wildlife Reserve,EN,Female,None,2522.64,,60,146.11,Healthy,Yes,470.99,14/01/2024
ZA-00617,Giraffe,Giraffa camelopardalis,Mammal,Herbivore,Savanna,unknown,Safari Park North,VU,Female,7.6,1075.08,482.3,25,70.15,na,Yes,426.76,04/04/2022
ZA-04936,Red Kangaroo,Osphranter rufus,Mammal,herbivore,Desert,Australia,Coastal Aquarium & Zoo,LC,F,5.9,65.51,142.9,15,3.4,Healthy,Yes,123.77,03-13-2022
ZA-02714,Green Iguana,Iguana iguana,Reptile,Herbivore,Forest,Brazil,Riverside Zoo,LC,Male,10.0,4.25,147.8,15,0.3,Sick,Y,117.63,09-25-2024
ZA-01059,Cheetah,Acinonyx jubatus,Mammal,Carnivore,Savanna,Botswana,Riverside Zoo,vulnerable,male,7.0,NULL,128.5,12,2.52,Healthy,Yes,120.14,2024-04-08
ZA-04892,Nile Crocodile,Crocodylus niloticus,Reptile,Carnivore,Wetland,Tanzania,Safari Park North,LC,Male,18.4,378.8,518.3,70,15.86,Sick,0,363.01,23/07/2024
ZA-04948,Axolotl,Ambystoma mexicanum,Amphibian,Carnivore,Wetland,Mexico,Safari Park North,CR,F,5.3,0.21,24.3,12,0.01,Healthy,Y,50.64,07 Apr 2023
ZA-00329,Red-eyed Tree Frog,Agalychnis callidryas,Amphibian,Insectivore,unknown,Costa Rica,Coastal Aquarium & Zoo,LC,Female,1.8,na,6.4,5,0.0,Healthy,Y,26.6,13 Apr 2025
ZA-01671,Black Rhinoceros,Diceros bicornis,Mammal,Herbivore,Savanna,Kenya,Greenfield Sanctuary,Critically Endangered,Female,17.8,1062.75,315.2,40,69.0,SICK,N,622.4,08-30-2022
ZA-02734,Saltwater Crocodile,crocodylus porosus,Reptile,Carnivore,Wetland,Indonesia,Highland Wildlife Reserve,LC,Male,11.2,410.56,434.0,70,12.48,Healthy,Yes,None,10 Nov 2023
ZA-00211,King Cobra,Ophiophagus hannah,Reptile,Carnivore,Forest,Indonesia,N/A,na,Male,15.4,5.62,404.0,20,0.24,Healthy,Yes,unknown,2022-07-15
ZA-03344,Grey Wolf,Canis lupus,Mammal,Carnivore ,forest,USA,Greenfield Sanctuary,Least Concern,Male,5.3,41.89,138.5,8,1.86,Healthy,0,124.58,20/07/2022
ZA-00723,Snow Leopard,Panthera uncia,Mammal,  Carnivore ,Mountain,China,Riverside Zoo,VU,Female,6.4,34.21,125.7,15,1.29,Healthy,No,90.43,2022-03-06
ZA-01466,Komodo Dragon,Varanus komodoensis,Reptile,Carnivore,Forest,Indonesia,Greenfield Sanctuary,Endangered,Female,9.4,70.46 kg,256.5,0,2.38,Healthy,1,103.9,07-07-2024
ZA-02322,Red Kangaroo,Osphranter rufus,  Mammal ,Herbivore,Desert,Australia,Metro City Zoo,least concern,Male,4.6,74.37 kg,145.5,15,3.29,  Healthy ,Yes,$137.07,2023-11-14
ZA-01336,Emperor Penguin,Aptenodytes forsteri,Bird,Piscivore,Arctic,,Coastal Aquarium & Zoo,na,Male,three,9.8,76.8,500,0.5,Healthy,Yes,73.25,2024-06-26
ZA-03554,Asian Elephant,Elephas maximus,Mammal,Herbivore,Forest,India,Greenfield Sanctuary,Endangered,Male,25.6,3953.57,581.8,60,222.26,Healthy,Yes,433.38,27/12/2023
ZA-04621,axolotl,Ambystoma mexicanum,Amphibian,Carnivore,Wetland,None,Highland Wildlife Reserve,CR,female,6.9,0.15 kg,26.1,-1,0.01,Healthy,True,36.2,2023-07-14
ZA-00861,Giant Panda,Ailuropoda melanoleuca,Mammal,Herbivore,Forest,China,SAFARI PARK NORTH,Vulnerable,F,-,93.8,145.5,20,8.16,healthy,1,142.91,06/06/2023
ZA-00153,GREEN SEA TURTLE,Chelonia mydas,Reptile,Herbivore,Ocean,Pakistan,Greenfield Sanctuary,EN,Female,39.7,127.1,110.1,80,9.81,unknown,Yes,216.35,"December 31, 2022"
ZA-02070,Bottlenose Dolphin,Tursiops truncatus,Mammal ,Piscivore,Ocean,USA,Coastal Aquarium & Zoo,least concern,Female,15.4,222.72,289.5,40,13.55,Under Observation,Yes,305.49,12-09-2023
ZA-04355,Orangutan,Pongo pygmaeus,Mammal,Omnivore,Forest,Indonesia,Safari Park North,na,Female,23.6,61.4,108.3,35,2.87,Healthy,Yes,121.27,02 May 2022
ZA-03669,Komodo Dragon,Varanus komodoensis,Reptile,Carnivore,Forest,Indonesia,Coastal Aquarium & Zoo,Endangered,Male,8.2 yrs,67.53,255.0,30,2.53,Healthy,Yes,-,06-23-2022
ZA-03367,Polar Bear,Ursus maritimus,Mammal,Carnivore,Arctic,USA,Safari Park North,vulnerable,Male,13.5,633.04,259.5,25,30.16,UNDER OBSERVATION,True,556.43,08-21-2023
ZA-01916,Sea Otter,Enhydra lutris,Mammal,Carnivore,Ocean,USA,Safari Park North,EN,Female,5.7,28.2,124.2,15,1.25,Healthy,Yes,$83.16,2022-07-26
ZA-01344,Whale Shark,Rhincodon typus,Fish,Omnivore,Ocean,Australia,Coastal Aquarium & Zoo,EN,Female,9.2,6338.2,759.2,70,288.07,Healthy,Yes,1021.97,2025-03-04
ZA-04004,  Koala ,Phascolarctos cinereus,  Mammal ,Herbivore,Forest,Australia,Greenfield Sanctuary,VU,M,1.3,5.64,57.8,13,0.38,Healthy,,NULL,24/12/2023
ZA-01679,Green Sea Turtle,Chelonia mydas,Reptile,Herbivore,Ocean,Pakistan,Coastal Aquarium & Zoo,Endangered,Male,38.1,131.06,107.6,80,10.57,Healthy,Yes,104.03,16 May 2024
ZA-02680,Bottlenose Dolphin,Tursiops truncatus,Mammal,Piscivore,Ocean,Australia,Coastal Aquarium & Zoo,LEAST CONCERN,Female,8.1,140.99,258.1,40,8.59,Healthy,Y,$196.99,N/A
ZA-01570,Polar Bear,Ursus maritimus,Mammal,Carnivore,Arctic,Russia,Highland Wildlife Reserve,VU,None,4.6,379.47,232.6,25,12.57,healthy,1,142.39,2023-07-04
ZA-03445,  Komodo Dragon ,Varanus komodoensis,Reptile,Carnivore,-,Indonesia,Safari Park North,Endangered,Female,N/A,72.03,215.7,30,3.37,Healthy,Y,148.25,14 Oct 2022
ZA-03251,Peacock,Pavo cristatus,Bird,Omnivore,Forest,Pakistan,Riverside Zoo,Least Concern,F,8.1,5.04,182.9,20,0.21,Injured,No,-,2024-07-31
ZA-04559,Gorilla,Gorilla gorilla,Mammal,Herbivore,Forest,DR Congo,N/A,Critically Endangered,Male,24.5,189.26,168.0,35,9.11,Healthy,No,119.04,2024-10-31
ZA-01171,Green Sea Turtle,Chelonia mydas,Reptile,Herbivore,Ocean,Mexico,Greenfield Sanctuary,Endangered,Male,18.6,13319.0,113.2,80,9.71,Healthy,Yes,144.13,13/11/2022
ZA-03882,Hippopotamus,Hippopotamus amphibius,Mammal,Herbivore,Wetland,Tanzania,Coastal Aquarium & Zoo,VU,Female,22.5,1332.75,345.5,500,87.94,Healthy,NULL,329.85,2024-07-14
ZA-04443,Polar Bear,Ursus maritimus,Mammal,Carnivore,Arctic,Canada,Metro City Zoo,Vulnerable,Female,9.3,473.03,237.1,25,14.75,Healthy,Yes,$153.58,2024-12-19
ZA-01375,Nile Crocodile,Crocodylus niloticus,Reptile,  Carnivore ,Wetland,Kenya,Coastal Aquarium & Zoo,least concern,male,40.8,405.09,461.6,70,14.14,  Healthy ,Yes,241.17,03/06/2025
ZA-00701,LEOPARD,Panthera pardus,Mammal,Carnivore,Forest,India,Greenfield Sanctuary,VU,Male,,68.91,174.1,14,2.73,Healthy,Y,101.18,2022-01-28
ZA-02555,Axolotl,Ambystoma mexicanum,Amphibian,Carnivore,Wetland,Mexico,Safari Park North,Critically Endangered,female,7.8,0.2,23.7,12,0.01,Sick,0,71.02,26/08/2023
ZA-01543,Giant Panda,Ailuropoda melanoleuca,Mammal,Herbivore,Forest,China,Safari Park North,VU,Female,14.4,171.1 lbs,,20,6.22,Healthy,1,128.75,2023-01-09
ZA-00652,Brown Bear,Ursus arctos,Mammal,Omnivore,Forest,Canada,Greenfield Sanctuary,LC,Male,15.4,364.34,203.6,25,21.85,unknown,No,217.48,2023-11-29
ZA-01719,Axolotl,Ambystoma mexicanum,Amphibian,Carnivore,Wetland,Mexico,HIGHLAND WILDLIFE RESERVE,CR,Male,1.6,0.15,21.1,12,0.01,Sick,No,$95.51,2023-04-12
ZA-02118,Chimpanzee,Pan troglodytes,Mammal,Omnivore,Forest,Congo,Safari Park North,EN,male,31.7,52.64,87.3,40,2.47,Healthy,Yes,132.65,21/04/2025
ZA-03783,asian elephant,Elephas maximus,Mammal,Herbivore,Forest,Thailand,Riverside Zoo,EN,female,31.9,3124.56,594.6,60,180.71,Healthy,False,459.77,29 Jul 2023
ZA-01874,Snow Leopard,Panthera uncia,Mammal,Carnivore,Mountain,China,Riverside Zoo,VU,Male,2.5,34.53,119.4,15,1.31,Healthy,Yes,51.7,2022-02-24
ZA-03112,Hippopotamus,Hippopotamus amphibius,Mammal,Herbivore,Wetland,kenya,Metro City Zoo,Vulnerable,Male,26.9,1578.44,349.1,40,97.23,Injured,Yes,"1,285.82 USD",2025-08-19
ZA-00719,Red Kangaroo,Osphranter rufus,Mammal,Herbivore,Desert,Australia,Safari Park North,Least Concern,Female,,79.51,NULL,15,5.03,Healthy,No,153.26,03 Jul 2022
ZA-04714,Axolotl,Ambystoma mexicanum,Amphibian,Carnivore,Wetland,Mexico,Safari Park North,CR,M,9.1,0.25,24.9,12,0.01,Healthy,1,None,2025-06-22
ZA-01722,Grey Wolf,Canis lupus,Mammal,Carnivore,Forest,Canada,Safari Park North,Least Concern,Male,6.1,29.74,144.6,8,1.22,Healthy,Yes,$76.35,08/08/2024
ZA-00975,Cheetah,Acinonyx jubatus,Mammal,Carnivore,Savanna,Kenya,Greenfield Sanctuary,vulnerable,Male,8.5,59.44,135.7,12,2.59,Healthy,1,99.78,2024-01-20
ZA-00188,Emperor Penguin,aptenodytes forsteri,Bird,Piscivore,Arctic,N/A,Highland Wildlife Reserve,NT,FEMALE,14.5,26.94,111.8,20,1.09,Healthy,None,75.34,2023-01-12
ZA-02548,Red Kangaroo,Osphranter rufus,Mammal,Herbivore,Desert,Australia,Coastal Aquarium & Zoo,LC,Female,,83.26,140.8,15,4.96,Under Observation,,159.37,28/04/2024
ZA-02205,Grey Wolf,Canis lupus,Mammal,Carnivore,Forest,Russia,Highland Wildlife Reserve,LC,,1.3,28.91,117.6,8,1.44,Healthy,False,81.14,2024-05-01
ZA-04629,Giant Panda,Ailuropoda melanoleuca,Mammal,Herbivore,Forest,China,Coastal Aquarium & Zoo,VU,Female,11.3,74.71,134.9,20,4.14,Healthy,1,107.59,2022-08-26
ZA-03033,Komodo Dragon,Varanus komodoensis,Reptile,Carnivore,Forest,Indonesia,Coastal Aquarium & Zoo,EN,Female,8.7,146.9 lbs,262.4,30,3.08,Under Observation,Yes,$193.52,06/05/2025
ZA-00222,Giraffe,Giraffa camelopardalis,Mammal,Herbivore,Savanna,Kenya,Riverside Zoo,Vulnerable,male,8.1,1489.2,474.7,25,89.7,Healthy,Yes,295.25 USD,18/05/2022
ZA-02462,Whale Shark,Rhincodon typus,Fish,Omnivore,Ocean,Mexico,Greenfield Sanctuary,EN,MALE,33.9,7890.8,1064.7,70,249.56,Injured,Yes,1552.47,2024-10-01
ZA-01775,Sea Otter,Enhydra lutris,Mammal,Carnivore,Ocean,Canada,Highland Wildlife Reserve,ENDANGERED,Female,1.2,12.36,80.6,15,0.62,Injured,Y,143.84,2025-05-12
ZA-00306,Great White Shark,Carcharodon carcharias,Fish,Carnivore,Ocean,Australia,Highland Wildlife Reserve,Vulnerable,Female,NULL,971.87,467.0,70,39.2,Healthy,No,388.51,2022-12-11
ZA-00371,Emperor Penguin,Aptenodytes forsteri,Bird,Piscivore,Arctic,Antarctica,Greenfield Sanctuary,NT,Female,12.4,33.33,109.3,20,1.58,Healthy,Yes,106.01,20/06/2025
ZA-01078,giant panda,Ailuropoda melanoleuca,Mammal,Herbivore,Forest,China,METRO CITY ZOO,VU,Female,5.9,215.0 lbs,NULL,20,7.27,Healthy,Yes,N/A,2025-04-27
ZA-02013,Galapagos Tortoise,Chelonoidis niger,Reptile,Herbivore,Island,Ecuador,Highland Wildlife Reserve,Vulnerable,Female,15.6,159.57,98.3,100,None,Healthy,Y,189.34,2022-03-21
ZA-04891,Emperor Penguin,aptenodytes forsteri,Bird,Piscivore,Arctic,Antarctica,Coastal Aquarium & Zoo,NT,Male,7.5,29.89,112.4,20,1.63,Under Observation,Yes,165.95,2022-04-15
ZA-01701,Brown Bear,Ursus arctos,Mammal,Omnivore,Forest,Russia,Greenfield Sanctuary,LC,F,15.9,283.65,209.7,25,11.68,HEALTHY,Yes,237.69,"November 22, 2022"
ZA-01062,Nile Crocodile,Crocodylus niloticus,Reptile,Carnivore,Wetland,Kenya,Greenfield Sanctuary,LC,Male,18.1,355.68,455.4,70,10.75,Injured,Yes,486.12,16/04/2024
ZA-02805,Bald Eagle,Haliaeetus leucocephalus,Bird,Carnivore,Forest,USA,Riverside Zoo,Least Concern,Female,21.2,10.4 lbs,79.1,25,0.16,Healthy,Y,62.08,01/12/2022
ZA-04265,Leopard,Panthera pardus,Mammal,Carnivore,Forest,IND,Safari Park North,VU,Male,11.3,58.01,162.0,14,2.22,HEALTHY,No,87.9,2022-10-23
ZA-01737,Orangutang,Pongo pygmaeus,Mammal,Omnivore,Forest,Malaysia,Greenfield Sanctuary,Critically Endangered,F,10.3,65.07,99.8,35,3.11,Healthy,Yes,$83.47,07-23-2022
ZA-01186,Red Kangaroo,Osphranter rufus,Mammal,Herbivore,Desert,Australia,Safari Park North,Least Concern,Male,6.6,89.93,137.3,15,4.69,Healthy,Yes,140.59,2023-03-05
ZA-04285,Sea Otter,Enhydra lutris,Mammal,Carnivore,Ocean,USA,Safari Park North,endangered,Male,4.4,29.67 kg,130.1,15,1.08,Healthy,No,115.46,09-25-2024
ZA-01550,Grey Wolf,Canis lupus,Mammal,Carnivore,Forest,USA,Safari Park North,least concern,Female,1.2,26.34,111.8,8,0.99,Healthy,Yes,87.23,2025-08-19
ZA-04360,Nile Crocodile,Crocodylus niloticus,Reptile,Carnivore,Wetland,Kenya,Safari Park North,LC,Male,11.5,289.53,428.5,70,11.11,Healthy,Yes,118.15,2025-08-09
ZA-00532,Koala,Phascolarctos cinereus,Mammal,Herbivore,Forest,Australia,Highland Wildlife Reserve,VU,Female,8.2,9.11,76.0,13,0.65,Healthy,Yes,$124.29,23/10/2024
ZA-03748,Hippopotamus,Hippopotamus amphibius,Mammal,Herbivore,Wetland,Zambia,Metro City Zoo,VU,F,26.5,1467.53,335.2,40,81.81,Healthy,Yes,na,2023-05-23
ZA-04579,Bottlenose Dolphin,Tursiops truncatus,Mammal,Piscivore,Ocean,Australia,Coastal Aquarium & Zoo,LC,Female,20.7,187.35,279.0,40,8.11,Healthy,No,161.44,2022-03-09
ZA-03936,Lion,Panthera leo,Mammal,Carnivore,savanna,Tanzania,Greenfield Sanctuary,Vulnerable,Male,6.4,-,242.2,14,7.66,  Under Observation ,Yes,345.23,2023-07-24
ZA-01833,Clownfish,Amphiprion ocellaris,Fish,Omnivore,Ocean,Indonesia,Metro City Zoo,LC,male,4.5,0.02,9.4,8,0.0,healthy,Yes,46.96,2025-07-08
ZA-01661,Clownfish,Amphiprion ocellaris,Fish,Omnivore,Ocean,Australia,Metro City Zoo,Least Concern,FEMALE,4.7,0.02,8.6 cm,8,0.0,Under Observation,Y,NULL,18/04/2024
ZA-00742,Red Kangaroo,Osphranter rufus,Mammal,Herbivore,Desert,Australia,Safari Park North,LC,FEMALE,12.0,57.94,135.5,15,3.38,Healthy,Yes,109.23,2025-08-06
ZA-00736,Golden Eagle,Aquila chrysaetos,Bird,Carnivore,Mountain,Mongolia,Greenfield Sanctuary,LC,Male,10.7,6.01,85.9,25,0.21,Healthy,Y,$62.66,2022-01-17
ZA-01108,Koala,Phascolarctos cinereus,Mammal,Herbivore,Forest,Australia,RIVERSIDE ZOO,VU,Female,6.8,7.66,na,13,unknown,Injured,Yes,139.55,2022-04-10
ZA-00962,Snow Leopard,Panthera uncia,Mammal,Carnivore,MOUNTAIN,Pakistan,HIGHLAND WILDLIFE RESERVE,Vulnerable,Male,11.8,38.37,138.6,15,1.17,Healthy,N,$69.50,2023-03-23
ZA-03574,Golden Eagle,Aquila chrysaetos,Bird,Carnivore,Mountain,Mongolia,Greenfield Sanctuary,LC,Female,,4.09,82.3,25,na,Healthy,Yes,,2022-10-24
ZA-04306,Saltwater Crocodile,Crocodylus porosus,Reptile,Carnivore,Wetland,India,Safari Park North,Least Concern,Male,52.5,422.49,500.0,70,23.37,Healthy,Y,290.4,2022-10-10
ZA-01641,GREEN SEA TURTLE,Chelonia mydas,Reptile,Herbivore,Ocean,Australia,Metro City Zoo,Endangered,Female,15.2,91.95 kg,na,80,4.94,Healthy,N,$92.82,2024-05-12
ZA-04164,Komodo Dragon,Varanus komodoensis,Reptile,Carnivore,Forest,Indonesia,Coastal Aquarium & Zoo,Endangered,F,6.1,128.1 lbs,220.1,30,1.78,Healthy,No,83.31,10 Feb 2022
ZA-03688,Peacock,Pavo cristatus,Bird,Omnivore,Forest,Sri Lanka,Highland Wildlife Reserve,LC,Female,10.2,4.84,195.9,20,0.21,Healthy,Yes,55.91,26/07/2022
ZA-01901,Red Kangaroo,Osphranter rufus,Mammal,Herbivore,Desert,Australia,HIGHLAND WILDLIFE RESERVE,Least Concern,Male,11.1,80.03,132.6,15,4.61,Under Observation,Yes,188.1,2024-11-19
ZA-03605,Saltwater Crocodile,Crocodylus porosus,Reptile,Carnivore,Wetland,India,Riverside Zoo,LC,Male,49.1,429.81,488.8,70,16.13,Healthy,Yes,$250.84,06/09/2022
ZA-02743,Hippopotamus,Hippopotamus amphibius,Mammal,Herbivore,Wetland,Zambia,Safari Park North,VU,FEMALE,18.5,1376.49,319.6,40,72.06,Under Observation,Yes,647.22,15/11/2022
ZA-03553,Tiger,Panthera tigris,Mammal,Carnivore,Forest,IND,Greenfield Sanctuary,Endangered,Female,na,139.0,218.4,16,6.36,Healthy,No,175.57,2022-03-01
ZA-00184,Giraffe,Giraffa camelopardalis,Mammal,Herbivore,Savanna,Namibia,Coastal Aquarium & Zoo,VU,Male,1.7,585.2,358.1,25,35.54,Under Observation,Yes,483.89,01-07-2022
ZA-03826,Bald Eagle,Haliaeetus leucocephalus,Bird,Carnivore,  Forest ,United States,Metro City Zoo,Least Concern,Female,19.1,4.34 kg,86.3,25,0.18,Healthy,N,41.47,05-09-2022
ZA-02461,Flamingo,Phoenicopterus roseus,Bird,OMNIVORE,Wetland,India,Highland Wildlife Reserve ,LC,Male,13.5,2.72,121.3,30,NULL,Under Observation,Yes,$93.98,25/03/2024
ZA-00758,Komodo Dragon,Varanus komodoensis,Reptile,Carnivore,Forest,indonesia,Safari Park North,EN,male,18.8,169.4 lbs,247.6,30,2.79,Healthy,Yes,90.61,31/03/2025
ZA-04127,Gorrila,Gorilla gorilla,Mammal,Herbivore,Forest,Gabon,Riverside Zoo,critically endangered,Female,10.2,161.0,153.2,35,8.62,Healthy,N,138.01,2024-07-12
ZA-04204,Peacock,Pavo cristatus,Bird,Omnivore,Forest,SRI LANKA,Coastal Aquarium & Zoo,Least Concern,FEMALE,13.8,4.28,206.4,20,0.19,Healthy,N,125.93,25/10/2023
ZA-03725,Nile Crocodile,Crocodylus niloticus,Reptile,Carnivore,Wetland,Kenya,Highland Wildlife Reserve,LC,F,41.6,328.21,434.8,70,13.93,Healthy,Yes,$194.33,2024-03-08
ZA-03028,Komodo Dragon,Varanus komodoensis,Reptile,Carnivore,Forest,Indonesia,Riverside Zoo,EN,Male,9.7,81.44,259.2,30,3.89,Healthy,Yes,157.37,2023-11-26
ZA-02667,Brown Bear,Ursus arctos,Mammal,Omnivore,Forest,Russia,,LC,F,None,311.29,192.3,25,18.04,Healthy,No,283.34,2024-08-02
ZA-02502,Hipopotamus,Hippopotamus amphibius,Mammal,Herbivore,Wetland,Zambia,Greenfield Sanctuary,VU,Female,22.2,1478.78,319.9,40,86.81,Healthy,Yes,391.79,2023-02-18
ZA-02336,king cobra,Ophiophagus hannah,Reptile,Carnivore,Forest,India,Coastal Aquarium & Zoo,VU,Male,11.2,7.83,393.7,20,0.3,Healthy,1,50.36,2022-09-25
ZA-01423,Plains Zebra,Equus quagga,Mammal,Herbivore,Savanna,BOTSWANA,Highland Wildlife Reserve,NT,Male,10.9,397.64,236.7,25,27.09,Healthy,Yes,$281.14,2022-11-11
ZA-04759,Saltwater Crocodile,Crocodylus porosus,Reptile,Carnivore,Wetland,Australia,Coastal Aquarium & Zoo,LC,Male,33.5,491.69,N/A,70,N/A,Healthy,Yes,$315.33,2024-02-01
ZA-04471,Bottlenose Dolphin,tursiops truncatus,Mammal,Piscivore,Ocean,USA,Riverside Zoo,LC,Male,27.7,181.28,302.8,40,-,Sick,No,,22/05/2023
ZA-04600,Grey Wolf,Canis lupus,Mammal,Carnivore,Forest,USA,  Coastal Aquarium & Zoo ,LC,F,5.0,42.1,131.1,8,1.55,Healthy,Yes,131.31,2023-07-07
ZA-01675,Saltwater Crocodile,Crocodylus porosus,Reptile,Carnivore,Wetland,Indonesia,Coastal Aquarium & Zoo,least concern,Male,32.7,474.98,515.5,70,17.51,Healthy,No,188.79,2022-12-14
ZA-03595,Lion,panthera leo,Mammal,Carnivore,Savanna,South africa,Riverside Zoo,VU,Male,10.7,236.69,255.1,14,7.8,Healthy,Yes,199.29,2022-05-31
ZA-02346,Clownfish,Amphiprion ocellaris,Fish,Omnivore,Ocean,Australia,Greenfield Sanctuary,Least Concern,Female,6.2,0.02,9.3,8,0.0,Healthy,Yes,31.85,2025-08-04
ZA-04656,Gorilla,Gorilla gorilla,Mammal ,Herbivore,Forest,Congo,Greenfield Sanctuary,critically endangered,Female,19.4,130.82,164.6,35,7.99,Sick,Yes,206.12,2023-06-19
ZA-02937,Peacock,Pavo cristatus,Bird,Omnivore,Forest,Sri Lanka,Coastal Aquarium & Zoo,LC,Female,,5.04,201.2,20,0.19,Sick,Y,150.14,12/08/2024
ZA-04101,Bottlenose Dolphin,Tursiops truncatus,Mammal,Piscivore,Ocean,USA,Greenfield Sanctuary,LC,Female,6.4,114.64,245.6,40,6.07,Healthy,Yes,165.2,"June 01, 2023"
ZA-04075,giant panda,Ailuropoda melanoleuca,Mammal,Herbivore,Forest,China,Safari Park North,VU,Male,5.6,93.84,154.3,20,na,Healthy,Yes,NULL,2023-08-29
ZA-02845,Brown Bear,Ursus arctos,Mammal,  Omnivore ,Forest,Canada,Metro City Zoo,LC,Female,20.5,305.1,197.9,25,12.88,Healthy,No,$284.34,26/06/2024
ZA-04905,Nile Crocodile,Crocodylus niloticus,Reptile,Carnivore,Wetland,Zambia,Highland Wildlife Reserve,LC,Male,30.5,480.92,508.7,70,17.99,Healthy,Yes,$175.43,26/02/2022
ZA-00230,Lion,Panthera leo,Mammal,Carnivore,Savanna,Kenya,Highland Wildlife Reserve,vulnerable,Male,5.0,210.57,279.0,14,7.37,Healthy,No,146.08,2024-10-07
ZA-01245,Great White Shark,Carcharodon carcharias,Fish,Carnivore,Ocean,South Africa,Highland Wildlife Reserve,VU,MALE,27.1,1187.68,545.0,70,35.27,Under Observation,1,458.11,13/07/2025
ZA-03746,Whale Shark,Rhincodon typus,Fish,Omnivore,Ocean,Australia,SAFARI PARK NORTH,Endangered,Female,15.1,7087.35,923.4,70,335.24,Healthy,Yes,720.37,2024-01-31
ZA-02972,Saltwater Crocodile,Crocodylus porosus,Reptile,Carnivore,Wetland,Indonesia,Riverside Zoo,LC,M,2.6,126.41,357.8,70,4.56,Sick,Yes,213.94,10 Jan 2023
ZA-01243,Emperor Penguin,Aptenodytes forsteri,Bird,Piscivore,Arctic,Antarctica,Highland Wildlife Reserve,NT,None,9.4,41.38,118.3,20,2.11,Injured,Yes,242.77,2024-05-30
ZA-03546,Black Rhinoceros,Diceros bicornis,Mammal,Herbivore,Savanna,Kenya,Greenfield Sanctuary,CR,Male,7.8,None,345.1,40,37.81,Under Observation,-,$524.34,2023-11-17
ZA-01142,Tiger,Panthera tigris,Mammal,Carnivore,Forest,Indonesia,  Greenfield Sanctuary ,EN,Female,7.6,190.1,285.1,16,6.84,Under Observation,Yes,303.3,2022-10-09
ZA-00761,PLAINS ZEBRA,Equus quagga,Mammal,Herbivore,Savanna,Tanzania,Metro City Zoo,Near Threatened,Female,9.8,305.59,214.9,25,19.51,,Yes,162.63,2025-08-09
ZA-02305,Lion,Panthera leo,Mammal,Carnivore,SAVANNA,South Africa,Metro City Zoo,None,Female,,152.44,218.2,14,5.59,Healthy,Yes,$149.69,2023-02-09
ZA-03458,Gorilla,Gorilla gorilla,Mammal,Herbivore,Forest,Uganda,Safari Park North,CR,M,13.5,141.6,179.6,35,8.24,Healthy,Yes,164.96,2024-05-06
ZA-03587,Flamingoe,Phoenicopterus roseus,Bird,Omnivore,-,india,Riverside Zoo,LC,MALE,9.2,3.75,unknown,30,0.21,Healthy,Y,53.52,2023-07-15
ZA-01016,Axolotl,Ambystoma mexicanum,Amphibian,CARNIVORE,Wetland,Mexico,Greenfield Sanctuary,CR,female,6.0,0.17,21.7,12,0.01,Healthy,Yes,$41.54,2023-08-05
ZA-03644,Cheeta,Acinonyx jubatus,Mammal,Carnivore,Savanna,NAMIBIA,Greenfield Sanctuary,vulnerable,male,9.8,70.36 kg,117.7,12,3.37,Healthy,True,129.25,25/01/2025
ZA-01645,Polar Bear,Ursus maritimus,Mammal,  Carnivore ,Arctic,Canada,Metro City Zoo,VU,Female,12.4,386.77,-,25,14.23,healthy,No,282.05,2023-02-27
ZA-03472,Clownfish,Amphiprion ocellaris,Fish,Omnivore,Ocean,Australia,Metro City Zoo,Least Concern,Male,5.1,0.02,9.5,8,0.0,Sick,Yes,71.06,05/01/2022
ZA-04000,  Orangutan ,Pongo pygmaeus,Mammal,Omnivore,Forest,Indonesia,Metro City Zoo,critically endangered,Female,20.4,75.3,107.3,35,2.58,Healthy,True,$183.66,02/08/2022
ZA-00986,Great White Shark,Carcharodon carcharias,Fish,Carnivore,Ocean,Australia,Safari Park North,VU,None,42.0,1504.78,469.3,70,59.43,HEALTHY,Yes,436.09 USD,01-11-2024
ZA-01538,Clownfish,Amphiprion ocellaris,Fish,Omnivore,Ocean,Australia,Riverside Zoo ,Least Concern,Female,5.2,0.02,8.8,8,0.0,Injured,No,74.64,
ZA-03195,Snow Leopard,Panthera uncia,Mammal,Carnivore,Mountain,China,Safari Park North,Vulnerable,Male,7.2,47.09,136.6,15,2.27,Healthy,Yes,191.15,08/08/2023
ZA-00707,Chimpanzee,Pan troglodytes,Mammal,Omnivore,Forest,DRC,Riverside Zoo,EN,Male,29.8,na,86.5,40,3.19,Healthy,Yes,85.93,04-12-2024
ZA-02135,Bald Eagle,Haliaeetus leucocephalus,Bird,Carnivore,Forest,Canada,Greenfield Sanctuary,least concern,Male,9.7,5.12 kg,80.7,25,0.19,Healthy,Yes,68.53,22/06/2025
ZA-03180,Giant Panda,Ailuropoda melanoleuca,Mammal,Herbivore,Forest,China,Coastal Aquarium & Zoo,Vulnerable,Female,8.4,93.43,142.6,20,4.85,Healthy,Yes,113.19,28 Nov 2024
za-04801,Chimpanzee,Pan troglodytes,Mammal,Omnivore,Forest,Tanzania,Safari Park North,EN,FEMALE,16.0,99999.0,85.6,40,2.22,Healthy,Yes,None,2025-09-10
ZA-03060,Whale Shark,Rhincodon typus,Fish,Omnivore,Ocean,Pakistan,Greenfield Sanctuary,Endangered,F,35.5,7751.81,945.8,70,268.09,Injured,Yes,"1,647.58 USD",2022-02-26
ZA-00665,Bald Eagle,Haliaeetus leucocephalus,Bird,Carnivore,Forest,Canada,Greenfield Sanctuary,LC,Female,14.1,4.76,86.0,25,0.18,Healthy,True,97.97,19/04/2025
ZA-01236,Grey Wolf,Canis lupus,Mammal,Carnivore,None,Russian Federation,Safari Park North,Least Concern,Male,,27.49,107.3,8,1.11,Under Observation,N,175.6,2023-12-06
ZA-01777,Red Kangaroo,Osphranter rufus,Mammal,Herbivore,Desert,AUSTRALIA,Coastal Aquarium & Zoo,LC,Male,10.0,80.43,145.0,15,,Healthy,Yes,,2022-05-17
ZA-01258,Komodo Dragon,Varanus komodoensis,Reptile,Carnivore,Forest,Indonesia,unknown,EN,Female,23.2,,259.3,30,2.05,healthy,Yes,137.69,2025-04-20
ZA-03687,Polar Bear,Ursus maritimus,Mammal,Carnivore,ARCTIC,US,Riverside Zoo,VU,F,13.2,410.08,na,25,,HEALTHY,True,317.63,2024-06-13
ZA-02154,Golden Eagle,Aquila chrysaetos,Bird,Carnivore,Mountain,Mongolia,Riverside Zoo,Least Concern,M,9.4,4.51,85.3,25,0.16,Healthy,No,NULL,08-23-2025
ZA-01490,Giraffe,Giraffa camelopardalis,Mammal,Herbivore,,Tanzania,highland wildlife reserve,Vulnerable,Female,16.0,1001.1,436.1,25,58.4,injured,None,677.17,10-24-2024
ZA-01966,Koala,Phascolarctos cinereus,Mammal,Herbivore,Forest,Australia,Greenfield Sanctuary,Vulnerable,Female,4.4,7.32,77.5,13,0.46,Injured,Yes,$176.84,2022-12-26
ZA-03710,Tiger,Panthera tigris,Mammal,Carnivore,Forest,Russia,Greenfield Sanctuary,endangered,Male,5.7,2771.8,308.5,16,9.88,healthy,No,318.52,2022-02-10
ZA-01527,African Elephant,Loxodonta africana,Mammal,Herbivore,Savanna,Tanzania,Metro City Zoo,VU,F,36.0,4247.89,628.4,60,180.14,Healthy,True,796.99,2023-07-03
ZA-02204,Black Rhinoceros,Diceros bicornis,Mammal,Herbivore,Savanna,South Africa,Coastal Aquarium & Zoo,Critically Endangered,Male,11.1,1273.61,375.4,40,,Healthy,Yes,393.36,2022-06-21
ZA-00181,Koala,Phascolarctos cinereus,Mammal,Herbivore,Forest,Australia,Safari Park North,VU,Female,7.6,7.41,76.9,13,0.39,Healthy,No,NULL,24/04/2022
ZA-01626,Galapagos Tortoise,Chelonoidis niger,Reptile,Herbivore,island,Ecuador,Metro City Zoo,VULNERABLE,Male,36.5,323120 g,124.2,100,16.78,Healthy,Y,184.46,2024-05-27
ZA-01954,Red Kangaroo,Osphranter rufus,Mammal,Herbivore,Desert,Australia,Riverside Zoo,LC,Female,2.8,na,122.0,15,3.92,Healthy,No,$93.68,11 Jan 2023
ZA-02044,Flamingo,Phoenicopterus roseus,bird,Omnivore,Wetland,  Spain ,Greenfield Sanctuary,LC,Male,7.6,2.92,127.0,30,0.13,Healthy,N,53.94,23/04/2022
ZA-00597,Peacock,Pavo cristatus,Bird,Omnivore,Forest,Sri Lanka,Metro City Zoo,Least Concern,Male,1.0,2.1,133.3,20,0.08,Healthy,1,88.18,2025-01-14
ZA-04475,Giraffe,Giraffa camelopardalis,Mammal,Herbivore,Savanna,Namibia,Highland Wildlife Reserve,vulnerable,Female,17.1,1275.21,N/A,25,86.38,Healthy,Y,348.5,2024-10-21
ZA-02750,Galapagos Tortoise,Chelonoidis niger,Reptile,Herbivore,Island,Ecuador,Coastal Aquarium & Zoo,VU,Male,22.1,220.84,115.1,100,15.9,Healthy,No,174.28,2023-12-28
ZA-04353,Ostrich,Struthio camelus,Bird,Omnivore,Savanna,Namibia,Coastal Aquarium & Zoo,Least Concern,Female,25.4,unknown,218.9,40,4.68,Healthy,Yes,136.63,2023-05-23
ZA-00432,Leopard,Panthera pardus,Mammal,Carnivore,Forest,India,Safari Park North,VU,Female,2.6,38.79,147.1,14,1.62,Under Observation,Yes,na,21/06/2022
ZA-01832,Clownfish,Amphiprion ocellaris,Fish,Omnivore,Ocean,Philippines,unknown,Least Concern,Female,3.3,0.02,9.0,8,0.0,Healthy,Yes,45.42,"September 22, 2022"
ZA-00677,Tiger,Panthera tigris,Mammal,Carnivore,Forest,Indonesia,Highland Wildlife Reserve,EN,F,4.6,199.12,269.3,16,8.8,Healthy,Y,$114.47,2025-09-05
ZA-02248,Grey Wolf,Canis lupus,Mammal,Carnivore,Forest,Canada,Safari Park North,Least Concern,Female,-,48.11,123.3,8,1.78,Healthy,Yes,113.17,04/11/2024
ZA-02428,Golden Eagle,Aquila chrysaetos,Bird,Carnivore,Mountain,Pakistan,Greenfield Sanctuary,Least Concern,F,10.7,4.70 kg,84.7,25,0.17,Healthy,Yes,$91.39,2024-07-31
ZA-04106,Asian Elephant,Elephas maximus,Mammal,Herbivore,Forest,NULL,Greenfield Sanctuary,Endangered,na,unknown,3538.18,536.8,60,227.86,Healthy,Yes,813.09,2025-06-07
ZA-00666,Nile Crocodile,Crocodylus niloticus,Reptile,CARNIVORE,Wetland,Kenya,Highland Wildlife Reserve,Least Concern,Female,16.7,330.59,415.0,70,15.55,Healthy,No,196.03,22/03/2024
ZA-04871,Red Kangaroo,Osphranter rufus,Mammal,Herbivore,Desert,Australia,Metro City Zoo,least concern,Male,6.1,,143.6,15,,Under Observation,Yes,224.79,04-05-2022
ZA-01096,Red Kangaroo,Osphranter rufus,Mammal,Herbivore,Desert,  Australia ,Greenfield Sanctuary,Least Concern,Male,7.2,72.01,148.4,15,5.5,Injured,No,366.75,2025-08-15
ZA-03795,Orangutang,Pongo pygmaeus,Mammal,  Omnivore ,Forest,Malaysia,Safari Park North,Critically Endangered,Female,16.0,84.41,105.9,35,3.08,Healthy,No,119.93,03/04/2023
ZA-04587,Plains Zebra,Equus quagga,Mammal,Herbivore,Savanna,Botswana,Coastal Aquarium & Zoo,NT,Female,6.8,323.1,231.0,25,None,Healthy,1,165.71,08-06-2023
ZA-02547,Cheetah,Acinonyx jubatus,Mammal,Carnivore,Savanna,Kenya,Highland Wildlife Reserve,VU,Male,4.8,-,144.6,12,2.21,Healthy,Yes,94.55,2023-10-11
ZA-04261,Peacock,Pavo cristatus,Bird,Omnivore,Forest,Sri Lanka,Highland Wildlife Reserve,LC,Male,13.0,10.9 lbs,216.6,20,0.2,Healthy,No,38.08 USD,12-14-2023
ZA-03839,Chimpanzee,Pan troglodytes,Mammal,Omnivore,Forest,Uganda,Metro City Zoo,endangered,male,10.5,57.48,95.7,40,3.27,Under Observation,No,286.59,2023-10-13
ZA-04082,Green Iguana,Iguana iguana,Reptile,Herbivore,Forest,Mexico,Riverside Zoo,Least Concern,Female,,4.61,N/A,15,0.34,Healthy,Yes,64.02,2022-05-13
ZA-02579,Red-eyed Tree Frog,Agalychnis callidryas,Amphibian,Insectivore,Forest,Mexico,Metro City Zoo,LC,Male,two,0.0 lbs,7.2,5,0.0,  Healthy ,No,$32.42,12 Jul 2024
ZA-01277,African Elephant,Loxodonta africana,Mammal,Herbivore,Savanna,Kenya,Highland Wildlife Reserve,VU,Male,,4052.83,579.9,60,292.01,Healthy,Yes,$653.06,2022-01-05
ZA-00767,cheetah,Acinonyx jubatus,Mammal,Carnivore,Savanna,Kenya,safari park north,vulnerable,Female,3.3,44.76,138.6,12,2.52,Under Observation,Yes,$97.79,N/A
ZA-00133,Great White Shark,Carcharodon carcharias,Fish,Carnivore,Ocean,Australia,Highland Wildlife Reserve,VU,Female,21.1,746.89,486.7,70,28.78,Healthy,-,302.77,14/08/2025
ZA-04050,Tiger,Panthera tigris,Mammal,Carnivore,Forest,Indonesia,Highland Wildlife Reserve,EN,FEMALE,5.3,211.21,263.9,16,8.98,Healthy,Yes,77.51,09-05-2023
ZA-04688,Golden Eagle,Aquila chrysaetos,Bird,Carnivore,Mountain,Mongolia,Safari Park North,LC,Male,10.9,4.84,97.1 cm,25,0.17,Healthy,unknown,$70.13,"June 05, 2025"
ZA-03222,Lion ,Panthera leo,Mammal,Carnivore,Savanna,tanzania,Metro City Zoo,VU,Female,9.3,166.39,235.5,14,5.99,Healthy,Yes,152.71,2022-09-22
ZA-03046,Grey Wolf,Canis lupus,Mammal,Carnivore,Forest,United States,Greenfield Sanctuary,LC,Female,unknown,37.16,135.6,8,1.47,Under Observation,Yes,$224.35,17/04/2023
ZA-01748,KING COBRA,Ophiophagus hannah,Reptile,Carnivore,Forest ,Thailand,Metro City Zoo,VULNERABLE,Male,10.7,11.8 lbs,438.2,20,0.24,Healthy,Yes,unknown,06/07/2025
ZA-02144,BOTTLENOSE DOLPHIN,Tursiops truncatus,Mammal,Piscivore,Ocean,USA,Metro City Zoo,Least Concern,NULL,19.9,193.45,294.4,40,10.31,Under Observation,Y,$396.96,25/06/2024
ZA-03567,polar bear,Ursus maritimus,Mammal,Carnivore,Arctic,Russian Federation,Safari Park North,vulnerable,Female,7.6,na,,25,14.38,Healthy,Yes,170.42,20/08/2024
ZA-03405,Plains Zebra,Equus quagga,Mammal,Herbivore,Savanna,Tanzania,Highland Wildlife Reserve,near threatened,Female,6.7,337.43,221.8,25,28.16,Sick,Yes,None,2023-07-14
ZA-02961,Golden Eagle,Aquila chrysaetos,Bird,Carnivore,Mountain,Pakistan,COASTAL AQUARIUM & ZOO,Least Concern,Male,17.5,N/A,87.3,25,0.21,Under Observation,True,139.18,2025-06-08
ZA-02732,Green Iguana,Iguana iguana,Reptile,Herbivore,Forest,brazil,Greenfield Sanctuary,Least Concern,FEMALE,6.8,na,133.4,15,0.28,Sick,Yes,124.9,22/06/2023
ZA-03127,Cheetah,Acinonyx jubatus,Mammal,Carnivore,Savanna,Kenya,Highland Wildlife Reserve,VU,Female,3.5,52.7,126.7,12,2.6,Injured,,235.26,2023-09-21
ZA-01407,Sea Otter,Enhydra lutris,Mammal,Carnivore,Ocean,Canada,N/A,Endangered,Male,11.0,46.1 lbs,132.6,15,0.94,Healthy,Yes,84.67,2022-09-28
ZA-00427,Great White Shark,Carcharodon carcharias,Fish,Carnivore,Ocean,Australia,Metro City Zoo,Vulnerable,MALE,34.5,1246.66,533.2,70,44.55,Healthy,Yes,496.93,2024-04-11
ZA-01210,Tiger,Panthera tigris,Mammal,Carnivore,Forest,russia,Highland Wildlife Reserve,EN,M,11.4,558.2 lbs,269.3,16,7.46,Healthy,No,177.39,12-15-2022
ZA-04135,Sea Otter,Enhydra lutris,Mammal,Carnivore,Ocean,  Russia ,Metro City Zoo,EN,Male,5.4,23.25,129.2,15,1.07,Healthy,Yes,129.86,2023-05-08
ZA-02417,TIGER,Panthera tigris,Mammal,Carnivore,Forest,Russia,Riverside Zoo,endangered,Male,3.6,177.32,261.5,16,9.32,Under Observation,Yes,261.25,2025-01-13
ZA-00445,Chimpanzee,pan troglodytes,Mammal,Omnivore,Forest,Congo,Greenfield Sanctuary,endangered,Female,,50.23 kg,90.5,40,2.58,Sick,0,227.8,12-14-2022
ZA-03065,Flamingo,Phoenicopterus roseus,Bird,Omnivore,Wetland,unknown,Coastal Aquarium & Zoo,LC,Male,7.0,2.87,117.1,30,0.16,Injured,No,108.32 USD,2025-05-24
ZA-04836,Brown Bear,ursus arctos,Mammal,omnivore,Forest,Russian Federation,Safari Park North,LC,Male,2.5,164.43,161.2,25,7.56,,Yes,151.15,2022-12-29
ZA-00441,Grey Wolf,Canis lupus,Mammal,Carnivore,Forest,Canada,Riverside Zoo,LC,Male,4.7,42.76,123.5,8,1.64,Injured,None,135.31,2023-03-15
ZA-00800,African Elephant,Loxodonta africana,Mammal,Herbivore,Savanna,BOTSWANA,Safari Park North,VU,male,20.2,4064.93 kg,582.9,60,,Healthy,Yes,412.65,2022-06-12
ZA-03311,Leapord,Panthera pardus,Mammal,Carnivore,Forest,South Africa,Greenfield Sanctuary,VU,Female,2.5,39.54,143.2,14,1.84,Under Observation,Yes,232.93,2024-07-28
ZA-04760,Orangutan,Pongo pygmaeus,mammal,Omnivore,Forest,Indonesia,Highland Wildlife Reserve,Critically Endangered,Male,11.7,85.44,,35,3.86,Healthy,No,163.07,2023-08-07
ZA-01129,Tiger,Panthera tigris,Mammal,Carnivore,Forest,  India ,Safari Park North,endangered,Male,3.4,157.29,265.8,16,4.7,Sick,Yes,342.82,2023-10-23
ZA-00771,African Elephant,loxodonta africana,Mammal,Herbivore,Savanna,NULL,Metro City Zoo,VU,F,19.7,4218.53,585.5,60,211.3,-,1,1002.54,2025-02-08
ZA-00416,Clownfish,Amphiprion ocellaris,Fish,Omnivore,Ocean,Australia,Metro City Zoo,Least Concern,M,unknown,0.02,8.5,8,0.0,Healthy,1,$37.53,07-16-2025
ZA-03666,Plains Zebra,Equus quagga,Mammal,Herbivore,Savanna,Kenya,Metro City Zoo,NEAR THREATENED,Male,,356.11,233.8,25,28.91,NULL,Yes,421.73,2022-01-20
ZA-00132,Polar Bear,Ursus maritimus,Mammal,Carnivore,Arctic,Canada,Coastal Aquarium & Zoo,VU,MALE,11.7,459.71,268.9,25,21.49,Healthy,Yes,162.22,09/07/2024
ZA-01703,Whale Shark,Rhincodon typus,Fish,Omnivore,Ocean,Mexico,Coastal Aquarium & Zoo,EN,male,45.7,8695.89,975.8,70,309.7,Healthy,No,963.29,09-17-2022
ZA-04555,Clownfish,Amphiprion ocellaris,Fish,Omnivore,Ocean,Australia,Safari Park North,Least Concern,Male,five,0.03,8.6,8,0.0,Healthy,No,56.69,24/05/2025
ZA-02433,Bottlenose Dolphin,Tursiops truncatus,Mammal,Piscivore,Ocean,USA,Coastal Aquarium & Zoo,Least Concern,Female,25.8,238.19,281.9,40,13.95,Healthy,No,131.53,2024-10-25
ZA-00774,Snow Leopard,Panthera uncia,Mammal,Carnivore,Mountain,Pakistan,Greenfield Sanctuary,Vulnerable,Female,3.7,35.79 kg,117.7,15,1.68,Healthy,Yes,-,11/07/2023
ZA-02023,Tiger,Panthera tigris,Mammal,Carnivore,Forest,IND,Safari Park North,EN,Male,14.0,268.56,301.4,16,11.82,healthy,Yes,233.41,2025-02-03
ZA-00246,Asian Elephant,elephas maximus,Mammal,Herbivore,FOREST,India,Safari Park North,Endangered,M,38.4,3668.18,550.5,60,223.33,Injured ,True,1591.71,2024-11-10
ZA-02080,Giant Panda,Ailuropoda melanoleuca,Mammal,Herbivore,Forest,  China ,Greenfield Sanctuary,VU,Male,13.9,80.75,161.1,-1,4.82,Healthy,No,$92.74,2024-01-26
ZA-03548,Nile Crocodile,Crocodylus niloticus,Reptile,Carnivore,Wetland,Tanzania,Highland Wildlife Reserve,Least Concern,Female,33.2,350.74,437.1,70,16.59,Healthy,True,N/A,17/07/2024
ZA-02212,Black Rhinoceros,Diceros bicornis,Mammal,Herbivore ,Savanna,-,Greenfield Sanctuary,Critically Endangered,Female,7.2,770.26,267.1,40,NULL,Under Observation,,402.84,2024-01-31
ZA-00096,Whale Shark,Rhincodon typus,Fish,Omnivore,Ocean,Australia,Coastal Aquarium & Zoo,Endangered,Female,39.5,8096.38 kg,906.4,70,335.46,Healthy,0,752.11,2023-07-06
ZA-03998,Black Rhinoceros,Diceros bicornis,Mammal,Herbivore,savanna,Namibia,Metro City Zoo,CR,female,34.4,-,346.3,40,,Healthy,True,358.94,15/01/2023
ZA-01274,Asian Elephant,Elephas maximus,Mammal,Herbivore,Forest,India,Highland Wildlife Reserve,EN,Female,26.4,3201.66,523.3,60,190.19,Healthy,True,492.69,08-21-2022
ZA-01515,Saltwater Crocodile,Crocodylus porosus,Reptile,Carnivore,Wetland,Indonesia,Metro City Zoo,LC,Female,29.2,372.92,481.7,70,16.74,Healthy,No,229.0,04-12-2024
ZA-01931,Whale Shark,Rhincodon typus,Fish,Omnivore,Ocean,Mexico,COASTAL AQUARIUM & ZOO,EN,F,,9280.92,966.9,70,338.02,Under Observation,Yes,2200.95,10-06-2024
ZA-02999,Emperor Penguin,Aptenodytes forsteri,Bird,Piscivore,Arctic,Antarctica,greenfield sanctuary,NT,Male,7.9,32.79,123.5,20,1.57,Healthy,Yes,117.14,2024-05-07
ZA-02143,Snow Leopard,Panthera uncia,Mammal,Carnivore,Mountain,China,GREENFIELD SANCTUARY,vulnerable,Male,6.6,48.72,135.4,15,2.25,Healthy,1,102.16,09/02/2023
ZA-03676,Komodo Dragon,varanus komodoensis,Reptile,Carnivore,Forest,Indonesia,Riverside Zoo,EN,F,20.8,63.33,NULL,30,2.25,Healthy,Yes,124.04,2024-08-16
ZA-00982,clownfish,Amphiprion ocellaris,Fish,Omnivore,  Ocean ,Indonesia,-,LC,female,1.8,0.02,9.1,8,0.0,Healthy ,Yes,$49.11,2023-07-21
ZA-04233,  King Cobra ,Ophiophagus hannah,Reptile,Carnivore,Forest,Indonesia,Riverside Zoo,VU,Female,16.4,4.66,364.9,20,0.17,Healthy,Yes,101.13,21 Jun 2024
ZA-01024,Plains Zebra,Equus quagga,Mammal,Herbivore,Savanna,Botswana,Highland Wildlife Reserve,NT,Male,8.0,380.75,224.0,25,22.1,Healthy,Yes,-,12-15-2024
ZA-01282,African Elephant,Loxodonta africana,Mammal,Herbivore,Savanna,South Africa,Metro City Zoo,VU,Male,N/A,4305.6,633.1,60,282.19,Under Observation,Yes,"1,471.98 USD","November 09, 2024"
ZA-04998,Green Iguana,Iguana iguana,Reptile,Herbivore,Forest,Brazil,Coastal Aquarium & Zoo,least concern,Male,3.2,4.67,unknown,15,0.24,Sick,Yes,138.16,2023-04-22
ZA-03007,Emperor Penguin,aptenodytes forsteri,Bird,Piscivore,Arctic,Antarctica,Greenfield Sanctuary,NT,Female,,28.16,116.1,20,1.14,Healthy,Yes,100.98,08-03-2024
ZA-02351,Saltwater Crocodile,Crocodylus porosus,  Reptile ,Carnivore,Wetland,India,Coastal Aquarium & Zoo,Least Concern,Female,51.1,394.79,477.9,70,NULL,Healthy,Yes,246.3,02 Jun 2025
ZA-04338,Red-eyed Tree Frog,Agalychnis callidryas,Amphibian,Insectivore,  Forest ,Mexico,Coastal Aquarium & Zoo,LC,Female,1.7,0.01,6.6,5,0.0,Sick,True,64.99,2025-04-17
ZA-00090,Cheetah,Acinonyx jubatus,mammal,Carnivore,Savanna,Kenya,Greenfield Sanctuary,VU,M,1.5,29.44,120.7,12,1.2,Healthy,Yes,67.31,2023-11-12
ZA-04394,Bald Eagle,Haliaeetus leucocephalus,Bird,Carnivore,Forest,US,Metro City Zoo,LC,FEMALE,18.8,4.53,69.6,25,0.19,Healthy,No,61.46,05-04-2023
ZA-04783,Scarlet Macaw,Ara macao,Bird,Herbivore,Forest,Costa Rica,Highland Wildlife Reserve,Least Concern,Female,28.9,0.95 kg,75.2,50,0.06,Healthy,False,unknown,2024-03-24
ZA-03966,Koala,Phascolarctos cinereus,Mammal,Herbivore,Forest,Australia,Safari Park North,Vulnerable,Male,10.2,8.57,78.7,13,0.51,Healthy,Yes,$74.58,28 Jun 2025
ZA-00589,Nile Crocodile,Crocodylus niloticus,Reptile,Carnivore,Wetland,Tanzania,Greenfield Sanctuary ,LC,Male,15.9,345.70 kg,449.9,70,12.38,Healthy,No,$181.21,2025-04-21
ZA-02468,Bottlenose Dolphin,Tursiops truncatus,Mammal,Piscivore,OCEAN,Mexico,Coastal Aquarium & Zoo,Least Concern,male,12.9,236.18,276.4,40,13.07,Healthy,True,na,2024-09-30
ZA-02414,Emperor Penguin,Aptenodytes forsteri,Bird,Piscivore,Arctic,Antarctica,Riverside Zoo,NT,Female,,19.51,120.6,20,0.77,Healthy,None,$107.76,2022-10-25
ZA-01587,Cheetah,Acinonyx jubatus,Mammal,Carnivore,Savanna,Botswana,Safari Park North,Vulnerable,Female,1.4,26.06,108.3,0,1.27,Sick,Yes,146.6,2025-01-29
ZA-01531,Bald Eagle,Haliaeetus leucocephalus,Bird,Carnivore,Forest,Canada,Metro City Zoo,Least Concern,Female,7.3,4.29,79.9,25,0.17,Healthy,No,54.2,2024-10-14
ZA-00681,Chimpanzi,Pan troglodytes,Mammal,Omnivore,Forest,Tanzania,Coastal Aquarium & Zoo,EN,female,10.6,37.67,82.8,40,None,Healthy,Yes,187.99,2022-08-02
ZA-02159,Ostrich,Struthio camelus,Bird,Omnivore,Savanna,South Africa,Safari Park North,LC,Male,28.7,114.47 kg,215.0,40,5.33,Healthy,Yes,222.94,21 Jan 2025
ZA-04738,Giant Panda,Ailuropoda melanoleuca,Mammal,Herbivore,Forest,China,Metro City Zoo,VULNERABLE,Male,1.3,36.45,110.2,20,unknown,Healthy,unknown,108.49,2024-02-29
ZA-03481,King Cobra,Ophiophagus hannah,Reptile,Carnivore,Forest,Indonesia,Safari Park North,VU,M,5.2,N/A,388.1,20,0.23,Healthy,N,unknown,08-25-2024
ZA-04066,Peacock,Pavo cristatus,Bird,Omnivore,Forest,Pakistan,Safari Park North,LC,Female,2.9,2.76,164.3,20,0.14,HEALTHY,Yes,57.44,2024-02-21
ZA-01061,Plains Zebra,Equus quagga,Mammal,Herbivore,savanna,  Botswana ,Coastal Aquarium & Zoo,near threatened,Female,12.7,313.61,222.5,25,18.92,Healthy,Yes,295.58,2022-04-28
ZA-00413,Cheeta,Acinonyx jubatus,Mammal,Carnivore,Savanna,Namibia,Coastal Aquarium & Zoo,Vulnerable,na,7.0,48.21,131.7,12,1.91,Healthy,1,77.9,21 Jan 2023
ZA-02109,Tiger,Panthera tigris,Mammal,Carnivore,Forest,Indonesia,Safari Park North,EN,Female,9.0,N/A,272.2,16,10.1,Under Observation,Yes,387.65,2025-01-20
ZA-01764,Flamingo,Phoenicopterus roseus,Bird,Omnivore,Wetland,Spain,Greenfield Sanctuary,LC,Female,two,1.28,93.3,30,0.05,Healthy,Yes,43.0,2022-02-23
ZA-01145,Green Sea Turtle,Chelonia mydas,Reptile,  Herbivore ,Ocean,Pakistan ,Greenfield Sanctuary,Endangered,Female,14.5,117.32,105.0,80,7.09,Injured,Y,268.27,05/03/2022
ZA-02596,Red Kangaroo,Osphranter rufus,Mammal,Herbivore,Desert,Australia,Coastal Aquarium & Zoo,Least Concern,Male,13.7,None,141.3,15,4.19,Healthy,Yes,191.27,2024-07-29
ZA-02479,Grey Wolf,Canis lupus,Mammal,Carnivore,Forest,Russia,Coastal Aquarium & Zoo,Least Concern,Male,3.2,46.28,136.2,8,2.17,Healthy,Yes,None,19 Jul 2024
ZA-02934,Koala,Phascolarctos cinereus,Mammal,Herbivore,Forest,Australia,Greenfield Sanctuary,Vulnerable,Male,8.2,8.67,66.6,13,0.56,Healthy,unknown,$53.82,NULL
ZA-00787,Brown Bear,Ursus arctos,Mammal,Omnivore,Forest,Russia,Greenfield Sanctuary,LC,M,19.1,337.65,211.6,25,17.18,injured,Yes,519.85,2024-01-01
ZA-02020,Great White Shark,Carcharodon carcharias,Fish,Carnivore,Ocean,Australia,Safari Park North,Vulnerable,Male,33.9,836.84,520.7,70,29.55,Healthy,Yes,381.3,2025-06-10
ZA-04282,GOLDEN EAGLE,Aquila chrysaetos,Bird,Carnivore,Mountain,Mongolia,Riverside Zoo,LEAST CONCERN,Male,15.1,4.68,90.1,25,0.22,Healthy,NULL,40.08,2022-04-05
ZA-04448,Giraffe,Giraffa camelopardalis,Mammal,Herbivore,Savanna,Namibia,Coastal Aquarium & Zoo,VU,Female,2.9,528.48,347.7,25,32.36,Healthy,False,405.75,"September 06, 2024"
ZA-01713,Nile Crocodile,Crocodylus niloticus,Reptile,Carnivore,Wetland,Zambia,Metro City Zoo,Least Concern,Male,21.8,361.28 kg,472.4,70,18.85,Injured,Yes,544.19,2022-10-04
ZA-04273,Green Sea Turtle,Chelonia mydas,Reptile ,Herbivore,Ocean,Australia,Greenfield Sanctuary,EN,Female,64.4,142.51,95.4,80,7.93,Healthy,No,68.92,2025-03-31
ZA-04799,Snow Leopard,Panthera uncia,Mammal,Carnivore,Mountain,Pakistan,Riverside Zoo,vulnerable,Male,5.9,45.86,132.5,15,1.97,Healthy,Yes,N/A,2023-07-12
ZA-02285,Clownfish,Amphiprion ocellaris,Fish,Omnivore,Ocean,Philippines,Coastal Aquarium & Zoo,Least Concern,Female,5.1,0.02 kg,8.5,8,0.0,Sick,True,77.88,2024-10-22
ZA-04773,Great White Shark ,Carcharodon carcharias,Fish,Carnivore,Ocean,USA,Highland Wildlife Reserve,-,F,18.6,928.11,N/A,70,34.22,Healthy,No,397.15,2023-12-13
ZA-00930,Polar Bear,Ursus maritimus,Mammal,Carnivore,Arctic,Russia,Safari Park North,vulnerable,Male,15.1,514.64,268.4,25,20.58,  Healthy ,True,277.91,2025-01-28
ZA-01458,Hippopotamus,Hippopotamus amphibius,Mammal,Herbivore,Wetland,Tanzania,Safari Park North,VU,Female,17.2,1747.37,346.3,40,131.33,Healthy,True,604.56,01-27-2022
ZA-01264,GREEN SEA TURTLE,Chelonia mydas,Reptile,Herbivore,Ocean,  Pakistan ,Safari Park North,ENDANGERED,Male,33.3,443.8 lbs,113.0 cm,80,None,Healthy,Y,169.61,"February 22, 2024"
ZA-00570,Sea Otter,Enhydra lutris,Mammal,Carnivore,Ocean,Canada,Riverside Zoo,None,Male,6.0,21.8,121.7,15,0.98,Healthy,No,81.5,2024-11-05
ZA-02170,Clownfish,Amphiprion ocellaris,fish,Omnivore,Ocean,Philippines,Coastal Aquarium & Zoo,least concern,M,1.8,0.0 lbs,9.2,8,0.0,Healthy,na,36.17,14 Jul 2025
ZA-04155,Bottlenose Dolphin,Tursiops truncatus,Mammal,Piscivore,Ocean,usa,,LC,female,21.3,190.39,303.7,40,9.35,Healthy,Yes,110.24,04/06/2024
ZA-01962,Whale Shark,Rhincodon typus,Fish,Omnivore,Ocean,Pakistan,Riverside Zoo,EN,Female,47.5,6649.1,936.7,70,289.51,Healthy,No,$881.60,2025-05-11
ZA-04138,Ostrich,Struthio camelus,Bird,Omnivore,  Savanna ,kenya,Coastal Aquarium & Zoo,LC,Male,28.5,118.89,204.6,40,4.97,Sick,N,295.35,na
ZA-00357,Giraffe,Giraffa camelopardalis,Mammal,Herbivore,Savanna,Tanzania,Safari Park North,vulnerable,MALE,12.2,1198.80 kg,462.4,25,N/A,  Healthy ,Yes,239.79,"October 26, 2024"
ZA-02888,Hippopotamus,Hippopotamus amphibius,Mammal,Herbivore,Wetland,Tanzania,Riverside Zoo,VU,Female,12.3,1184.3,305.1,40,71.32,Injured,Yes,None,2023-06-15
ZA-00747,Plains Zebra,Equus quagga,Mammal,Herbivore,Savanna,Tanzania,Greenfield Sanctuary,NT,F,1.5,132.99,151.1,25,6.22,Healthy,Yes,100.28,20/01/2022
ZA-03649,Black Rhinoceros,Diceros bicornis,Mammal,Herbivore,  Savanna ,South Africa,Greenfield Sanctuary,CR,N/A,15.6,1235.16,331.8,40,78.89,Sick,Yes,$560.39,02-05-2024
ZA-01920,Golden Eagle,aquila chrysaetos,Bird,Carnivore,Mountain,Mongolia,Riverside Zoo,Least Concern,Male,21.4,5.41,87.5,25,0.27,Injured,Yes,200.11 USD,07-22-2025
ZA-02776,Giraffe,Giraffa camelopardalis,Mammal,Herbivore,Savanna,  Namibia ,Coastal Aquarium & Zoo,Vulnerable,MALE,10.1,1191.3,444.6,25,,Injured,Yes,681.22,NULL
ZA-00969,Red Kangaroo,Osphranter rufus,Mammal,Herbivore,Desert,Australia,Coastal Aquarium & Zoo,least concern,Female,3.4,59.61,128.9,15,4.37,Under Observation,Yes,137.81,2025-08-22
ZA-03572,Golden Eagle,Aquila chrysaetos,Bird,Carnivore,Mountain,USA,Safari Park North,LC,Male,3.4,None,73.7,25,0.15,Healthy,Yes,70.43,08/05/2023
ZA-01335,Lion,Panthera leo,Mammal,Carnivore,Savanna,Kenya,Highland Wildlife Reserve,Vulnerable,Female,2.3,105.33,208.9,14,3.4,Healthy,-,None,2024-01-13
ZA-02162,Red-eyed Tree Frog,Agalychnis callidryas,Amphibian,Insectivore,Forest,Mexico,Metro City Zoo,LC,Male,2.5,na,7.4,5,0.0,Healthy,Yes,46.06,2025-09-08
ZA-02411,Peacock,Pavo cristatus,Bird,Omnivore,Forest,Sri Lanka,Riverside Zoo,Least Concern,Male,12.9,5.59,217.5,20,0.29,Healthy,N,60.54,10-24-2023
ZA-03830,Black Rhinoceros,Diceros bicornis,Mammal,Herbivore,Savanna,South Africa,Greenfield Sanctuary,CR,male,20.1,1156.86,344.9,40,unknown,Sick,Yes,531.41,2023-08-26
ZA-03162,Axolotl,Ambystoma mexicanum,Amphibian,Carnivore,Wetland,Mexico,Greenfield Sanctuary,CRITICALLY ENDANGERED,Male,3.5,0.23,25.8,12,0.01,Healthy,Yes,52.95,30/07/2025
ZA-04859,Nile Crocodile,Crocodylus niloticus,Reptile,Carnivore,Wetland,Zambia,Safari Park North,Least Concern,Male,29.1,397.08,465.2,70,18.77,Healthy,Yes,283.87,2022-10-07
ZA-02545,Orangutan,Pongo pygmaeus,Mammal,Omnivore,Forest,Malaysia,Metro City Zoo,critically endangered,Female,14.0,65.51,102.1,35,3.28,healthy,Y,108.07,2024-05-27
ZA-04507,Polar Bear,Ursus maritimus,Mammal,Carnivore,Arctic,Canada,Greenfield Sanctuary,VU,Female,21.1,362.33,238.1 cm,25,14.13,Injured,Yes,319.61,15/09/2022
ZA-00639,Hippopotamus,Hippopotamus amphibius,mammal,Herbivore,Wetland,Zambia,Metro City Zoo,VU,M,12.9,3554.9 lbs,354.3,40,106.71,Healthy,True,450.99 USD,04-03-2025
ZA-04203,Bottlenose Dolphin,Tursiops truncatus,Mammal,Piscivore,Ocean,Australia,Coastal Aquarium & Zoo,LC,Male,21.6,199.82,288.7,40,10.81,Healthy,Yes,226.26,2023-10-27
ZA-04167,Lion,Panthera leo,Mammal,Carnivore,Savanna,Kenya,Metro City Zoo,VU,Male,five,264.64,242.5,14,10.47,Under Observation,Yes,325.28,20 Jun 2022
ZA-03838,African Elephant,Loxodonta africana,Mammal,Herbivore,Savanna,Botswana,  Riverside Zoo ,Vulnerable,Female,52.5,3808.06,na,60,213.15,N/A,Yes,1150.8,"September 04, 2024"
ZA-03809,Giraffe,Giraffa camelopardalis,Mammal,Herbivore,Savanna,Kenya,Coastal Aquarium & Zoo,Vulnerable,Female,12.1,None,423.1,25,54.07,Healthy,Yes,301.8,2023-06-24
ZA-04538,Koala,Phascolarctos cinereus,Mammal,Herbivore,Forest,Australia,Highland Wildlife Reserve,VU,Male,7.5,10.73,76.8,13,0.58,Healthy,Yes,100.65,12-28-2024
ZA-01507,  Saltwater Crocodile ,Crocodylus porosus,Reptile,Carnivore,Wetland,Indonesia,Safari Park North,LC,Female,23.1,369.24,475.6,70,17.89,Healthy,Yes,-,15/02/2023
ZA-03659,CHIMPANZEE,Pan troglodytes,MAMMAL,Omnivore,Forest,Uganda,Metro City Zoo,Endangered,Female,20.9,41.75,86.7,40,2.11,Healthy,Yes,81.64,2022-09-13
ZA-02254,Giraff,Giraffa camelopardalis,Mammal,Herbivore,Savanna,Namibia,Highland Wildlife Reserve,VULNERABLE,Male,15.4,1410.51,436.1,25,62.07,Healthy,Yes,492.27,2025-05-25
ZA-04013,Orangutang,Pongo pygmaeus,Mammal,Omnivore,Forest,Malaysia,Highland Wildlife Reserve,CR,Male,21.1,73.15,115.8,35,4.45,unknown,0,$102.59,"August 07, 2022"
ZA-02922,Tiger,Panthera tigris,Mammal,Carnivore,Forest,India,Highland Wildlife Reserve,endangered,M,6.8,241.42,309.6,16,8.59,Healthy,False,,2023-04-11
ZA-04485,Bald Eagle,Haliaeetus leucocephalus,Bird,Carnivore,Forest,Canada,Riverside Zoo,LC,Female,3.7,2.94,64.0,25,0.11,Injured,No,169.62,None
ZA-00007,Giraffe,Giraffa camelopardalis,  Mammal ,Herbivore,Savanna,Kenya,Coastal Aquarium & Zoo,Vulnerable,Male,10.5,1343.86 kg,483.3,25,85.27,Healthy,No,288.38,2022-02-02
ZA-02841,Tigr,Panthera tigris,Mammal,Carnivore,Forest,Indonesia,metro city zoo,EN,Male,-,586.0 lbs,276.9,16,9.54,Healthy,Yes,$94.69,None
ZA-02195,King Cobra,Ophiophagus hannah,Reptile,Carnivore,Forest,India,HIGHLAND WILDLIFE RESERVE,VU,Female,13.9,4.75,372.5,20,0.2,Healthy,Yes,69.91,06-03-2023
ZA-03551,Plains Zebra,Equus quagga,Mammal,Herbivore,Savanna,Botswana,Highland Wildlife Reserve,NT,F,2.1,138.1,162.4,25,8.32,Healthy,N/A,224.76,14/05/2025
ZA-04410,Galapagos Tortoise,Chelonoidis niger,Reptile,Herbivore,Island,Ecuador,Greenfield Sanctuary,Vulnerable,Female,None,280.9 lbs,,100,na,  Sick ,Yes,383.14 USD,"January 28, 2025"
ZA-04902,Golden Eagle,Aquila chrysaetos,Bird,Carnivore,Mountain,USA,Metro City Zoo,LC,Female,8.0,4.45,82.6 cm,25,0.14,Healthy,No,54.71,23/10/2024
ZA-04041,Giant Panda,Ailuropoda melanoleuca,Mammal,Herbivore,Forest,China,Safari Park North,vulnerable,unknown,11.5,-,149.2,20,4.64,Healthy,1,92.16,10-23-2024
ZA-02736,Emperor Penguin,Aptenodytes forsteri,Bird ,Piscivore,Arctic,Antarctica,Coastal Aquarium & Zoo,NEAR THREATENED,Female,4.4,21.97,100.1,20,1.18,Sick,Yes,$149.95,12-22-2022
ZA-04316,Whale Shark,Rhincodon typus,Fish,Omnivore,Ocean,Australia,Greenfield Sanctuary,endangered,Female,27.7,6854.36,1004.3 cm,70,352.07,Healthy,1,831.55,2023-01-13
ZA-03320,Plains Zebra,Equus quagga,Mammal,Herbivore,Savanna,Botswana,Safari Park North,NT,Male,21.3,471.9,223.7,25,NULL,Healthy,No,217.56,09/01/2024
ZA-04511,Flamingo,Phoenicopterus roseus,Bird,Omnivore,Wetland,Spain,Highland Wildlife Reserve,LC,Female,8.2,2.41,116.5,30,0.09,unknown,Yes,45.01,04-14-2025
ZA-01167,Koala,Phascolarctos cinereus,Mammal,Herbivore,Forest,Australia,Highland Wildlife Reserve,vulnerable,Female,6.6,9.10 kg,71.4,13,0.49,None,Yes,-,2025-07-31
ZA-01415,Tiger,Panthera tigris,Mammal,Carnivore,Forest,Russian Federation,Metro City Zoo,endangered,Male,-,237.26,289.8,16,9.41,Under Observation,Yes,303.39,2022-07-25
ZA-02956,Ostrich,Struthio camelus,BIRD,Omnivore,Savanna,Kenya,Riverside Zoo,LC,Male,16.0,138.57,216.2,40,N/A,Healthy,True,None,01-14-2022
ZA-04825,Leopard,Panthera pardus,Mammal,Carnivore,Forest,Kenya,Coastal Aquarium & Zoo,vulnerable,Male,8.2,58.72,165.3,14,2.07,Sick,True,168.0,"May 07, 2022"
ZA-02290,Bald Eagle,Haliaeetus leucocephalus,Bird,Carnivore,Forest,USA,Safari Park North,LC,Female,0.7,1700 g,54.1,25,0.06,Healthy,Yes,57.12,2024-05-31
ZA-00609,African Elephant,Loxodonta africana,Mammal,herbivore,Savanna,Botswana,safari park north,Vulnerable,M,39.2,5958.07,640.1,60,385.59,Under Observation,Yes,711.92,2022-01-06
ZA-01803,GREAT WHITE SHARK,Carcharodon carcharias,Fish,Carnivore,Ocean,S. Africa,Metro City Zoo,VU,female,38.9,951.41,479.8,70,,Healthy,True,359.38,29/06/2022
ZA-00518,Bald Eagle,Haliaeetus leucocephalus,Bird,Carnivore,Forest,Canada,Coastal Aquarium & Zoo,LC,Male,12.7,5390 g,77.3,25,0.22,Under Observation,Yes,100.26,2024-10-27
ZA-01351,Galapagos Tortoise,Chelonoidis niger,Reptile,Herbivore,Island,  Ecuador ,Metro City Zoo,vulnerable,Female,None,104340 g,83.8,100,6.59,unknown,0,245.06,08-09-2025
ZA-02418,Giant Panda,Ailuropoda melanoleuca,Mammal,Herbivore,Forest,China,Highland Wildlife Reserve,VU,M,3.5,65.11,138.4,20,4.94,Under Observation,Yes,217.57,2023-01-02
ZA-02497,Black Rhinoceros,Diceros bicornis,Mammal,Herbivore,Savanna,South Africa,Greenfield Sanctuary,CR,Male,N/A,3129.4 lbs,367.1,40,84.4,Healthy,Yes,316.32,NULL
ZA-03625,Chimpanzee,Pan troglodytes,Mammal,Omnivore,Forest,Uganda,Coastal Aquarium & Zoo,Endangered,Male,27.3,49.08,97.7,40,2.17,Healthy,Yes,$82.11,2025-06-04
ZA-02544,African Elephant,Loxodonta africana,Mammal,Herbivore,Savanna,Botswana,-,VU,Female,14.8,3719.65,538.7,60,214.16,Healthy,N,$608.71,2023-09-11
ZA-04666,tiger,Panthera tigris,Mammal,Carnivore,Forest,Indonesia,Greenfield Sanctuary,Endangered,Female,,209.67,244.0,16,7.96,N/A,Yes,172.86,2023-06-04
ZA-00933,Axolotl,ambystoma mexicanum,Amphibian,Carnivore ,Wetland,Mexico,Greenfield Sanctuary,CR,Male,1.8,0.14,20.7,12,0.01,Healthy,No,34.82,2024-01-24
ZA-03038,Golden Eagle,Aquila chrysaetos,Bird,Carnivore,Mountain,Pakistan,Greenfield Sanctuary,LEAST CONCERN,male,,5.06,84.3,25,0.19,Injured,0,$123.27,2022-10-12
ZA-00052,Orangutan,Pongo pygmaeus,Mammal,Omnivore,Forest,Indonesia,Safari Park North,Critically Endangered,F,23.8,76.42,101.4,35,3.44,Healthy,Yes,106.09,2022-04-21
ZA-04363,Giant Panda,Ailuropoda melanoleuca,Mammal,Herbivore,Forest,  China ,Greenfield Sanctuary,Vulnerable,Male,1.0,45.85,102.8,20,2.46,Healthy,No,114.8,09-29-2024
ZA-01539,King Cobra,Ophiophagus hannah,Reptile,Carnivore,Forest,India,Highland Wildlife Reserve,Vulnerable,FEMALE,4.0,4.6,336.2 cm,20,0.17,Healthy,Yes,55.42 USD,10/10/2022
ZA-04979,Orangutan,Pongo pygmaeus,Mammal,Omnivore,Forest,Malaysia,Safari Park North,Critically Endangered,Female,19.5,80.61,103.2,35,4.86,Healthy,No,None,02-01-2022
ZA-00512,Cheetah,Acinonyx jubatus,Mammal,Carnivore,Savanna,Namibia,Greenfield Sanctuary,VU,Female,3.6,43.9,117.2,12,2.38,Healthy,Yes,143.8,2023-10-26
ZA-03789,Emperor Penguin,Aptenodytes forsteri,Bird,Piscivore,Arctic,Antarctica,Coastal Aquarium & Zoo,NT,Male,17.1,99999.0,122.4,20,2.35,healthy,Yes,87.49 USD,"July 24, 2024"
ZA-04085,Snow Leopard,Panthera uncia,Mammal,Carnivore,Mountain,Pakistan,Metro City Zoo,VULNERABLE,Female,7.3,44.28,131.7,15,unknown,Healthy,Yes,114.4,09-25-2023
ZA-03854,Axolotl,Ambystoma mexicanum,  Amphibian ,Carnivore,Wetland,Mexico,Greenfield Sanctuary,Critically Endangered,Male,2.3,0.16,22.2,12,0.01,Injured,0,87.72,23/01/2025
ZA-00893,Saltwater Crocodile,Crocodylus porosus,Reptile,Carnivore,Wetland,Indonesia,Safari Park North,least concern,Female,47.1,398.51,466.2,70,14.29,Under Observation,No,351.04,2022-08-18
ZA-00675,Cheetah,Acinonyx jubatus,Mammal,Carnivore,Savanna,Botswana,Riverside Zoo,Vulnerable,NULL,4.6,54.03,139.5,12,2.5,Healthy,Yes,93.25,2025-08-09
ZA-02437,Grey Wolf ,Canis lupus,Mammal,Carnivore,Forest,Russia,Greenfield Sanctuary,Least Concern,Female,5.1,36.22,117.6,8,1.53,Under Observation,Y,129.05,2022-04-06
ZA-02588,Giraffe,Giraffa camelopardalis,Mammal,Herbivore,savanna,Kenya,N/A,VU,Female,-,867.22,372.3,25,57.23,Injured,Yes,613.32,2025-08-03
ZA-00651,Red-eyed Tree Frog,Agalychnis callidryas,Amphibian,Insectivore,Forest,Costa Rica,Safari Park North,LC,Male,2.3,0.01,6.7,5,,Healthy,Yes,38.70 USD,2024-02-14
ZA-04844,King Cobra,Ophiophagus hannah,Reptile,Carnivore,Forest,Indonesia,highland wildlife reserve,Vulnerable,Male,8.6,7.92,418.6,20,0.31,Healthy,Yes,$63.30,24 Mar 2025
ZA-00213,Polar Bear,Ursus maritimus,Mammal,Carnivore,Arctic,USA,Safari Park North,vulnerable,Female,8.7,392.86,250.8,25,13.05,Injured ,Yes,$629.26,2024-08-24
ZA-02223,Tiger,Panthera tigris,Mammal,Carnivore,Forest,Indonesia,Coastal Aquarium & Zoo,EN,male,14.7,211.37,-,16,7.72,Injured,Y,352.3,04-10-2024
ZA-02018,Snow Leopard,Panthera uncia,MAMMAL,Carnivore,Mountain,Pakistan,Safari Park North,vulnerable,Female,,32.05,112.8,15,1.44,Healthy,Yes,89.04,2025-03-03
ZA-00116,Giraffe,Giraffa camelopardalis,Mammal,HERBIVORE,Savanna,Tanzania,N/A,vulnerable,F,12.3,763.21,435.7,25,50.1,Injured,Yes,$488.02,06/08/2023
ZA-03535,Black Rhinoceros,Diceros bicornis,Mammal,Herbivore,Savanna,Kenya,Highland Wildlife Reserve,Critically Endangered,N/A,,909.44,308.2,40,60.04,Healthy,NULL,328.72,09-06-2024
ZA-02471,Chimpanzee,Pan troglodytes,Mammal,Omnivore,Forest,Tanzania,Riverside Zoo,EN,Female,30.0,91.0 lbs,86.0,40,1.68,Healthy,Y,unknown,2025-05-12
ZA-01649,Gorilla,Gorilla gorilla,Mammal,Herbivore,Forest,Gabon,Highland Wildlife Reserve,,Female,13.5,131.32,161.2,35,6.24,healthy,Yes,106.83,09/06/2024
ZA-00061,Scarlet Macaw,Ara macao,Bird,Herbivore,Forest,Brazil,Greenfield Sanctuary,LC,Male,41.2,1.2,85.3,50,,Healthy,No,$55.27,2024-03-03
ZA-02996,Golden Eagle,Aquila chrysaetos,Bird,Carnivore,Mountain,Pakistan,Coastal Aquarium & Zoo,Least Concern,F,22.0,na,91.1,25,na,Healthy,Yes,na,21 Oct 2022
ZA-02856,Whale Shark,Rhincodon typus,Fish,Omnivore,Ocean,Pakistan,Greenfield Sanctuary,EN,Female,60.5,9424.27,881.4,-1,327.32,Healthy,Yes,847.19,03 Jun 2025
ZA-00793,Flamingo,Phoenicopterus roseus,Bird,Omnivore,Wetland,Kenya,Coastal Aquarium & Zoo,LC,Male,17.0,3.42,132.3,30,0.15,Healthy,Yes,unknown,2023-05-08
ZA-00492,Black Rhinoceros,Diceros bicornis,Mammal,Herbivore,savanna,Kenya,Greenfield Sanctuary,CR,F,16.7,1195.42,323.8,40,54.21,Sick,Yes,532.78,2022-06-20
ZA-01948,Clownfish,Amphiprion ocellaris,Fish,Omnivore,Ocean,Philippines,Safari Park North,LC,NULL,3.8,0.02,9.7,8,0.0,Healthy,Yes,46.06,11 Jun 2025
ZA-00378,Grey Wolf,Canis lupus,Mammal,Carnivore,Forest ,usa,Highland Wildlife Reserve,Least Concern,Male,,46.98,130.7,8,1.48,Healthy,Yes,unknown,10/12/2024
ZA-02559,Whale Shark,Rhincodon typus,Fish,Omnivore,Ocean,Australia,Safari Park North,EN,Female,26.0 yrs,9697.25,916.8,70,429.81,Healthy,Yes,865.67,2023-10-29
ZA-00232,Lion,Panthera leo,Mammal,Carnivore,Savanna,Tanzania,Greenfield Sanctuary,Vulnerable,Male,7.9,187.69,-,14,8.6,Healthy,Yes,208.36,2024-05-15
ZA-04610,Galapagos Tortoise,Chelonoidis niger,Reptile,Herbivore,Island,Ecuador,Safari Park North,VU,Female,78.0,-,125.9,100,24.2,Healthy,No,218.75,2025-03-03
ZA-01443,Brown Bear,Ursus arctos,Mammal,Omnivore,Forest,Canada,Greenfield Sanctuary,LC,M,13.8,298.27,211.7,25,10.62,  Healthy ,Yes,258.52,04 Mar 2024
ZA-04339,African Elephant,Loxodonta africana,Mammal,Herbivore,Savanna,Tanzania,Highland Wildlife Reserve,Vulnerable,Female,27.7,4471.66,624.3,60,201.13,Healthy,Yes,N/A,08/07/2024
ZA-01269,Great White Shark,Carcharodon carcharias,Fish,Carnivore,Ocean,USA,Metro City Zoo,VU,Female,13.0,719.23,402.4,70,38.25,Healthy,Yes,205.23,2022-03-08
ZA-00423,Giraffe,Giraffa camelopardalis,Mammal,Herbivore,Savanna,Kenya,Metro City Zoo,Vulnerable,,16.0,1154.39,na,25,62.56,Healthy,Yes,359.56,2022-01-19
ZA-04477,Giraff,Giraffa camelopardalis,Mammal,Herbivore,Savanna,Kenya,Highland Wildlife Reserve,VU,M,18.0,1316.24,418.5,25,105.72,Healthy,Yes,401.19,2025-01-12
ZA-01290,Saltwater Crocodile,Crocodylus porosus,Reptile,Carnivore,Wetland,Australia,Riverside Zoo,Least Concern,MALE,34.0,469.56,471.7,70,16.12,Injured,Yes,616.82,2022-03-10
ZA-02874,Red Kangaroo,Osphranter rufus,Mammal,Herbivore,Desert,Australia,Safari Park North,Least Concern,Male,1.9,49.02,122.4,15,2.89,Injured,Yes,388.63,2025-02-03
ZA-00662,Snow Leopard,Panthera uncia,Mammal,Carnivore,Mountain,Mongolia,Safari Park North,Vulnerable,Female,4.0,37.2,119.8,15,,Under Observation,1,212.9,26 Aug 2022
ZA-02784,Clownfish,Amphiprion ocellaris,Fish,Omnivore,Ocean,Philippines,Metro City Zoo,Least Concern,MALE,5.4,0.03,9.8,8,0.0,Healthy,na,$32.84,2022-12-15
ZA-04605,Clownfish,Amphiprion ocellaris,Fish,Omnivore,Ocean,Philippines,Metro City Zoo,Least Concern,Male,4.0,0.02,9.2,8,0.0,Healthy,Yes,46.3,2023-08-05
ZA-01366,Whale Shark,Rhincodon typus,Fish,Omnivore,Ocean,  Mexico ,Riverside Zoo,Endangered,Female,40.7,7776.51,924.9,70,390.75,Healthy,Yes,881.91,2023-03-23
ZA-01903,Cheetah,Acinonyx jubatus,Mammal,Carnivore,Savanna,Namibia,Safari Park North,VU,Female,3.3,45.97,134.4,12,1.66,Healthy,Yes,98.38,2024-06-01
ZA-03934,Lion,Panthera leo,Mammal,Carnivore,Savanna,South Africa,Coastal Aquarium & Zoo,VULNERABLE,MALE,8.7,170.66,264.1,14,10.29,Healthy ,Yes,200.39,2024-07-23
ZA-00789,Polar Bear,Ursus maritimus,Mammal,Carnivore,Arctic,USA,Greenfield Sanctuary,VU,MALE,,393.05,250.3,25,15.82,Healthy,Yes,N/A,2022-10-19
ZA-04478,Saltwater Crocodile,Crocodylus porosus,Reptile,Carnivore,Wetland,Indonesia,Highland Wildlife Reserve,LC,Female,14.1,343.07,417.4,70,N/A,INJURED,Yes,319.8,2023-05-13
ZA-03167,Lion,Panthera leo,Mammal,Carnivore,Savanna,South Africa,Safari Park North,VU,Female,,147.06,214.4,14,6.96,Healthy,Yes,133.57,2023-09-15
ZA-03105,Emperor Penguin,Aptenodytes forsteri,Bird,Piscivore,Arctic,Antarctica,Greenfield Sanctuary,NEAR THREATENED,Male,5.8,69.0 lbs,108.7,20,1.8,Healthy,True,$82.40,2025-01-30
ZA-04647,Red Kangaroo,osphranter rufus,Mammal,Herbivore,Desert,Australia,Greenfield Sanctuary,LEAST CONCERN,MALE,9.8,77.17,150.1,15,4.37,Healthy,Yes,215.22,03-26-2023
ZA-03817,Orangutan,Pongo pygmaeus,Mammal,Omnivore,FOREST,Indonesia,Safari Park North,Critically Endangered,Female,17.0,59.41,110.3,35,None,Healthy,Yes,51.54,08/08/2022
ZA-04645,Hippopotamus,Hippopotamus amphibius,Mammal,Herbivore,Wetland,Kenya ,Coastal Aquarium & Zoo,Vulnerable,M,4.0,791.77 kg,246.7,40,47.87,Healthy,Y,$241.24,"March 10, 2025"
ZA-00696,Grey Wolf,Canis lupus,Mammal,Carnivore,NULL,usa,Riverside Zoo,LC,M,2.3,95.8 lbs,131.8,8,1.24,Healthy,Yes,None,2022-10-24
ZA-04851,Giraffe,Giraffa camelopardalis,Mammal,Herbivore,Savanna,Namibia,Highland Wildlife Reserve,Vulnerable,Female,5.3,870.22,395.0,25,54.58,Healthy,Y,256.61,2025-03-10
ZA-00922,Snow Leopard,Panthera uncia,Mammal,Carnivore,Mountain,Mongolia,Metro City Zoo,VULNERABLE,Female,2.8,74.7 lbs,107.1,15,1.54,Healthy,Yes,83.06,2022-09-17
ZA-03054,Red Kangaroo,Osphranter rufus,Mammal,Herbivore,Desert,Australia,Greenfield Sanctuary,na,FEMALE,8.9,66.68,145.9,15,NULL,Healthy,True,106.41,2022-08-02
ZA-00187,Sea Otter,Enhydra lutris,Mammal,Carnivore,Ocean,Russia,Riverside Zoo,ENDANGERED,Male,2.3,14.69,105.6,15,0.54,Sick,No,174.21,2024-02-07
ZA-04563,Emperor Penguin,Aptenodytes forsteri,Bird,Piscivore,Arctic,Antarctica,Metro City Zoo,Near Threatened,Male,10.2,32.68,123.6,20,1.47,Healthy,Yes,96.32,2023-11-03
ZA-01782,Bottlenose Dolphin,Tursiops truncatus,Mammal,Piscivore,ocean,U.S.A.,Greenfield Sanctuary,LC,M,,188.69 kg,289.3,40,9.1,Sick,Y,340.24,2022-08-15
ZA-04239,Scarlet Macaw,Ara macao,Bird,Herbivore,Forest,Peru,Metro City Zoo,LC,Female,22.7,0.95,87.0,50,0.05,Injured,Y,135.3,2022-04-05
ZA-01869,Green Iguana,Iguana iguana,Reptile,Herbivore,Forest,Costa Rica,Safari Park North,Least Concern,female,3.5,4.25,133.2,15,0.28,Injured,Yes,103.83,11-25-2022
ZA-00636,Axolotl,Ambystoma mexicanum,Amphibian,Carnivore,Wetland,Mexico,Metro City Zoo,critically endangered,Male,N/A,0.19 kg,27.2,12,0.01,Healthy,Yes,61.13,28 Jan 2023
ZA-01105,Plains Zebra,equus quagga,Mammal,Herbivore,Savanna,Kenya,Safari Park North,NT,Female,9.3,371.59,206.8,25,25.45,Sick,Yes,$428.32,None
ZA-04593,Giant Panda,Ailuropoda melanoleuca,Mammal,Herbivore,,China,Highland Wildlife Reserve,vulnerable,Female,16.7,106.36,134.6,20,,Healthy,Yes,101.86 USD,08/07/2025
ZA-01877,Komodo Dragon,Varanus komodoensis,  Reptile ,  Carnivore ,na,Indonesia,Safari Park North,None,Male,20.7,76.45,257.3,30,NULL,Healthy,No,84.44,2022-08-10
ZA-01182,Red-eyed Tree Frog,Agalychnis callidryas,Amphibian,Insectivore,Forest,Mexico,  Coastal Aquarium & Zoo ,LC,Male,4.3,0.01,7.2,5,0.0,Healthy,Yes,29.38,24/02/2022
ZA-00688,Red Kangaroo,Osphranter rufus,Mammal,Herbivore,na,Australia,Metro City Zoo,Least Concern,Male,2.7,48.23,127.5,15,3.25,  Healthy ,None,152.01,2023-05-08
ZA-01047,Saltwater Crocodile,Crocodylus porosus,Reptile,Carnivore,Wetland,Indonesia,Highland Wildlife Reserve,least concern,Female,11.2,282.53,405.7,70,NULL,Healthy,No,$143.69,2023-08-20
ZA-03723,Polar Bear,Ursus maritimus,Mammal,Carnivore,ARCTIC,USA,Metro City Zoo,VU,Female,13.2,485.23,246.7,25,19.15,Healthy,-,355.03,17/08/2022
ZA-02266,Bottlenose Dolphin,Tursiops truncatus,Mammal,Piscivore,Ocean,USA,Greenfield Sanctuary,LC,Male,9.9,192.89,310.1,40,9.43,Healthy,na,119.41,2022-03-24
ZA-00768,Bottlenose Dolphin,tursiops truncatus,Mammal,Piscivore,Ocean,Australia,Greenfield Sanctuary,LC,Female,21.6,200.16,286.1,40,10.61,Healthy,N,165.78,2023-05-12
ZA-04954,Golden Eagle,aquila chrysaetos,Bird,CARNIVORE,Mountain,USA,Safari Park North,Least Concern,Female,NULL,4.61,80.8,25,0.2,Healthy,No,52.99,2024-07-08
ZA-00256,Clownfish,Amphiprion ocellaris,Fish,Omnivore,None,Philippines,Greenfield Sanctuary,LC,Male,4.3,0.02,9.4,8,,Healthy,N/A,40.18,08/05/2024
ZA-01845,Plains Zebra,Equus quagga,Mammal,Herbivore,Savanna,Tanzania,highland wildlife reserve,Near Threatened,M,14.0,446.75,246.5,25,36.0,Healthy,Yes,283.45,2024-09-11
ZA-00316,Saltwater Crocodile,Crocodylus porosus,Reptile,Carnivore,Wetland,India,Safari Park North,Least Concern,FEMALE,NULL,474.39,482.8,70,16.87,Healthy,Yes,201.85 USD,04/06/2023
ZA-02636,Red Kangaroo,Osphranter rufus,Mammal,Herbivore,Desert,Australia,Greenfield Sanctuary,,Female,5.3,69.61,121.2,15,3.71,Healthy,Yes,112.31,23 Jun 2022
ZA-03313,Plains Zebra,Equus quagga,Mammal,Herbivore,Savanna,KENYA,Safari Park North,Near Threatened,Male,9.2,454.51,225.1,25,25.6,Healthy,Y,$233.04,2024-11-18
ZA-00916,Saltwater Crocodile,Crocodylus porosus,Reptile,Carnivore,Wetland,Australia,Highland Wildlife Reserve,LC,M,30.9,,430.8,70,21.92,Healthy,Yes,,21/06/2025
ZA-01678,Ostrich,Struthio camelus,Bird,Omnivore,Savanna,Namibia,Coastal Aquarium & Zoo,LC,Male,five,118.8,207.2,40,5.16,HEALTHY,1,191.2,11-26-2022
ZA-03032,Green Sea Turtle,Chelonia mydas,Reptile,Herbivore,Ocean,Mexico,RIVERSIDE ZOO,endangered,Female,8.7,64.79,82.6,80,3.94,Healthy,Yes,$139.58,2025-07-29
ZA-04690,Plains Zebra,Equus quagga,Mammal,Herbivore,Savanna,Kenya,Greenfield Sanctuary,NEAR THREATENED,female,10.4,344.67,238.7,25,19.24,Healthy,No,124.08 USD,02 Jul 2023
ZA-04595,Lionn,Panthera leo,Mammal,Carnivore,Savanna,South Africa,Coastal Aquarium & Zoo,VU,Male,7.0,209.1,251.8,14,N/A,Under Observation,Yes,336.9,13/05/2024
ZA-04701,Brown Bear,Ursus arctos,Mammal,Omnivore,Forest,Canada,Greenfield Sanctuary,LC,male,19.4,378.38,193.2,25,20.14,Under Observation,Yes,360.78,04-12-2023
ZA-04847,Scarlet Macaw,Ara macao,Bird,Herbivore,Forest,Costa Rica,Highland Wildlife Reserve,Least Concern,Female,10.2,0.83,75.7,50,0.04,Healthy,Yes,69.66,10-06-2024
ZA-03557,Green Iguana,Iguana iguana,Reptile,Herbivore,Forest,Mexico,Highland Wildlife Reserve,LC,Male,,5.7,154.7,15,,None,Yes,$126.16,23/02/2022
ZA-04294,Galapagos Tortoise,Chelonoidis niger,Reptile,Herbivore,ISLAND,Ecuador,Safari Park North,Vulnerable,,58.0,311.83,116.9,100,N/A,Injured,1,358.79,2024-07-27
ZA-01196,Grey Wolf,Canis lupus,Mammal,CARNIVORE,Forest,Russian Federation,Safari Park North,LC,Male,2.3,39.49,131.4,8,1.38,Healthy,1,93.59,20 Aug 2024
ZA-04561,Axolotl,Ambystoma mexicanum,Amphibian,Carnivore,Wetland,Mexico,Riverside Zoo,Critically Endangered,Female,4.8,0.15,24.3,12,0.01,Healthy,Yes,36.51,09-15-2024
ZA-00361,Axolotl ,Ambystoma mexicanum,Amphibian,Carnivore,Wetland,Mexico,Coastal Aquarium & Zoo,Critically Endangered,Male,7.6,0.19,26.3,12,0.01,Healthy,True,43.79,09-10-2025
ZA-02029,Koala,Phascolarctos cinereus,Mammal,Herbivore,Forest,Australia,Riverside Zoo,VULNERABLE,Male,4.2,11.77,73.1,13,0.71,Healthy,Yes,69.3,2022-09-21
ZA-02450,WHALE SHARK,Rhincodon typus,Fish,Omnivore,,Mexico,Greenfield Sanctuary,ENDANGERED,Female,51.4,7298.08,891.5,70,354.4,Healthy,Y,$660.15,25/12/2024
ZA-04528,Sea Otter,Enhydra lutris,Mammal,Carnivore,Ocean,Russia,Metro City Zoo,Endangered,Female,4.5,21.83,112.9,15,0.66,Healthy,Yes,99.4,na
ZA-00585,Chimpanzee,Pan troglodytes,Mammal,Omnivore,Forest,Tanzania,Riverside Zoo,Endangered,Male,,41.51,79.5,40,1.59,Sick,Yes,$178.88,2022-03-05
ZA-02528,Ostrich,Struthio camelus,Bird,omnivore,Savanna,Namibia,Safari Park North,Least Concern,Female,4.0,68.01,148.3,40,2.78,Healthy,Yes,129.0,10/07/2025
ZA-02957,GREY WOLF,Canis lupus,Mammal,Carnivore,Forest ,Canada,Metro City Zoo,Least Concern,Male,6.4,39.77,132.5,8,2.0,Under Observation,Yes,118.26,2025-06-05
ZA-01311,Galapagos Tortoise,Chelonoidis niger,Reptile,Herbivore,Island,Ecuador,Highland Wildlife Reserve,VULNERABLE,MALE,12.4,163.49,103.3,100,8.26,Sick,NULL,-,16/06/2022
ZA-00180,Giraffe,Giraffa camelopardalis,Mammal,Herbivore,Savanna,Tanzania,Riverside Zoo,Vulnerable,male,15.5,1233.71,437.0,25,74.13,Healthy,1,355.81,09-03-2025
ZA-02563,Saltwater Crocodile,Crocodylus porosus,Reptile,Carnivore,Wetland,Indonesia,Riverside Zoo,-,Female,39.0,450.64,446.8,70,14.13,Sick,Yes,353.52,2024-12-23
ZA-00379,Axolotl,Ambystoma mexicanum,Amphibian,Carnivore,wetland,Mexico,Metro City Zoo,CR,NULL,N/A,0.22,23.6,12,0.01,Under Observation,No,67.78,2023-04-30
ZA-00668,Orangutan,Pongo pygmaeus,Mammal,Omnivore,Forest,Malaysia,Highland Wildlife Reserve,critically endangered,female,4.5,None,85.2,35,2.83,Healthy,Yes,101.62,2024-12-20
ZA-00869,Giraffe,giraffa camelopardalis,Mammal,Herbivore,Savanna,Namibia,Highland Wildlife Reserve,Vulnerable,Male,12.2,1677.99,405.3,25,122.44,Injured,Yes,799.24,2022-05-24
ZA-04993,Bottlenose Dolphin,Tursiops truncatus,Mammal,Piscivore,Ocean,Mexico,Metro City Zoo,LC,Male,,NULL,290.2,40,9.97,Healthy,Y,199.87,2024-01-02
ZA-02524,Golden Eagle,Aquila chrysaetos,Bird,Carnivore,Mountain,USA,Riverside Zoo,LEAST CONCERN,Female,4.2,2.7,69.3,25,0.12,Healthy,Yes,$50.08,28/08/2022
ZA-01217,Green Sea Turtle,Chelonia mydas,Reptile,Herbivore,Ocean,Australia,Safari Park North,Endangered,Male,37.0,201.25,104.0,80,13.03,Under Observation,No,232.57,2023-05-29
ZA-02583,Axolotl,Ambystoma mexicanum,Amphibian,Carnivore,Wetland,Mexico,Highland Wildlife Reserve,CR,Male,,0.21,26.6,12,0.01,Sick,Yes,78.02 USD,"December 06, 2022"
ZA-03758,Chimpanzee,Pan troglodytes,Mammal,Omnivore,Forest,Uganda,Highland Wildlife Reserve,Endangered,female,7.1,unknown,80.2,40,1.79,Healthy,na,76.91,2024-01-21
ZA-02380,Leopard,Panthera pardus,Mammal,Carnivore,Forest,South Africa,Greenfield Sanctuary,VU,Female,7.3,63.05,159.3,14,2.77,Under Observation,Y,197.45,2022-08-09
ZA-04961,Ostrich,Struthio camelus,Bird,Omnivore,Savanna,Kenya,Greenfield Sanctuary,least concern,Female,,102.35,201.4,40,4.45,Healthy,Y,106.3,2025-04-06
ZA-03009,Polar Bear,Ursus maritimus,Mammal,Carnivore,Arctic,Canada,Greenfield Sanctuary,VU,Male,,432.71,264.9,25,19.46,Healthy,Yes,242.81,17/04/2024
ZA-01727,Lionn,Panthera leo,Mammal,Carnivore,Savanna,kenya,Metro City Zoo,Vulnerable,Female,12.6,162.01,NULL,14,6.85,Healthy,Yes,168.78,31 Dec 2024
ZA-02015,Koala,Phascolarctos cinereus,Mammal,Herbivore,Forest,Australia,Coastal Aquarium & Zoo,VU,Male,4.0,11.16,71.5,13,0.59,Healthy,None,54.73,2023-10-13
ZA-03671,Saltwater Crocodile,Crocodylus porosus,Reptile,Carnivore,Wetland,india,Riverside Zoo,least concern,-,1.9,124.18,302.0,70,4.21,Under Observation,Y,293.09 USD,None
ZA-03076,Snow Leopard,Panthera uncia,Mammal,Carnivore,Mountain,Pakistan,Safari Park North,vulnerable,female,,38.76,124.8,15,1.57,Healthy,No,154.91 USD,2023-11-12
ZA-00424,Bald Eagle,Haliaeetus leucocephalus,Bird,Carnivore,Forest,USA,None,Least Concern,Male,21.1,5.92,90.8,25,0.25,Healthy,Yes,48.33,2025-02-16
ZA-02762,Lion,Panthera leo,Mammal,Carnivore,SAVANNA,  Kenya ,Safari Park North,VU,Female,8.9,231.82,247.1,14,8.71,Healthy,Yes,175.08,17 Jul 2024
ZA-00140,Green Iguana,Iguana iguana,Reptile,Herbivore,Forest,Costa Rica,Riverside Zoo,Least Concern,Male,,3.12 kg,136.3,15,0.19,Under Observation,Yes,91.65,26/10/2024
ZA-00980,Green Iguana,iguana iguana,Reptile,Herbivore,FOREST,Costa Rica,Coastal Aquarium & Zoo,LC,Male,6.4,6.3,150.4,15,0.47,Healthy,Yes,na,31/12/2024
ZA-00415,Cheetah,Acinonyx jubatus,Mammal,Carnivore,Savanna,Namibia,Greenfield Sanctuary,vulnerable,Female,3.1,100.5 lbs,129.7,12,1.91,Healthy,Yes,95.61 USD,2022-12-12
ZA-03751,Plains Zebra,Equus quagga,Mammal,Herbivore,Savanna,Tanzania,Riverside Zoo,NT,Female,9.9,360.84,225.3,25,,Healthy,Yes,None,2022-07-15
ZA-04430,Red-eyed Tree Frog,Agalychnis callidryas,Amphibian,Insectivore,Forest,Costa Rica,Coastal Aquarium & Zoo ,LC,Male,3.1,0.0 lbs,7.1,5,0.0,Healthy,na,37.79,"July 25, 2025"
ZA-01792,Red Kangaroo,Osphranter rufus,Mammal,Herbivore,Desert,Australia,Greenfield Sanctuary,least concern,Male,5.1,66.09,140.5,15,3.94,Healthy,No,86.33,"November 17, 2024"
ZA-00610,Gorilla,Gorilla gorilla,Mammal,Herbivore,Forest,Uganda,Metro City Zoo,CR,M,6.4,338.5 lbs,150.4,35,8.99,Healthy,N,None,2024-02-06
ZA-03840,Peacock,Pavo cristatus,Bird,Omnivore,Forest,SRI LANKA,NULL,Least Concern,MALE,11.6,6.23,198.7,20,None,Healthy,Yes,100.48,2023-05-04
ZA-01284,Plains Zebra,Equus quagga,Mammal,Herbivore,Savanna,Tanzania,Safari Park North,Near Threatened,male,11.2,378.75,241.0,25,25.01,under observation,Yes,354.14,03-27-2023
ZA-03087,Snow Leopard,Panthera uncia,Mammal,Carnivore,Mountain,Mongolia,Safari Park North,VU,Male,5.1,45.42,-,15,1.34,Healthy,Yes,83.25,13 Jun 2025
ZA-04105,Polar Bear,Ursus maritimus,Mammal,Carnivore,Arctic,Russian Federation,Safari Park North,Vulnerable,Male,8.5,416.7,N/A,25,17.21,Healthy,True,239.03,na
ZA-03530,Saltwater Crocodile,Crocodylus porosus,Reptile,Carnivore,Wetland,Indonesia,Riverside Zoo,Least Concern,unknown,36.4,353.98,428.0,70,14.51,Sick ,1,302.38,2023-12-22
ZA-04611,Nile Crocodile,Crocodylus niloticus,reptile,Carnivore,Wetland,Zambia,Highland Wildlife Reserve,Least Concern,Male,41.7,406.42,476.6,70,,Healthy,1,240.48,"November 13, 2024"
ZA-01465,Koala,Phascolarctos cinereus,mammal,Herbivore,forest,Australia,Coastal Aquarium & Zoo,Vulnerable,Female,6.8,8.08,73.0,13,0.47,Healthy,NULL,56.72,2025-03-13
ZA-01544,Golden Eagle,Aquila chrysaetos,Bird,Carnivore,Mountain,Mongolia,Coastal Aquarium & Zoo,LC,FEMALE,7.1,5.6,83.8,25,0.23,Healthy,Y,$60.85,2025-09-04
ZA-03166,African Elephant,Loxodonta africana,Mammal,Herbivore,Savanna,Botswana,Greenfield Sanctuary,na,Male,4.2,1751.64,441.8,60,104.45,Sick,1,492.12,2022-12-24
ZA-04013,Orangutang,Pongo pygmaeus,Mammal,Omnivore,Forest,Malaysia,Highland Wildlife Reserve,CR,Male,21.1,73.15,115.8,35,4.45,unknown,0,$102.59,"August 07, 2022"
ZA-03439,Bald Eagle,Haliaeetus leucocephalus,Bird,Carnivore,Forest,usa,Highland Wildlife Reserve,LC,female,12.6,5.12 kg,79.3,25,0.28,Healthy,N,50.37,2025-05-14
ZA-00049,Koala,Phascolarctos cinereus,Mammal,Herbivore,Forest,Australia,Riverside Zoo,VU,Male,5.9,9.34,76.3,13,0.52,Healthy,Y,83.3,01-09-2025
ZA-02811,Chimpanzee,Pan troglodytes,mammal,Omnivore,Forest,Congo,Highland Wildlife Reserve,EN,Male,two,42.54,87.2,40,1.63,Sick,False,$163.76,09/12/2022
ZA-04017,Whale Shark,Rhincodon typus,Fish,Omnivore,Ocean,Australia,Riverside Zoo,EN,Male,7.7,4714.25,839.5,70,192.83,Healthy,True,783.79,2022-05-13
ZA-00157,King Cobra,Ophiophagus hannah,Reptile,Carnivore,Forest,Indonesia,Coastal Aquarium & Zoo,Vulnerable,Male,2.7,4.24,325.6,20,0.19,Healthy,Yes,47.66,2022-02-11
ZA-04958,Hippopotamus,hippopotamus amphibius,Mammal,Herbivore,Wetland,Zambia,Highland Wildlife Reserve,VU,Male,10.3,1291.94,343.7,40,78.44,Under Observation,Yes,742.25 USD,27/05/2022
ZA-02870,Scarlet Macaw,Ara macao,Bird,Herbivore,Forest,Brazil,Safari Park North,Least Concern,Male,16.1,0.89,92.5,50,0.07,healthy,Yes,$53.46,2024-09-10
ZA-04009,Peacock,Pavo cristatus,Bird,Omnivore,Forest,Pakistan,Greenfield Sanctuary,Least Concern,Female,,4.25,187.7,20,0.21,Healthy,No,64.02,27/05/2024
ZA-04740,Giraffe,Giraffa camelopardalis,Mammal,Herbivore,Savanna,Tanzania,Highland Wildlife Reserve,Vulnerable,FEMALE,6.9,2578.3 lbs,436.2,25,63.07,Healthy,False,263.60 USD,14/05/2023
ZA-04194,Lionn,Panthera leo,Mammal,Carnivore,Savanna,Tanzania,greenfield sanctuary,VU,Male,5.6,234.33,240.1,14,9.92,Healthy,Yes,179.28,2025-09-03
ZA-00493,emperor penguin,Aptenodytes forsteri,Bird,Piscivore,Arctic,Antarctica,Riverside Zoo,Near Threatened,Female,5.4,27.14,107.0,20,1.32,Healthy,1,$75.61,2025-09-07
ZA-04982,Green Iguana,Iguana iguana,Reptile,Herbivore,Forest,Brazil,  Riverside Zoo ,Least Concern,M,9.6,6.22,158.4,15,0.37,Healthy,na,$48.52,17/01/2022
ZA-03661,Polar Bear,Ursus maritimus,Mammal,Carnivore,Arctic,United States,Coastal Aquarium & Zoo,VU,MALE,12.7,527.38,270.3,25,25.89,Sick,1,622.46,03/11/2023
ZA-00722,Asian Elephant,Elephas maximus,Mammal,Herbivore,Forest,India,Safari Park North,endangered,Male,37.8,4393.33,514.5,60,216.43,Healthy,Yes,777.03,2022-07-29
ZA-01060,African Elephant,Loxodonta africana,Mammal,Herbivore,Savanna,South Africa,unknown,Vulnerable,Male,25.1,4974.3,599.4,60,277.87,Healthy,Yes,595.85 USD,2024-09-27
ZA-00101,Koala,Phascolarctos cinereus,Mammal,Herbivore,Forest,Australia,metro city zoo,VU,Male,9.4,12.75,86.0,13,0.9,Injured,No,143.88,"December 05, 2024"
ZA-03186,Flamingo,Phoenicopterus roseus,Bird,Omnivore,Wetland,Kenya,Greenfield Sanctuary,Least Concern,Female,14.5,2.88,121.3,30,0.13,Healthy,Yes,54.56,01-18-2023
ZA-02037,Cheetah,Acinonyx jubatus,Mammal,Carnivore,Savanna,Botswana,Highland Wildlife Reserve,VU,male,1.1,28.81,105.7,12,1.0,Injured,Yes,223.44,02/09/2022
ZA-03978,Tiger,Panthera tigris,Mammal,Carnivore,Forest,india,Highland Wildlife Reserve,EN,Female,7.3,250.03,276.8,16,9.62,Sick,No,337.54,2022-06-17
ZA-01194,Grey Wolf,Canis lupus,mammal,Carnivore ,Forest,Russian Federation,Riverside Zoo,Least Concern,Female,1.7,28.5,121.4,8,,Healthy,False,74.43,2023-04-18
ZA-04206,King Cobra,Ophiophagus hannah,Reptile,Carnivore,Forest,Indonesia,Riverside Zoo,Vulnerable,Male,6.6,6.55,393.8,20,0.26,Healthy,Yes,79.1,05-06-2024
ZA-03433,Gorilla,Gorilla gorilla,Mammal,Herbivore,Forest,Gabon,Highland Wildlife Reserve,CR,Male,11.7,193.97,182.3,35,15.23,Healthy,Yes,163.96,2022-09-25
ZA-01896,Red Kangaroo,Osphranter rufus,Mammal,Herbivore,Desert,Australia,Riverside Zoo,LC,Female,8.0,65.54 kg,140.9,15,2.93,Healthy,Yes,$115.43,2023-05-16
ZA-01003,Ostrich,Struthio camelus,bird,Omnivore,Savanna,Kenya,Metro City Zoo,LC,Male,12.4,92.75,202.5,40,4.59,Healthy,No,113.57,2022-04-23
ZA-00514,Asian Elephant,Elephas maximus,Mammal,Herbivore,Forest,Thailand,Coastal Aquarium & Zoo,Endangered,Male,26.2,3533.7,586.1,60,198.78,Healthy,Yes,711.81,2024-01-10
ZA-02980,Gorilla,gorilla gorilla,Mammal,Herbivore,Forest,Uganda,Metro City Zoo,Critically Endangered,Male,10.0,151.22,177.0,35,11.2,Healthy,True,153.99,2022-09-06
ZA-01773,Polar Bear,Ursus maritimus,Mammal,Carnivore,Arctic,Russia,Riverside Zoo,Vulnerable,Female,11.2,377.38,245.2,25,NULL,Healthy,-,265.32,2025-02-10
ZA-02124,Green Iguana,Iguana iguana,Reptile,Herbivore,Forest,Mexico,Highland Wildlife Reserve,Least Concern,F,10.4,unknown,141.6,15,0.25,under observation,True,88.37,09-01-2025
ZA-00645,Hippopotamus,Hippopotamus amphibius,MAMMAL,Herbivore,Wetland,  Kenya ,Metro City Zoo,na,Female,unknown,1220.93,363.1,40,85.35,Sick,False,670.36,15/02/2024
ZA-02091,Saltwater Crocodile,Crocodylus porosus,Reptile,Carnivore,Wetland,Australia,Riverside Zoo,LC,Female,10.3,321.89,383.1,70,14.4,Healthy,Yes,257.83,2025-03-13
ZA-00215,Komodo Dragon,Varanus komodoensis,Reptile,Carnivore,  Forest ,Indonesia,Highland Wildlife Reserve,Endangered,Female,7.7,63.85,227.5,30,2.39,Healthy,Yes,137.35,29 Nov 2024
ZA-02271,Lion,Panthera leo,Mammal,  Carnivore ,na,Kenya,SAFARI PARK NORTH,VU,Female,7.8,173.55,246.9,14,5.84,Healthy,Yes,183.38,2025-07-03
ZA-00088,Tigr,Panthera tigris,Mammal,Carnivore,Forest,IND,Safari Park North,EN,Female,6.0,214.88,284.6,16,8.13,Healthy,1,N/A,2023-02-21
ZA-02036,Whale Shark,Rhincodon typus,Fish,Omnivore,Ocean,Australia,Greenfield Sanctuary,EN,Female,12.3,7578.38,824.7,70,270.09,Healthy,Yes,"$1,013.90",22/01/2023
ZA-02139,Whale Shark,Rhincodon typus,Fish,Omnivore,Ocean,  Australia ,Riverside Zoo,Endangered,Female,32.2,9379.31,1000.1,70,395.56,Healthy,1,964.89,05-08-2025
ZA-02420,King Cobra,Ophiophagus hannah,Reptile,Carnivore,Forest,India,Greenfield Sanctuary,Vulnerable,Female,14.9,5.56,388.4,20,0.2,Healthy,Yes,67.03,2023-06-17
ZA-01219,  Clownfish ,Amphiprion ocellaris,Fish,Omnivore,ocean,Indonesia,metro city zoo,LC,Female,,0.02,9.5,8,0.0,Healthy,Yes,31.51,2025-03-15
ZA-01802,Snow Leopard,Panthera uncia,Mammal,Carnivore,Mountain,Pakistan,  Riverside Zoo ,unknown,F,8.0,41.34 kg,115.9,15,1.8,Under Observation,Yes,222.31,2022-02-12
ZA-02148,Giant Panda,Ailuropoda melanoleuca,Mammal,Herbivore,Forest,China,Riverside Zoo,vulnerable,Male,2.3,62.42,124.6,20,4.29,Healthy,Yes,102.12,2023-07-20
ZA-04962,Saltwater Crocodile,Crocodylus porosus,Reptile,Carnivore,Wetland,Indonesia,Highland Wildlife Reserve,LC,Male,17.6,512.30 kg,457.4,70,17.19,Under Observation,Yes,605.2,2024-06-30
ZA-04739,Ostrich,Struthio camelus,Bird,Omnivore,savanna,Kenya,safari park north,Least Concern,female,19.5,130.58,190.3,40,5.51,Healthy,Yes,202.8,2022-04-20
ZA-02169,Tiger,Panthera tigris,Mammal,Carnivore,Forest,India,Metro City Zoo,EN,Male,,233.98,283.2,16,7.47,Healthy,Yes,192.47,18/12/2024
ZA-00076,Saltwater Crocodile,Crocodylus porosus,Reptile,Carnivore,Wetland,India,Metro City Zoo ,LC,Male,24.5,None,483.5,70,16.54,Healthy,No,unknown,2023-05-07
ZA-04932,Plains Zebra,Equus quagga,Mammal,Herbivore,Savanna,Botswana,na,NT,F,9.7,366.24,N/A,25,17.04,Healthy,Yes,236.22,24/03/2024
ZA-01524,Nile Crocodile,Crocodylus niloticus,Reptile,Carnivore,Wetland,Kenya,Highland Wildlife Reserve,Least Concern,Female,25.2,345.41,460.5,70,12.62,-,Yes,195.08,2025-08-25
ZA-01338,Emperor Penguin,Aptenodytes forsteri,Bird,Piscivore,Arctic,Antarctica,Riverside Zoo,Near Threatened,Female,9.9,47.4 lbs,110.1,20,1.03,Healthy,Yes,102.33,2024-04-06
ZA-02027,Whale Shark,Rhincodon typus,Fish,Omnivore,Ocean,Pakistan,Safari Park North,Endangered,Male,32.5,9072.32,959.9,70,504.23,Healthy,True,924.64,20/03/2024
ZA-01683,BALD EAGLE,Haliaeetus leucocephalus,bird,Carnivore,Forest,Canada,Coastal Aquarium & Zoo,least concern,Male,9.2,6.05,88.3,25,,Healthy,Yes,125.17,12/03/2025
ZA-02472,Leopard,Panthera pardus,Mammal,Carnivore,Forest,South Africa,Metro City Zoo,VU,Male,1.6,32.86,5000,14,N/A,Healthy,N,$140.35,02/02/2024
ZA-02030,King Cobra,Ophiophagus hannah,Reptile,Carnivore,Forest,IND,Coastal Aquarium & Zoo,Vulnerable,Male,17.1,5.18,411.0,20,0.26,Healthy,Yes,45.0,2022-01-10
ZA-02889,Scarlet Macaw,ara macao,Bird,Herbivore,Forest,Brazil,Greenfield Sanctuary,LC,Female,28.3,1.0,82.8,50,0.06,Healthy,Yes,40.35,01 Apr 2024
ZA-04400,Asian Elephant,Elephas maximus,mammal,herbivore,Forest,Thailand,Metro City Zoo,ENDANGERED,Female,33.5,2939.58,526.9,60,162.16,Healthy,No,484.69,03/01/2025
ZA-02910,Snow Leopard,Panthera uncia,Mammal,Carnivore,Mountain,Pakistan,Coastal Aquarium & Zoo,Vulnerable,Male,2.1,32.46,109.4,15,1.63,Healthy,No,93.98,2024-01-12
ZA-03833,Leopard,Panthera pardus,Mammal,Carnivore,Forest,South Africa,Highland Wildlife Reserve,VU,Female,5.4,65.43,174.8,14,unknown,Healthy,Yes,85.5,2022-11-21
ZA-00713,Koala,Phascolarctos cinereus,Mammal,Herbivore,Forest,Australia,Riverside Zoo,Vulnerable,Male,9.6,10.88,79.6,13,0.5,Healthy,Yes,54.28,2022-12-09
ZA-04619,Snow Leopard,Panthera uncia,Mammal,Carnivore,Mountain,China,Highland Wildlife Reserve,VU,male,6.4,45.54,136.2,15,-,Healthy,na,$121.95,2023-03-05
ZA-03139,Bottlenose Dolphin,Tursiops truncatus,Mammal,Piscivore,Ocean,Australia,Highland Wildlife Reserve,Least Concern,Male,11.4,240.42,331.3,40,11.46,Healthy,Yes,212.23,2022-10-19
ZA-02001,Nile Crocodile,Crocodylus niloticus,Reptile,Carnivore,Wetland,,Metro City Zoo,Least Concern,Female,56.3,421.85,466.7,70,18.11,Healthy,No,228.61,2023-12-21
ZA-01548,Giraffe,Giraffa camelopardalis,Mammal,Herbivore,Savanna,Kenya,Riverside Zoo,Vulnerable,Female,na,1202.75,464.3,25,89.69,Healthy,Yes,375.83,05-22-2022
ZA-01936,Red Kangaroo,Osphranter rufus,MAMMAL,Herbivore,Desert,Australia,Metro City Zoo,Least Concern,Female,6.0,64.88,142.5,15,4.79,Healthy,Yes,$117.19,04/05/2025
ZA-04279,Gorilla,Gorilla gorilla,Mammal,Herbivore,Forest,Uganda,Metro City Zoo,Critically Endangered,Male,21.9,189020 g,163.7,35,9.56,Healthy,No,$178.34,"April 20, 2022"
ZA-00244,Bald Eagle ,Haliaeetus leucocephalus,Bird,Carnivore,Forest,usa,Highland Wildlife Reserve,LC,Male,5.4,4.79,78.4,25,0.22,Healthy,N/A,None,2024-03-14
ZA-02718,Flamingo,Phoenicopterus roseus,Bird,Omnivore,Wetland,Kenya,Highland Wildlife Reserve,LC,Female,7.7,2.43,118.3,30,,Healthy,No,unknown,04-27-2025
ZA-01097,Chimpanzee,Pan troglodytes,  Mammal ,Omnivore,Forest,Uganda,Coastal Aquarium & Zoo,EN,Female,5.0,25.57,67.0,40,0.97,Under Observation,Yes,,2022-09-18
ZA-02535,Golden Eagle,Aquila chrysaetos,Bird,CARNIVORE,Mountain,Mongolia,Riverside Zoo,Least Concern,Male,6.8,,86.4,25,0.25,Healthy,Yes,80.53,2023-10-15
ZA-01119,Saltwater Crocodile,Crocodylus porosus,Reptile,Carnivore,Wetland,Indonesia,Metro City Zoo,LC,Female,27.4,389.24,444.6,70,na,Healthy,No,315.8,03-24-2024
ZA-04289,Axolotl,Ambystoma mexicanum,Amphibian,Carnivore,Wetland,Mexico,Highland Wildlife Reserve,CR,Male,1.8,0.4 lbs,22.2,12,0.01,Healthy,Yes,unknown,19 Feb 2025
ZA-04525,Ostrich,Struthio camelus,Bird,Omnivore,Savanna,N/A,Greenfield Sanctuary,Least Concern,unknown,20.3,107190 g,185.3,40,4.72,Healthy,No,119.48,2022-04-12
ZA-02653,Clownfish,Amphiprion ocellaris,Fish,OMNIVORE,Ocean,Australia,na,Least Concern,MALE,1.1,0.01 kg,8.0,8,0.0,Healthy,Yes,38.54,2023-11-27
ZA-02270,Clownfish,Amphiprion ocellaris,Fish,Omnivore,Ocean,Philippines,Greenfield Sanctuary,LC,Female,3.5,0.0 lbs,8.0,8,0.0,Healthy,Yes,36.57,2024-04-26
ZA-02808,saltwater crocodile,Crocodylus porosus,REPTILE,Carnivore,Wetland,INDONESIA,Riverside Zoo,LC,Male,53.2,579.52,512.2,70,26.09,Healthy,1,198.06,2023-12-05
ZA-01431,Cheetah,Acinonyx jubatus,mammal,CARNIVORE,Savanna,Botswana,Riverside Zoo,VULNERABLE,MALE,6.2,64.68,135.6,12,2.53,Healthy,Yes,83.54,03/12/2022
ZA-01791,Whale Shark,Rhincodon typus,Fish,Omnivore,Ocean,  Pakistan ,Safari Park North,Endangered,M,48.4,None,1119.3,70,455.78,Under Observation,1,"$1,210.42",2025-05-30
ZA-00163,Snow Leopard,Panthera uncia,Mammal,Carnivore,Mountain,China,  Riverside Zoo ,Vulnerable,Male,11.2,45.98,133.9,15,2.34,Healthy,Yes,91.66,2023-06-25
ZA-03256,Saltwater Crocodile,Crocodylus porosus,Reptile,Carnivore,Wetland,india,Coastal Aquarium & Zoo,LC,Male,39.9,610.53,498.8,70,22.19,Healthy,Y,387.84,2022-01-01
ZA-02893,Green Iguana,Iguana iguana,Reptile,Herbivore,Forest,Costa Rica,Metro City Zoo,least concern,M,4.5,5.32,145.5,15,0.23,Under Observation,No,$103.32,2024-08-31
ZA-00910,Bottlenose Dolphin,tursiops truncatus,Mammal,Piscivore,Ocean,USA,Safari Park North,LC,Male,30.8,232.27,289.6,40,10.36,Healthy,True,136.24,05/03/2023
ZA-03791,Golden Eagle,Aquila chrysaetos,Bird,Carnivore,Mountain,Pakistan,Safari Park North,LEAST CONCERN,MALE,7.1,4.93,86.0,25,0.19,Under Observation,Yes,103.84,2023-07-13
ZA-04769,Bald Eagle,Haliaeetus leucocephalus,Bird,Carnivore,Forest,Canada,Highland Wildlife Reserve,LEAST CONCERN,Male,22.3,5.4,82.0,25,0.22,sick,No,146.65,2024-07-30
ZA-04212,Cheetah,Acinonyx jubatus,Mammal,Carnivore,Savanna,Botswana,Highland Wildlife Reserve,Vulnerable,male,9.1,63.52,132.4,12,,Healthy,True,$95.58,09-21-2024
ZA-04409,African Elephant,loxodonta africana,Mammal,Herbivore,Savanna,Botswana,Highland Wildlife Reserve,VU,female,44.3,4972.67,548.4 cm,60,175.11,Healthy,No,837.97,08/10/2023
ZA-02356,Polar Bear,Ursus maritimus,Mammal,Carnivore,Arctic,Russia,Safari Park North,VU,Male,21.8,440.52,239.8,25,12.19,Healthy,Yes,280.0,2025-01-02
ZA-04741,Clownfish,Amphiprion ocellaris,Fish,Omnivore,Ocean,Australia,highland wildlife reserve,Least Concern,Male,NULL,20 g,8.9,8,0.0,Sick,True,NULL,2023-08-29
ZA-01728,Snow Leopard,Panthera uncia,Mammal,Carnivore,Mountain,China,Riverside Zoo,VU,Male,8.9,43.26,139.0,15,1.7,Healthy,Yes,75.26,2025-07-13
ZA-02533,Green Sea Turtle,Chelonia mydas,Reptile,Herbivore,Ocean,Mexico,Riverside Zoo,EN,Male,35.3,139.37,113.0,80,6.14,Healthy,None,$179.02,2024-07-01
ZA-03921,Snow Leopard,Panthera uncia,mammal,  Carnivore ,Mountain,Mongolia,Riverside Zoo,VU,NULL,6.8,41.36,142.2,15,1.48,Injured,Yes,203.01,2024-03-15
ZA-02281,Lion,Panthera leo,Mammal,Carnivore,Savanna,South Africa,Riverside Zoo,VU,None,4.6,184.33,257.1,14,,Healthy,Yes,119.34,02/05/2025
ZA-04124,Emperor Penguin,Aptenodytes forsteri,Bird,Piscivore,Arctic,Antarctica,METRO CITY ZOO,NT,female,15.7,66.1 lbs,106.3,20,1.41,Injured,Yes,145.45,09 Jul 2023
ZA-01789,Koala,Phascolarctos cinereus,Mammal,Herbivore,Forest,Australia,Greenfield Sanctuary,VU,Male,2.6,7.14,71.5,13,0.43,Healthy,No,$59.52,2022-07-10
ZA-01329,Hippopotamus,Hippopotamus amphibius,Mammal,Herbivore,Wetland,Kenya,Riverside Zoo,Vulnerable,Male,13.9,1655.54,342.7,40,70.54,Healthy,Yes,366.32,2022-10-14
ZA-01168,Giant Panda,Ailuropoda melanoleuca,Mammal,Herbivore,,China,Greenfield Sanctuary,Vulnerable,,4.9,91.83,147.2,20,5.54,Injured,True,291.11,23/09/2022
ZA-02865,Emperor Penguin,Aptenodytes forsteri,Bird,Piscivore,Arctic,Antarctica,Highland Wildlife Reserve,Near Threatened,Female,6.6,29.68,113.3,20,1.45,Healthy,No,107.52,11-03-2024
ZA-02744,Grey Wolf,Canis lupus,Mammal,Carnivore,Forest,Russia,Metro City Zoo,LC,Male,2.1,38.45,130.4,8,1.58,Healthy,Yes,$127.91,2025-04-23
ZA-00757,Cheeta,Acinonyx jubatus,Mammal,Carnivore,Savanna,Botswana,Metro City Zoo,VU,Male,,54.47,122.5,12,2.54,Healthy,No,71.93,14/05/2025
ZA-04624,Bald Eagle,Haliaeetus leucocephalus,Bird,Carnivore,Forest,Canada,coastal aquarium & zoo,LC,Female,12.3,4460 g,74.5,25,0.23,Healthy,Yes,77.78,2023-07-03
ZA-02746,FLAMINGO,Phoenicopterus roseus,Bird,Omnivore,Wetland,india,Coastal Aquarium & Zoo,least concern,female,9.5,3.12,129.5,30,na,Sick,Yes,108.82,"May 22, 2022"
ZA-04679,Snow Leopard,Panthera uncia,mammal,  Carnivore ,Mountain,China,Metro City Zoo,VU,Female,3.3,29.95,114.4,15,1.18,Sick,Yes,175.34,30 Oct 2023
ZA-02161,Great White Shark,Carcharodon carcharias,Fish,Carnivore,Ocean,South Africa,Riverside Zoo,Vulnerable,Female,29.8,829.74,444.2,70,31.25,Healthy,Yes,389.38,2022-12-12
ZA-02463,Green Sea Turtle,Chelonia mydas,Reptile,Herbivore,Ocean,Pakistan,Safari Park North,EN,NULL,21.4,139.63 kg,108.9,80,7.09,Healthy,Yes,189.71,28 Oct 2024
ZA-03569,Brown Bear,Ursus arctos,Mammal,Omnivore,NULL,USA,Greenfield Sanctuary,Least Concern,M,11.1,298.52,212.4,25,17.34,Healthy,,96.87,18 Apr 2024
ZA-03722,Tiger,Panthera tigris,Mammal,Carnivore,Forest,Indonesia,Coastal Aquarium & Zoo,EN,Female,11.6,197.96,273.2,16,9.58,Healthy,N,123.62,20/05/2022
ZA-03562,Koala,Phascolarctos cinereus,mammal,Herbivore,Forest,Australia,Safari Park North,VU,Female,7.2,20.4 lbs,71.4 cm,13,0.51,Healthy,No,83.31,28/06/2024
ZA-04007,Giant Panda,Ailuropoda melanoleuca,Mammal,Herbivore,Forest,China,Safari Park North,VU,,13.2,96480 g,148.9,20,5.34,Healthy,No,159.22,10 Jan 2023
ZA-04996,Red-eyed Tree Frog,Agalychnis callidryas,Amphibian,Insectivore,Forest,Mexico,Riverside Zoo,Least Concern,Male,4.5,0.01,7.0,5,0.0,Healthy,Yes,52.45 USD,11-04-2024
ZA-02897,TIGER,Panthera tigris,Mammal,Carnivore,Forest,indonesia,Highland Wildlife Reserve,Endangered,Male,2.0,129.91,226.7,16,4.48,Healthy,No,$124.79,2022-05-25
ZA-04449,Bottlenose Dolphin,Tursiops truncatus,Mammal,Piscivore,Ocean,Australia,Safari Park North,LEAST CONCERN,Male,10.9,217.4,327.7,40,10.33,Healthy,No,,2024-07-17
ZA-00003,Plains Zebra,Equus quagga,Mammal,Herbivore,Savanna,Botswana,Riverside Zoo,near threatened,na,13.0,427.92,250.4,25,21.92,Healthy,Yes,$208.89,2023-01-30
ZA-00314,Red Kangaroo,Osphranter rufus,Mammal,Herbivore,Desert,Australia,Highland Wildlife Reserve,Least Concern,Male,4.8,67.88,149.5,15,3.51,Healthy,No,123.41,2023-12-20
ZA-03942,Bald Eagle,Haliaeetus leucocephalus,bird,CARNIVORE,Forest,US,Riverside Zoo,Least Concern,Female,9.9,4.09,80.6,25,NULL,Healthy,Yes,59.82,25/01/2022
ZA-01146,Gorilla,Gorilla gorilla,Mammal,Herbivore,Forest,Gabon,Safari Park North,Critically Endangered,Female,7.5,99.19,148.9,35,5.71,Under Observation,Yes,203.03,07-09-2023
ZA-03407,Saltwater Crocodile,Crocodylus porosus,Reptile,Carnivore,Wetland,India,Metro City Zoo,LC,FEMALE,44.1,359.51,475.3,70,14.68,Healthy,Yes,238.54,15/04/2024
ZA-01740,Cheetah,acinonyx jubatus,Mammal,Carnivore,Savanna,Kenya,Riverside Zoo,VULNERABLE,Female,2.5,41.12,108.3,12,1.61,  Sick ,No,132.02,09/10/2023
ZA-03136,King Cobra,ophiophagus hannah,Reptile,Carnivore,Forest,Thailand,safari park north,VU,Male,16.1,7.49,404.4,20,na,Healthy,Yes,65.29,2022-07-10
ZA-04175,Cheetah,Acinonyx jubatus,Mammal,Carnivore,Savanna,Namibia,Metro City Zoo,Vulnerable,Female,7.3,50.28,128.2,12,2.17,Under Observation,No,198.56 USD,05/12/2022
ZA-00654,Red-eyed Tree Frog,Agalychnis callidryas,Amphibian,Insectivore,Forest,Costa Rica,Metro City Zoo,None,Female,3.0,0.01,6.8,5,,Sick,1,71.7,"February 17, 2022"
ZA-00337,Orangutan,Pongo pygmaeus,Mammal,Omnivore,Forest,Malaysia,Coastal Aquarium & Zoo,CR,Female,14.3,97820 g,107.0,35,,Healthy,1,100.47 USD,2024-04-10
ZA-00279,Great White Shark,Carcharodon carcharias,Fish,Carnivore,Ocean,USA,-,VU,M,32.8,965.65,488.2,70,50.7,Injured,1,634.92,2025-08-02
ZA-04298,Bottlenose Dolphin,Tursiops truncatus,Mammal,Piscivore,  Ocean ,US,Greenfield Sanctuary,Least Concern,Female,6.4,108.05,246.4,40,5.36,Healthy,Y,90.94,2022-03-03
ZA-03306,Nile Crocodile,Crocodylus niloticus,REPTILE,Carnivore,wetland,Kenya,Metro City Zoo,least concern,Female,55.6,358.37,498.0,70,12.63,Under Observation,Yes,343.12 USD,07 Jul 2025
ZA-01437,Clownfish,Amphiprion ocellaris,Fish,Omnivore,Ocean,Philippines ,Coastal Aquarium & Zoo,Least Concern,M,1.9,0.02,9.0,8,0.0,Injured,N,83.95,"June 11, 2023"
ZA-02339,Scarlet Macaw,Ara macao,Bird,Herbivore,Forest,Brazil,Greenfield Sanctuary,N/A,F,8.0,0.62,70.5,50,,Healthy,Yes,43.94,2023-11-10
ZA-00786,Golden Eagle,Aquila chrysaetos,Bird,CARNIVORE,Mountain,Pakistan,  Metro City Zoo ,LEAST CONCERN,Male,16.9,4.71,92.3,25,0.2,injured,No,188.12,16/11/2022
ZA-04303,Brown Bear,Ursus arctos,Mammal,Omnivore,Forest,Russia,Riverside Zoo,Least Concern,FEMALE,17.2,332.93,187.8,25,14.08,Healthy,Yes,$252.63,06 Mar 2025
ZA-04627,Hippopotamus,Hippopotamus amphibius,Mammal,Herbivore,Wetland,Kenya,Riverside Zoo,Vulnerable,Male,13.1,1673.45,335.5,40,97.36,Healthy,True,442.78,15 Feb 2025
ZA-01902,Chimpanzee,Pan troglodytes,Mammal,Omnivore,Forest,DRC,Highland Wildlife Reserve,EN,Female,8.1,na,80.6,40,1.7,Injured,Y,343.7,2023-04-30
ZA-00038,Bald Eagle,Haliaeetus leucocephalus,Bird,Carnivore,unknown,U.S.A.,Coastal Aquarium & Zoo,Least Concern,Male,None,5.26,83.9,25,0.19,Healthy,True,56.47,10/09/2024
ZA-04540,Flamingoe,Phoenicopterus roseus,Bird,Omnivore,Wetland,india,Highland Wildlife Reserve,LC,Male,8.6,3.52,-,30,0.14,Healthy,Y,130.07,02-22-2025
ZA-04957,Red Kangaroo,osphranter rufus,Mammal,Herbivore,Desert,Australia,Riverside Zoo,Least Concern,Female,12.0,70.29,136.8,15,3.65,Healthy,Yes,155.98,2024-05-02
ZA-00745,Hippopotamus,Hippopotamus amphibius,Mammal,Herbivore,Wetland,Kenya,Riverside Zoo,VU,Female,N/A,1191.48,313.9,40,83.9,Healthy,No,404.62,2022-12-26
ZA-04414,Bottlenose Dolphin,Tursiops truncatus,Mammal,Piscivore,  Ocean ,Mexico,Riverside Zoo,LC,Male,21.7,205.22,315.7,40,9.67,Injured,No,486.23,02/01/2024
ZA-03208,Green Iguana,Iguana iguana,Reptile,Herbivore,Forest,Costa Rica,GREENFIELD SANCTUARY,Least Concern,Female,3.8,4.42 kg,154.7,15,0.32,Healthy,Yes,79.36,2024-09-14
ZA-00965,Gorilla,Gorilla gorilla,Mammal,Herbivore,Forest,Gabon,Riverside Zoo,CR,Male,,165.44,188.5,35,-,Under Observation,1,248.6,"January 18, 2023"
ZA-00542,Tiger,Panthera tigris,Mammal,Carnivore,Forest,Russian Federation,Coastal Aquarium & Zoo,Endangered,Male,3.0,189.33,255.1,16,7.48,Sick,Yes,398.43,05/12/2023
ZA-02887,Bald Eagle,Haliaeetus leucocephalus,Bird,Carnivore,Forest,USA,Safari Park North,Least Concern,Male,8.3,5.25,84.7,25,0.26,Under Observation,Yes,102.89,31 May 2023
ZA-02652,King Cobra,Ophiophagus hannah,Reptile,Carnivore,  Forest ,N/A,Metro City Zoo,VU,Male,13.6,6.15,392.4,20,,Healthy,Yes,39.3,2022-09-24
ZA-00534,Galapagos Tortoise,Chelonoidis niger,Reptile,Herbivore,Island,Ecuador,Safari Park North ,Vulnerable,N/A,37.6,285.26,126.1,100,14.93,Healthy,Yes,207.1,27/06/2025
ZA-04766,Gorilla,Gorilla gorilla,Mammal,Herbivore,Forest,DRC,Safari Park North,CR,M,15.5,140.54,177.9,35,8.78,N/A,Yes,131.02,2022-06-02
ZA-02249,Giraffe,Giraffa camelopardalis,Mammal,herbivore,Savanna,Kenya,Riverside Zoo,Vulnerable,Female,1.9,505.12,338.0,25,43.5,Healthy,No,300.31,06-06-2022
ZA-04643,Komodo Dragon,Varanus komodoensis,Reptile,Carnivore,Forest,Indonesia,Safari Park North,Endangered,Female,21.6,51.89,236.9,30,2.4,Healthy,Yes,158.48,"June 16, 2024"
ZA-00952,Nile Crocodile,Crocodylus niloticus,Reptile,Carnivore,Wetland,Tanzania,highland wildlife reserve,LC,male,20.2,453.34 kg,473.3,70,17.92,Healthy,1,243.19,2023-03-01
ZA-03412,African Elephant,Loxodonta africana,Mammal,herbivore,SAVANNA,Tanzania,Safari Park North,Vulnerable,Female,33.5,3405090 g,591.5,60,162.09,Healthy,No,798.68 USD,"June 25, 2025"
ZA-01768,Gorilla,Gorilla gorilla,Mammal,Herbivore,Forest,Congo,Highland Wildlife Reserve,CR,Female,18.4,134.31,168.6,35,7.45,Healthy,Yes,123.94,03/03/2023
ZA-01956,Giraffe,Giraffa camelopardalis,Mammal ,Herbivore,Savanna ,Kenya,Riverside Zoo,Vulnerable,Female,12.6,1282.17,424.8,25,75.63,Under Observation,N,724.83,2023-01-22
ZA-02307,Galapagos Tortoise,Chelonoidis niger,Reptile,Herbivore,Island,Ecuador,Safari Park North,VULNERABLE,Female,50.0,183.6,110.8,100,9.45,Healthy,Yes,264.63,"March 11, 2022"
ZA-03909,Girafe,Giraffa camelopardalis,Mammal,Herbivore,Savanna,Kenya,Safari Park North,VU,M,13.3,1295.66,471.8,25,64.84,Healthy,Yes,-,31/12/2024
ZA-02327,Chimpanzee,Pan troglodytes,Mammal,Omnivore,Forest,Uganda,Highland Wildlife Reserve,Endangered,Male,18.5,50.7,88.9,40,2.55,Healthy,Yes,96.77,20/02/2022
ZA-03347,Great White Shark,Carcharodon carcharias,Fish,Carnivore ,Ocean,south africa,Metro City Zoo,vulnerable,Male,43.8,948.03,515.9,70,27.06,Under Observation,Yes,592.6,29/10/2024
ZA-02517,Giant Panda,Ailuropoda melanoleuca,Mammal,Herbivore,Forest,China,Greenfield Sanctuary,Vulnerable,Male,17.7,91.89,155.4 cm,20,5.8,Healthy,1,71.81,03-03-2023
ZA-00887,Galapagos Tortoise,Chelonoidis niger,reptile,Herbivore,Island,Ecuador,safari park north,Vulnerable,Male,80.8,252.81,124.5,100,14.95,Healthy,Yes,131.16,2024-05-19
ZA-04283,Lion,Panthera leo,Mammal,Carnivore,Savanna,Tanzania,na,VU,Male,10.2,233.04,248.6,14,10.28,Healthy,Yes,186.1,2024-08-30
ZA-01011,Snow Leopard,panthera uncia,Mammal,carnivore,Mountain,Pakistan,Greenfield Sanctuary,vulnerable,Male,9.5,37.14,139.0,15,1.16,Healthy,Yes,87.47,18/04/2025
ZA-04767,Golden Eagle,Aquila chrysaetos,Bird,Carnivore,Mountain,Pakistan,Riverside Zoo,Least Concern,M,11.5,5.49,94.2,25,0.18,-,Yes,na,unknown
ZA-00148,Komodo Dragon,Varanus komodoensis,Reptile,Carnivore,  Forest ,Indonesia,Coastal Aquarium & Zoo,EN,M,two,63.9,266.2,30,3.75,Healthy,1,116.34,2024-07-13
ZA-03479,Saltwater Crocodile,Crocodylus porosus,Reptile,Carnivore,Wetland,Indonesia,Riverside Zoo,LC,Male,28.0,472.61,449.1,70,17.48,Healthy,N/A,146.26,01-31-2022
ZA-01464,Nile Crocodile,Crocodylus niloticus,Reptile,Carnivore,Wetland,Kenya,Highland Wildlife Reserve,Least Concern,Male,19.7,-5.0,449.5,70,na,Healthy,False,140.71,2022-09-26
ZA-02022,Koala,Phascolarctos cinereus,Mammal,Herbivore,Forest,Australia,Coastal Aquarium & Zoo,VU,Female,7.2,19.1 lbs,74.3,13,0.59,Healthy,Yes,NULL,2023-01-17
ZA-04519,Scarlet Macaw,Ara macao,Bird,Herbivore,Forest,Peru,Coastal Aquarium & Zoo,LEAST CONCERN,Male,41.6,0.89,92.2,50,0.06,Healthy,True,46.99,2025-06-23
ZA-01846,Snow Leopard,panthera uncia,Mammal,Carnivore,Mountain,China,Coastal Aquarium & Zoo,VU,Male,4.5,42.98,124.9,15,1.58,Healthy,Yes,102.43,06 Feb 2023
ZA-00363,Tiger,Panthera tigris,Mammal,Carnivore,Forest,Russian Federation,Safari Park North,EN,Female,2.0,129.41,223.0,16,5.05,Healthy,Yes,174.84,2022-10-06
ZA-03232,Emperor Penguin,Aptenodytes forsteri,Bird,Piscivore,ARCTIC,antarctica,Highland Wildlife Reserve,NT,Female,12.9,30.02,108.4,20,1.42,Healthy,No,87.72,18/05/2023
ZA-04857,Bottlenose Dolphin,Tursiops truncatus,Mammal,Piscivore,Ocean,Mexico,Highland Wildlife Reserve,least concern,Male,18.2,unknown,324.8,40,11.79,Healthy,Yes,149.91,19/03/2025
ZA-04193,Saltwater Crocodile,Crocodylus porosus,Reptile,Carnivore,Wetland,India,Coastal Aquarium & Zoo,Least Concern,Male,12.6,386.72,425.0,70,12.66,Healthy,Yes,$137.71,2023-09-13
ZA-04568,Tiger,Panthera tigris,Mammal,Carnivore,Forest,Russia,Highland Wildlife Reserve,Endangered,Female,10.7,216.98,296.1,16,9.8,Healthy,unknown,199.99,09-22-2022
ZA-01860,Bald Eagle,Haliaeetus leucocephalus,Bird,Carnivore,Forest,U.S.A.,Coastal Aquarium & Zoo,Least Concern,Male,,4.15 kg,76.7,25,0.16,Healthy,Y,58.01,2023-02-16
ZA-03225,Brown Bear,Ursus arctos,Mammal,Omnivore,Forest,unknown,Highland Wildlife Reserve,Least Concern,Female,10.8,207.09,200.4,25,na,Healthy,None,168.56,2024-12-05
ZA-00663,King Cobra,Ophiophagus hannah,Reptile,Carnivore,Forest,Indonesia,Coastal Aquarium & Zoo,VULNERABLE,Female,13.5,5.31,377.7,20,0.2,Healthy,Y,55.36 USD,2024-11-10
ZA-04445,Girafe,Giraffa camelopardalis,Mammal,Herbivore,Savanna,Kenya,  Metro City Zoo ,VU,Male,4.2,887.28,384.1,25,N/A,Healthy ,Yes,308.92,07-11-2025
ZA-03004,Komodo Dragon,Varanus komodoensis,Reptile,Carnivore,Forest,Indonesia,coastal aquarium & zoo,EN,N/A,13.3,77.76,254.3,30,3.34,Healthy,Yes,88.76,01/09/2024
ZA-01324,Red Kangaroo,Osphranter rufus,Mammal,Herbivore,Desert,Australia,Metro City Zoo,LC,Male,5.9,62.43,147.7,15,3.97,Healthy,Yes,146.3,01/09/2022
ZA-02715,Nile Crocodile,Crocodylus niloticus,Reptile,Carnivore,Wetland,Tanzania,Metro City Zoo,LC,Male,26.4,368.24,476.7,70,17.46,Healthy,Yes,254.62,2025-07-29
ZA-00071,Grey Wolf,Canis lupus,Mammal,Carnivore,Forest,Russia,Riverside Zoo,LC,male,2.9,44.51,131.9,8,1.71,Healthy,Y,91.16,2025-01-31
ZA-03131,Flamingo,Phoenicopterus roseus,Bird,Omnivore,Wetland,Kenya ,Safari Park North,LC,FEMALE,6.0,2.48,110.4,30,0.11,Healthy,-,54.29,07-12-2024
ZA-01506,Polar Bear,ursus maritimus,  Mammal ,Carnivore,Arctic,Canada,Coastal Aquarium & Zoo,VU,Male,unknown,482.74,268.5,25,13.96,Healthy,Yes,$213.69,"August 20, 2023"
ZA-00579,Asian Elephant,Elephas maximus,Mammal,Herbivore,Forest,Thailand,Greenfield Sanctuary,Endangered,F,21.5,3627.75,562.2,60,194.42,Injured,False,1563.81,2023-09-03
ZA-03438,Axolotl,Ambystoma mexicanum,Amphibian,Carnivore,Wetland,Mexico,Coastal Aquarium & Zoo,critically endangered,Male,4.3 yrs,0.19,26.7,12,0.01,Sick,Yes,$78.44,11-01-2022
ZA-00362,Nile Crocodile,Crocodylus niloticus,Reptile,Carnivore,Wetland,Tanzania,Greenfield Sanctuary,LC,Female,43.1,396.93,448.2,70,14.22,Healthy,Yes,159.5,2022-12-25
ZA-01292,Sea Otter,Enhydra lutris,Mammal,Carnivore,Ocean,Russia,Safari Park North,endangered,male,4.7,24.39,126.4,15,None,Healthy,Y,74.05,04-05-2023
ZA-02752,Komodo Dragon,varanus komodoensis,Reptile,Carnivore,Forest,Indonesia,Highland Wildlife Reserve,Endangered,M,20.1,67.55,267.4,30,,Healthy,Yes,$96.84,2023-10-13
ZA-03709,Grey Wolf,Canis lupus,Mammal,Carnivore,Forest,USA,Metro City Zoo,LC,Male,6.6,na,137.9,8,2.06,Under Observation,Yes,None,2023-05-06
ZA-03426,Golden Eagle,Aquila chrysaetos,Bird,  Carnivore ,Mountain,Pakistan,Riverside Zoo,LC,Female,12.8,3.8,85.0,25,0.15,Healthy,Yes,31.37,16 Jun 2025
ZA-02082,Giraffe,Giraffa camelopardalis,Mammal,Herbivore,Savanna,Namibia,Metro City Zoo,vulnerable,Male,17.3,1513.47,487.5,25,86.24,Healthy,Yes,$340.58,02-04-2025
ZA-01138,Grey Wolf,Canis lupus,Mammal,Carnivore,Forest,US,Riverside Zoo,Least Concern,Female,4.2,51.24,118.6,8,2.45,Healthy,No,132.3,2023-12-10
ZA-04965,Orangutan,Pongo pygmaeus,Mammal,Omnivore,Forest,Indonesia,Safari Park North,Critically Endangered,Female,21.5,66.1,106.4,35,3.1,Healthy,Yes,143.5,2022-12-21
ZA-03901,Cheetah,Acinonyx jubatus,Mammal,Carnivore,Savanna,Botswana,Coastal Aquarium & Zoo,VU,Male,7.3,53.87,130.3,12,2.28,Healthy,1,108.65,29/01/2025
ZA-01263,Polar Bear,Ursus maritimus,Mammal,Carnivore,Arctic,Canada,Safari Park North,VU,Female,2.1,186.45,188.9,25,11.32,Healthy,Yes,161.92,2024-10-15
ZA-02087,Plains Zebra,Equus quagga,Mammal,Herbivore,Savanna,Kenya,Metro City Zoo,NT,Female,6.3,300.35,200.5,25,17.06,Healthy,1,241.3,08 Feb 2023
ZA-02971,  Green Iguana ,Iguana iguana,Reptile,Herbivore,Forest,Brazil,Riverside Zoo,least concern,M,8.3,5.79,164.4,15,0.41,Injured,No,114.43,10-21-2023
ZA-04907,Nile Crocodile,Crocodylus niloticus,Reptile,Carnivore,Wetland,Tanzania,Safari Park North,LC,Male,3.8,178.05 kg,333.0,70,7.11,HEALTHY,Yes,$224.57,11/04/2023
ZA-04219,Giraffe,Giraffa camelopardalis,Mammal,Herbivore,Savanna,Kenya,Safari Park North,Vulnerable,Male,11.9,1357.35,470.1,25,N/A,Under Observation,No,793.81,20/03/2022
ZA-03624,Polar Bear,Ursus maritimus,Mammal,Carnivore,Arctic,Canada,Riverside Zoo,Vulnerable,Female,1.6,164.91,165.7,25,5.85,Injured,1,264.72,2022-12-16
ZA-01967,snow leopard,Panthera uncia,Mammal,Carnivore,Mountain,Mongolia,Highland Wildlife Reserve,Vulnerable,na,5.6,48.07,126.2,15,2.09,Healthy,1,65.5,09/05/2025
ZA-03811,Giant Panda,Ailuropoda melanoleuca,Mammal,Herbivore,Forest,China,Coastal Aquarium & Zoo,VULNERABLE,Female,9.9,102.52,145.7,20,NULL,Healthy,Yes,$166.66,2024-03-16
ZA-00010,grey wolf,Canis lupus,Mammal,Carnivore,Forest,USA,Greenfield Sanctuary,LC,Female,4.6,44.63,126.2,8,2.0,Injured,Y,188.42,2024-06-13
ZA-04476,Chimpanzee,Pan troglodytes,Mammal,Omnivore,Forest,Uganda,Metro City Zoo,Endangered,Female,two,53.18,87.8,40,2.59,Healthy,Yes,136.21,"September 07, 2025"
ZA-00406,Clownfish,Amphiprion ocellaris,Fish,  Omnivore ,Ocean,Australia,Safari Park North,Least Concern,male,2.9,0.02,9.0,8,-,Healthy,Y,37.56,01-28-2022
ZA-00874,Clownfish,Amphiprion ocellaris,Fish,Omnivore,Ocean,Australia,Highland Wildlife Reserve,LC,M,0.8,0.01,7.2,8,,Healthy,Yes,na,NULL
ZA-03093,Asian Elephant,Elephas maximus,Mammal,Herbivore,Forest,Sri Lanka,Safari Park North,ENDANGERED,Male,46.5,3771.64,unknown,60,207.82,healthy,No,647.45,16/01/2024
ZA-03216,Tiger,Panthera tigris,Mammal,Carnivore,Forest,Indonesia,Highland Wildlife Reserve,EN,-,6.0,195.58,290.2,16,8.32,na,Yes,124.1,28/04/2022
ZA-02353,AFRICAN ELEPHANT,Loxodonta africana,Mammal,Herbivore,Savanna ,N/A,Highland Wildlife Reserve,VU,Male,37.0,4748.89,569.4,60,253.21,Healthy,Yes,403.1,2025-05-01
ZA-02748,great white shark,Carcharodon carcharias,Fish,Carnivore,Ocean,USA,Greenfield Sanctuary,VU,Female,,1168.94,470.8,70,51.23,Healthy,Yes,247.51,06 Apr 2025
ZA-02672,Polar Bear,Ursus maritimus,Mammal,carnivore,Arctic,USA,Highland Wildlife Reserve,VU,Male,14.7,538.35,277.3,25,25.75,Healthy,Yes,$237.26,02-25-2025
ZA-00856,Giant Panda,Ailuropoda melanoleuca,Mammal,Herbivore,Forest,China,Greenfield Sanctuary,Vulnerable,Female,7.1,87.62,157.5,20,6.27,Healthy,Yes,113.97,2022-08-31
ZA-00446,Red Kangaroo,Osphranter rufus,Mammal,Herbivore,Desert,Australia,Riverside Zoo,LC,Female,7.3,60.77,125.9,15,4.87,Under Observation,N,161.71,2022-06-05
ZA-01441,Lion,Panthera leo,Mammal,Carnivore,Savanna,Kenya,Safari Park North,NULL,Male,10.5,209.35,242.4,14,9.85,Healthy,Yes,229.61,09-13-2023
ZA-00285,Ostrich,Struthio camelus,BIRD,Omnivore,Savanna,Namibia,Coastal Aquarium & Zoo,LC,Male,16.0,150.13,219.9,40,5.84,Healthy,Yes,156.51,2023-07-15
ZA-01190,Grey Wolf,Canis lupus,Mammal,Carnivore,Forest,Canada ,Greenfield Sanctuary,LC,Female,2.8,32.14,132.9,8,,Healthy,Yes,90.35 USD,2022-01-22
ZA-04361,Komodo Dragon,Varanus komodoensis,Reptile,Carnivore,Forest,Indonesia,Coastal Aquarium & Zoo,Endangered,Male,14.8,79.52,257.7,30,unknown,Healthy,No,123.08,2025-02-14
ZA-04431,Giant Panda,Ailuropoda melanoleuca,Mammal,Herbivore,Forest,China,HIGHLAND WILDLIFE RESERVE,VU,Male,NULL,112.27,149.1,20,5.92,Healthy,Y,unknown,2024-04-23
ZA-03200,Red-eyed Tree Frog,Agalychnis callidryas,Amphibian,Insectivore,Forest,Costa Rica,Coastal Aquarium & Zoo,least concern,Male,1.3,0.01,7.4,5,0.0,Injured,1,75.98,2024-03-08
ZA-02846,African Elephant,Loxodonta africana,Mammal,Herbivore,Savanna,South Africa,Highland Wildlife Reserve,VULNERABLE,Male,12.7,3906.45,568.2,60,183.31,Healthy,No,465.83,30/07/2024
ZA-03848,Axolotl,Ambystoma mexicanum,Amphibian,Carnivore,  Wetland ,  Mexico ,Greenfield Sanctuary,CR,Male,9.8,0.18,26.7,12,0.01,Under Observation,True,89.45,2022-08-11
ZA-01382,Red Kangaroo,Osphranter rufus,Mammal,Herbivore,Desert,Australia,Greenfield Sanctuary,Least Concern,Female,-,60.29,145.4,15,3.81,Injured,Yes,$260.66,"April 17, 2022"
ZA-03724,Lionn,panthera leo,Mammal,Carnivore,-,Kenya,Safari Park North,VU,Female,4.0,181.43,269.1,14,6.83,Healthy,Yes,157.26,2023-08-08
ZA-02671,Polar Bear,Ursus maritimus,Mammal,Carnivore,Arctic,Russian Federation,None,VU,Male,na,552.75,259.9,25,20.09,  Sick ,True,529.38,05-16-2025
ZA-01627,Brown Bear,Ursus arctos,Mammal,Omnivore,Forest,Russia,Riverside Zoo,least concern,Male,14.9,353.25,200.2,25,16.44,Healthy,Yes,197.46,22/03/2023
ZA-01144,Cheetah,Acinonyx jubatus,MAMMAL,Carnivore,Savanna,Kenya,Riverside Zoo,VU,Male,,34.29,115.6,12,1.44,Under Observation,True,192.9,2024-03-30
ZA-03941,Orangutan,Pongo pygmaeus,Mammal,Omnivore,Forest,Indonesia,Coastal Aquarium & Zoo,CR,FEMALE,14.6,69.57,104.8,35,3.19,Healthy ,True,141.64,None
ZA-01783,Golden Eagle,Aquila chrysaetos,Bird,Carnivore,Mountain,Mongolia,Metro City Zoo,Least Concern,F,8.0,4.44,89.2,25,0.21,Injured,Yes,105.05,29 Mar 2023
ZA-01087,Flamingoe,Phoenicopterus roseus,Bird,Omnivore ,Wetland,India,Highland Wildlife Reserve,least concern,FEMALE,16.9,3.07,130.9,30,0.19,Healthy,Yes,64.4,07/04/2023
ZA-00499,Galapagos Tortoise,Chelonoidis niger,Reptile,Herbivore,  Island ,Ecuador,Greenfield Sanctuary,VU,F,41.5,264.63,,100,20.6,Healthy,Yes,145.38,2022-02-06
ZA-04481,Chimpanzee,Pan troglodytes,Mammal,Omnivore,FOREST,Congo,Safari Park North,Endangered,Male,16.6,106.2 lbs,89.6,40,2.8,Healthy,No,106.06,2023-06-24
ZA-04444,King Cobra,Ophiophagus hannah,Reptile,Carnivore,Forest,Indonesia,Riverside Zoo,VULNERABLE,Female,5.9,5.73,376.6,20,0.21,Injured,No,124.66,02-28-2022
ZA-02180,hippopotamus,Hippopotamus amphibius,Mammal,Herbivore,Wetland,Tanzania,Coastal Aquarium & Zoo,VU,Male,36.8,1541.51,333.6,40,None,Healthy,Y,394.99 USD,2024-03-15
ZA-04397,Polar Bear,Ursus maritimus,Mammal,Carnivore,Arctic,Russian Federation,Safari Park North,VU,male,18.1,939.6 lbs,229.5,25,18.88,Healthy,Yes,151.83,09/01/2023
ZA-03235,Green Sea Turtle,Chelonia mydas,Reptile,Herbivore,Ocean,MEXICO,Greenfield Sanctuary,ENDANGERED,Female,52.3,129530 g,100.0,80,8.67,Sick,Y,$336.19,06-04-2025
za-02647,Flamingo ,Phoenicopterus roseus,Bird,Omnivore,Wetland,Kenya,Riverside Zoo,LC,Female,8.1,2.76,113.3,30,0.13,Healthy,Yes,86.67,29 Sep 2024
ZA-03742,Great White Shark,carcharodon carcharias,Fish,Carnivore,Ocean,South Africa,Safari Park North,VU,Female,36.7,956.29,480.9,70,NULL,Injured,unknown,852.72,04-13-2024
ZA-03243,Tiger,Panthera tigris,Mammal,Carnivore,Forest,IND,Coastal Aquarium & Zoo ,Endangered,M,8.1,240.64,298.2,16,11.12,Healthy,Yes,136.9,08/03/2023
ZA-03010,Green Iguana,Iguana iguana,Reptile,Herbivore,unknown,Costa Rica,Greenfield Sanctuary,Least Concern,female,10.6,4.42,130.9,15,0.25,Healthy,Yes,50.11,08/05/2024
ZA-02114,Golden Eagle,Aquila chrysaetos,bird,Carnivore,Mountain,USA,Highland Wildlife Reserve,Least Concern,Female,14.5,5.76,77.3,25,0.22,Healthy,Yes,$55.74,unknown
ZA-01603,Grey Wolf,Canis lupus,MAMMAL,Carnivore,Forest,USA,Highland Wildlife Reserve,Least Concern,female,7.5,37.43,-,8,1.16,Healthy,Yes,$124.02,2023-04-17
ZA-00191,Chimpanzee,Pan troglodytes,mammal,Omnivore,Forest,Congo,Coastal Aquarium & Zoo,endangered,Female,,30.37,79.9,40,1.39,Injured,Yes,243.77,2022-12-07
ZA-00741,Axolotl,Ambystoma mexicanum,Amphibian,Carnivore,Wetland,MEXICO,Riverside Zoo,Critically Endangered,Male,7.3,NULL,23.9,12,,Healthy,No,50.38,"May 08, 2024"
ZA-03017,Snow Leopard,Panthera uncia,Mammal,Carnivore,Mountain,Mongolia,Greenfield Sanctuary,VU,Female,3.3,28.72,113.5,15,1.05,Healthy,Yes,68.16,10/08/2022
ZA-01164,African Elephant,Loxodonta africana,Mammal,Herbivore,Savanna,Tanzania,Riverside Zoo,vulnerable,Female,30.2,4507.29,554.5,60,247.17,Healthy,Yes,$595.43,2024-09-28
ZA-01298,Green Iguana,iguana iguana,Reptile,herbivore,FOREST,Brazil,Coastal Aquarium & Zoo,least concern,Female,11.0,4.69,150.7,15,0.24,Healthy,1,70.11,2022-09-07
ZA-01442,Golden Eagle,Aquila chrysaetos,Bird,Carnivore,Mountain,United States,Metro City Zoo,Least Concern,Female,8.2,4.78,85.3,25,None,Healthy,Yes,48.15,2022-10-14
ZA-00487,Clownfish,Amphiprion ocellaris,Fish,Omnivore ,Ocean,Philippines,Metro City Zoo,na,Female,5.1,0.02 kg,8.7,8,0.0,Healthy,Yes,41.94,22/12/2022
ZA-03684,Green Sea Turtle,Chelonia mydas,Reptile,Herbivore,Ocean,Pakistan,Coastal Aquarium & Zoo,EN,Male,15.2,124.29,110.4,80,7.15,unknown,No,133.38,11-23-2022
ZA-03985,Great White Shark,Carcharodon carcharias,Fish,Carnivore,Ocean,South Africa,Safari Park North,VU,male,29.9,1049.51,-,70,42.42,Healthy,No,308.8,04 May 2025
ZA-02064,Golden Eagle,Aquila chrysaetos,Bird,Carnivore,Mountain,Mongolia,Highland Wildlife Reserve,LC,Male,14.3,5.53,90.7,25,unknown,Healthy,True,67.01,2024-12-20
ZA-04991,Galapagos Tortoise,Chelonoidis niger,Reptile,Herbivore,Island,Ecuador,Greenfield Sanctuary,Vulnerable,Female,61.9,234.19,103.9,100,16.32,Healthy,Y,162.73 USD,04-04-2022
ZA-04681,Sea Otter,Enhydra lutris,Mammal,Carnivore,Ocean,USA,Greenfield Sanctuary,ENDANGERED,Female,3.2,17.9,105.5,15,0.78,Healthy,Yes,75.62,24/05/2024
ZA-02219,Chimpanzee,Pan troglodytes,Mammal,Omnivore,FOREST,Congo,Metro City Zoo,EN,Female,6.0,27.34,69.0,40,,Healthy,1,$97.43,2023-03-18
ZA-00209,Chimpanzi,Pan troglodytes,Mammal,Omnivore,Forest,DRC,Highland Wildlife Reserve,EN,M,-,50.55,85.6,40,2.37,Sick,Yes,265.71,2025-03-16
ZA-04696,Flamingo,phoenicopterus roseus,Bird,Omnivore,N/A,India,Safari Park North,LC,Male,17.3,3.29,116.7,30,0.15,Healthy,Yes,46.49,2022-12-03
ZA-03250,hippopotamus,Hippopotamus amphibius,Mammal,Herbivore,Wetland,tanzania,Coastal Aquarium & Zoo,Vulnerable,FEMALE,5.9,737.22,295.6,40,48.01,Sick,Yes,523.11,"May 19, 2023"
ZA-02920,Nile Crocodile,Crocodylus niloticus,Reptile,Carnivore,Wetland,Zambia,Highland Wildlife Reserve,least concern,female,53.5,444.65 kg,433.6,70,22.21,Healthy,Yes,173.86,2023-12-19
ZA-04069,Bottlenose Dolphin,Tursiops truncatus,Mammal,Piscivore,Ocean,Australia,Riverside Zoo,LC,M,na,None,299.4,40,9.87,None,No,160.2,2023-06-12
ZA-00151,Polar Bear,Ursus maritimus,Mammal,Carnivore,Arctic,Canada,NULL,Vulnerable,male,10.6,544.00 kg,247.1,25,26.73,Healthy,Yes,$171.67,2022-03-20
ZA-00080,Bald Eagle,Haliaeetus leucocephalus,Bird,Carnivore,Forest,Canada,Greenfield Sanctuary,LC,Male,7.2,5.93,85.9 cm,25,0.24,Healthy,Yes,$63.97,13/05/2025
ZA-04293,Red Kangaroo,Osphranter rufus,Mammal,Herbivore,Desert,Australia,Metro City Zoo,LC,F,6.2,54.01,na,15,3.07,Healthy,1,$88.53,09-15-2024
ZA-01228,Koala,Phascolarctos cinereus,Mammal,Herbivore,Forest,Australia,Highland Wildlife Reserve,VU,Male,10.1,11.07,79.3,13,0.61,Under Observation,Yes,127.03,13/03/2025
ZA-01593,Flamingo,Phoenicopterus roseus,Bird,Omnivore,Wetland,Kenya,Metro City Zoo,Least Concern,female,15.9,2.77 kg,113.4,30,0.09,Healthy,1,51.47,17/05/2024
ZA-03364,Green Iguana,Iguana iguana,  Reptile ,Herbivore,Forest,Brazil,Safari Park North,Least Concern,Male,-,4.8,147.5,15,0.26,Healthy,Yes,49.95,2024-04-17
ZA-03618,Green Iguana,Iguana iguana,Reptile,Herbivore,Forest,Mexico,Metro City Zoo,LC,Female,7.7,4.14,147.5,-1,,Healthy,Yes,None,2024-05-05
ZA-01424,Ostrich,Struthio camelus,Bird,Omnivore,Savanna,Kenya,highland wildlife reserve,Least Concern,Female,4.8,68.24,166.8,40,3.15,Healthy,Yes,163.91,2024-04-25
ZA-03592,Golden Eagle,Aquila chrysaetos,Bird,Carnivore,Mountain,Pakistan,Safari Park North,LC,M,12.7,5.34,93.8,25,0.26,Healthy,Y,58.1,02-02-2023
ZA-02526,Asian Elephant,Elephas maximus,Mammal,Herbivore,Forest,Sri Lanka,Safari Park North,EN,Male,27.0,3522.98,628.5,60,193.33,Healthy,No,628.75,"August 21, 2024"
ZA-01207,Grey Wolf,Canis lupus,Mammal,Carnivore,Forest,Russia,Highland Wildlife Reserve,Least Concern,Male,3.0,41.66,131.7,8,1.33,None,,189.63,2024-03-20
ZA-04030,Gorilla,Gorilla gorilla,Mammal,Herbivore,Forest,Gabon,Highland Wildlife Reserve,CR,M,18.6,153.28,177.1,35,8.76,Healthy,1,151.81 USD,22/02/2025
ZA-04724,Orangutan,Pongo pygmaeus,Mammal,Omnivore,Forest,Malaysia,Metro City Zoo,Critically Endangered,Male,12.9,78.2,121.5,35,3.41,Healthy,No,$110.58,2025-08-22
ZA-01314,King Cobra,Ophiophagus hannah,Reptile,Carnivore,Forest,India,Metro City Zoo,Vulnerable,FEMALE,8.1,unknown,421.6,20,0.17,Under Observation,No,128.34,2025-06-07
ZA-01633,Snow Leopard,Panthera uncia,Mammal,Carnivore,Mountain,Mongolia,Safari Park North,VU,Female,3.5,35.31,118.0,15,1.16,Healthy,No,N/A,11-27-2022
ZA-02407,Gorrila,Gorilla gorilla,Mammal,Herbivore,Forest,Uganda,Greenfield Sanctuary,CR,Male,20.2,176.52,187.3,35,10.14,Healthy,Yes,137.03,2023-04-18
ZA-01183,Emperor Penguin,Aptenodytes forsteri,Bird,Piscivore,Arctic,Antarctica,coastal aquarium & zoo,near threatened,Female,10.0,31630 g,107.8,20,1.37,Healthy,Yes,65.83,"October 09, 2024"
ZA-04520,Clownfish,Amphiprion ocellaris,Fish,Omnivore,Ocean,Australia,Safari Park North,Least Concern,Male,,N/A,9.4,8,0.0,Injured,Yes,78.99,2023-05-08
ZA-02984,Plains Zebra,Equus quagga,Mammal,Herbivore,Savanna,Tanzania,Highland Wildlife Reserve,Near Threatened,Female,7.7,292.27,225.9,25,11.83,Healthy,Yes,215.53,11 Nov 2024
ZA-03855,Golden Eagle,Aquila chrysaetos,Bird,Carnivore,Mountain,Mongolia,Riverside Zoo,LC,Female,-0.5,5.83,85.6,25,0.24,Healthy,na,53.73,2022-06-07
ZA-03861,Nile Crocodile,Crocodylus niloticus,Reptile,Carnivore,Wetland,Zambia ,Highland Wildlife Reserve,LEAST CONCERN,FEMALE,10.3,223.87,407.8,70,10.4,Healthy,Yes,228.99,2023-09-30
ZA-03668,Orangutan,Pongo pygmaeus,Mammal,Omnivore,Forest,Malaysia,Coastal Aquarium & Zoo,CRITICALLY ENDANGERED,Male,23.9,106.12,100.2,35,4.74,Sick,Y,208.02,25/09/2024
ZA-04900,King Cobra,Ophiophagus hannah,Reptile,Carnivore,Forest,Indonesia,Coastal Aquarium & Zoo,Vulnerable,Female,2.6,4.15,299.8,20,0.2,Healthy,No,66.8,02/01/2022
ZA-01383,Black Rhinoceros,Diceros bicornis,Mammal,Herbivore,  Savanna ,Kenya,Riverside Zoo,CRITICALLY ENDANGERED,M,18.7,1116.53,372.0,40,63.8,Healthy,Yes,363.98,"August 11, 2023"
ZA-02448,Tigr,Panthera tigris,Mammal,Carnivore,None,Indonesia,Highland Wildlife Reserve,ENDANGERED,male,10.8,242.05,289.4,16,9.51,Healthy,Yes,208.24,10-30-2022
ZA-03828,Golden Eagle,Aquila chrysaetos,Bird,Carnivore,Mountain,US,Highland Wildlife Reserve,Least Concern,FEMALE,16.3,4.52,84.4,25,0.2,Healthy,1,65.42,2024-09-20
ZA-04963,Chetah,Acinonyx jubatus,Mammal,Carnivore,Savanna,Namibia,Riverside Zoo,Vulnerable,M,9.0,63.42,133.7,12,,Healthy,Yes,92.62,30/08/2024
ZA-03673,Saltwater Crocodile,Crocodylus porosus,Reptile,Carnivore,Wetland,Australia,Highland Wildlife Reserve,LC,N/A,43.2,404.3,491.8,70,12.64,Healthy,1,186.36,10-18-2022
ZA-04245,Snow Leopard,Panthera uncia,mammal,Carnivore,MOUNTAIN,Mongolia,Safari Park North,VU,Male,3.5,33.00 kg,126.2,15,1.32,Healthy,No,49.77,2022-05-02
ZA-00421,Snow Leopard,Panthera uncia,Mammal,Carnivore,Mountain,Mongolia,Coastal Aquarium & Zoo,Vulnerable,Female,3.9,36.38,124.4,15,1.53,Healthy,Yes,99.16,2024-10-08
ZA-00762,Green Iguana,Iguana iguana,Reptile,Herbivore,Forest,Brazil,Riverside Zoo,LC,,13.0,5.51,160.3,15,0.32,Injured,Yes,106.65,10-27-2023
ZA-01095,Plains Zebra,Equus quagga,Mammal,Herbivore,Savanna,Kenya,Riverside Zoo,Near Threatened,Female,3.0,189.63,170.3,25,12.8,Healthy,Y,176.2,2022-11-11
ZA-01500,Green Sea Turtle,Chelonia mydas,Reptile,Herbivore,Ocean,Australia,Safari Park North,EN,F,23.4,125.13,103.0,80,6.92,Healthy,No,151.12,2023-12-28
ZA-02509,Giraffe,Giraffa camelopardalis,Mammal,Herbivore,Savanna,Namibia,HIGHLAND WILDLIFE RESERVE,VU,Male,4.1,821.01,385.4,25,N/A,Injured,Yes,521.57,2022-07-11
ZA-02763,Golden Eagle,Aquila chrysaetos,Bird,Carnivore,Mountain,usa,Coastal Aquarium & Zoo,Least Concern,Female,10.6,6.43,82.1,25,0.29,Healthy,Yes,65.78,2023-09-04
ZA-00341,Great White Shark,Carcharodon carcharias,Fish,Carnivore,Ocean,South Africa,Riverside Zoo,VU,Female,28.9,1778.7 lbs,485.5,70,35.47,Under Observation,Yes,512.47,2025-09-01
ZA-02698,Peacock,Pavo cristatus,Bird,Omnivore,Forest ,Pakistan,Highland Wildlife Reserve,LC,Male,8.9,6.58,207.6,20,0.33,Sick,Yes,149.28,2023-02-10
ZA-02701,Galapagos Tortoise,Chelonoidis niger,Reptile,  Herbivore ,Island,ECUADOR,Riverside Zoo,,Female,16.2,149.36,96.3,100,9.48,Healthy,Yes,$158.55,2024-03-21
ZA-04139,Red-eyed Tree Frog,Agalychnis callidryas,Amphibian,Insectivore,Forest,Costa Rica,Highland Wildlife Reserve,LC,Female,2.1,0.01,6.8,5,0.0,Under Observation,Yes,123.44,2025-06-24
ZA-00885,Polar Bear,Ursus maritimus,Mammal,Carnivore,Arctic,Canada ,Greenfield Sanctuary,VU,Female,4.6,302.0,225.9,25,12.97,Healthy,Yes,193.23 USD,15 Feb 2024
ZA-03806,Komodo Dragon,Varanus komodoensis,Reptile,Carnivore,Forest,Indonesia,Metro City Zoo,endangered,female,8.1,63.56,248.7,30,2.07,Healthy,Yes,$83.09,2023-03-09
ZA-03507,Clownfish,Amphiprion ocellaris,Fish,Omnivore,Ocean,Australia,Coastal Aquarium & Zoo,LC,Male,2.7,0.02 kg,9.6,8,0.0,Healthy,False,$39.97,08-17-2023
ZA-02938,Peacock,Pavo cristatus,Bird,Omnivore,Forest,Pakistan,Greenfield Sanctuary,least concern,Female,14.6,4.87,175.6,20,0.23,Healthy,No,NULL,2025-06-28
ZA-00393,Galapagos Tortoise,Chelonoidis niger,Reptile,Herbivore,Island,Ecuador,metro city zoo,Vulnerable,Male,22.8,235.69,120.4,100,13.69,Healthy,Yes,$179.49,2022-10-09
ZA-04195,Chetah,acinonyx jubatus,Mammal,Carnivore,Savanna,Namibia,Greenfield Sanctuary,VU,Male,3.8,51.9,132.9,12,1.98,Healthy,Yes,76.39,28/02/2023
ZA-01643,Giraffe,Giraffa camelopardalis,Mammal,Herbivore,Savanna,Kenya,Highland Wildlife Reserve,vulnerable,Male,7.7,1171.79,491.5,25,52.57,Healthy,Yes,386.99,2025-03-20
ZA-04797,african elephant,Loxodonta africana,mammal,Herbivore,Savanna,South Africa,Coastal Aquarium & Zoo,Vulnerable,Male,five,3537.46,628.5,60,214.72,Injured,No,"$1,367.33",2024-04-27
ZA-03092,Tiger,Panthera tigris,Mammal,Carnivore,Forest,Russia,Riverside Zoo,Endangered,Male,2.3,209.65 kg,238.6,16,6.7,Healthy,Yes,225.73,14/08/2023
ZA-00099,Lion,Panthera leo,Mammal,Carnivore,Savanna,Kenya,Safari Park North,VU,Female,unknown,184.87 kg,233.9,14,6.35,Healthy,Yes,$156.13,2024-04-14
ZA-00891,Black Rhinoceros,Diceros bicornis,Mammal,Herbivore,Savanna,Kenya,Greenfield Sanctuary,Critically Endangered,F,17.0,939.96,325.8,40,,Injured,Yes,$530.80,2023-06-23
ZA-02202,Hippopotamus,Hippopotamus amphibius,Mammal,Herbivore,None,Zambia,Metro City Zoo,VU,Male,26.0,2065.21,379.4,40,143.17,Healthy,Y,412.08,15 Jun 2024
ZA-01040,Polar Bear,Ursus maritimus,Mammal,Carnivore,Arctic,Canada,Metro City Zoo,VU,F,15.6,400.41,249.2,25,18.47,Healthy,Yes,211.41,2024-08-07
ZA-03883,Axolotl,Ambystoma mexicanum,Amphibian,Carnivore,Wetland,MEXICO,Greenfield Sanctuary,Critically Endangered,F,2.5,0.13,21.6 cm,12,0.01,Healthy,No,52.29,2023-09-18
ZA-04771,Flamingo,Phoenicopterus roseus,Bird,Omnivore,-,Spain,Safari Park North,Least Concern,Female,20.6,2.53,108.4,30,0.1,Healthy,Yes,91.06,2023-07-08
ZA-01558,Nile Crocodile,Crocodylus niloticus,Reptile,Carnivore,Wetland,Zambia,Coastal Aquarium & Zoo,LC,Male,18.0,326.63,479.4,70,11.83,Healthy,Yes,162.69,2022-10-15
ZA-01154,King Cobra,Ophiophagus hannah,Reptile,Carnivore,Forest,Indonesia,Highland Wildlife Reserve,VU,F,12.1,6.15,,20,0.19,Healthy,No,50.16,10/02/2023
ZA-03300,Hippopotamus,Hippopotamus amphibius,Mammal,Herbivore,Wetland,Tanzania,Coastal Aquarium & Zoo,Vulnerable,Male,2.9,768.7,269.8,40,59.52,under observation,Yes,474.62,21/02/2023
ZA-01063,Galapagos Tortoise,Chelonoidis niger,Reptile,Herbivore,Island,Ecuador,highland wildlife reserve,VU,F,27.7,247.23,104.5,100,15.6,Healthy,Yes,246.63,05-07-2025
ZA-04435,Ostrich,Struthio camelus,Bird,Omnivore,Savanna,Namibia,Metro City Zoo,LC,Female,3.4,NULL,142.2,40,1.99,Healthy,True,86.14,2024-06-24
ZA-04693,Polar Bear,Ursus maritimus,Mammal,CARNIVORE,Arctic,USA,Greenfield Sanctuary,VU,Female,13.1,294.13,223.1,25,10.64,Healthy,1,$153.47,05/04/2022
ZA-02726,Orangutan,Pongo pygmaeus,Mammal,Omnivore,Forest,Indonesia,METRO CITY ZOO,Critically Endangered,Female,4.8,44.88,82.2,35,2.41,Sick,Yes,136.16,14/06/2024
ZA-02452,Asian Elephant,Elephas maximus,Mammal,Herbivore,FOREST,Sri Lanka,Highland Wildlife Reserve,Endangered,Male,N/A,3917.31 kg,583.0,60,205.76,Healthy,False,509.95,01/03/2024
ZA-00671,Flamingo,Phoenicopterus roseus,Bird,Omnivore,Wetland,Spain,Metro City Zoo,LC,Male,3.7,1.8,99.0,30,0.09,N/A,Yes,31.62,05/05/2023
ZA-00714,Flamingo,Phoenicopterus roseus,Bird,Omnivore,Wetland,India,Riverside Zoo,Least Concern,male,15.7,2.95,122.0,30,0.15,Healthy,No,46.1,2024-10-05
ZA-01494,Lionn,Panthera leo,Mammal,Carnivore ,Savanna,Tanzania,Safari Park North,vulnerable,Female,2.8,155.49,206.2,14,6.02,Healthy,N,176.15,2024-02-21
ZA-04837,Flamingo,Phoenicopterus roseus,Bird,OMNIVORE,Wetland,Spain,Coastal Aquarium & Zoo,LC,Male,21.3,3370 g,127.3,30,0.17,Healthy,Yes,69.11,25/04/2023
ZA-03261,Plains Zebra,Equus quagga,Mammal,Herbivore,Savanna,Kenya,Metro City Zoo,NT,Male,9.5,403.5,228.5,25,27.57,Healthy,Yes,231.27,NULL
ZA-00417,Red Kangaroo,Osphranter rufus,Mammal,Herbivore,Desert,Australia,Coastal Aquarium & Zoo,least concern,Female,2.9,50.02,116.3,15,3.94,Under Observation,Yes,211.43,01/12/2023
ZA-04328,Snow Leopard,Panthera uncia,Mammal,Carnivore,Mountain,Pakistan,na,Vulnerable,Female,6.9,41.08,120.4,15,1.77,Healthy,Yes,$109.65,2022-01-15
ZA-04181,African Elephant,Loxodonta africana,Mammal,Herbivore,Savanna,Kenya,Coastal Aquarium & Zoo,VU,Male,8.6,3160.0,491.7,60,156.73,  Healthy ,-,605.57,2024-01-17
ZA-02359,Sea Otter,Enhydra lutris,Mammal,Carnivore,Ocean,USA,Greenfield Sanctuary,Endangered,Male,3.7,27.0,108.1,15,0.8,Healthy,Yes,73.85,2022-03-12
ZA-01421,Sea Otter,Enhydra lutris,Mammal,Carnivore,None,Russia,Safari Park North,ENDANGERED,Female,1.8,12.86,93.7,15,0.52,Healthy,Yes,None,2023-02-15
ZA-01343,Clownfish,Amphiprion ocellaris,Fish,  Omnivore ,Ocean,Philippines,Coastal Aquarium & Zoo,LC,Male,3.0,0.03,9.1,8,0.0,Healthy,No,40.15,2025-08-21
ZA-02595,Chimpanzee,Pan troglodytes,Mammal,Omnivore,Forest,DRC,Highland Wildlife Reserve,endangered,Male,22.5,66.47,91.0,40,2.74,Under Observation,Yes,295.56,20/08/2023
ZA-03307,Bald Eagle,Haliaeetus leucocephalus,Bird,Carnivore,Forest,USA,  Riverside Zoo ,least concern,MALE,6.4,6.04,82.2,25,na,Healthy,Yes,$52.85,19/02/2024
ZA-04472,Green Iguana,Iguana iguana,Reptile,Herbivore,Forest,Costa Rica,Safari Park North,Least Concern,Male,3.6,5.38,140.2,15,0.25,Healthy,1,NULL,2022-03-18
ZA-01702,African Elephant,Loxodonta africana,Mammal,Herbivore,Savanna,-,Metro City Zoo,Vulnerable,F,31.1,3550.29,606.3,60,186.33,Healthy,Y,779.43,2024-01-10
ZA-04708,King Cobra,Ophiophagus hannah,Reptile,Carnivore,Forest,Indonesia,Coastal Aquarium & Zoo,VU,Female,10.2,5.28,392.7,20,0.28,Under Observation,Yes,102.22,2025-03-17
ZA-02632,Gorrila,Gorilla gorilla,Mammal,Herbivore,Forest,CONGO,Riverside Zoo,CR,Male,8.5,171.53,164.3,35,11.66,Healthy,Yes,200.13,2024-01-20
ZA-01859,Lion,Panthera leo,Mammal,Carnivore,Savanna,South Africa,Coastal Aquarium & Zoo,VU,Male,6.0,181.85,-,14,9.69,Healthy,Yes,130.98,2023-08-17
ZA-04527,Asian Elephant,Elephas maximus,Mammal,Herbivore,Forest,Sri Lanka,Coastal Aquarium & Zoo,ENDANGERED,M,,1926.23,504.9,60,110.92,Injured,Yes,950.92,2022-01-01
ZA-02747,Sea Otter,Enhydra lutris,MAMMAL,Carnivore,Ocean,USA,Riverside Zoo,Endangered,F,2.0,37.4 lbs,89.3,15,0.62,Sick,No,117.04,08/03/2022
ZA-04432,Emperor Penguin,Aptenodytes forsteri,Bird,Piscivore,Arctic,Antarctica,Greenfield Sanctuary,Near Threatened,Male,10.4,31.69,125.2,20,1.29,Injured,No,221.06,2022-07-20
ZA-00573,Clownfish,Amphiprion ocellaris,Fish,Omnivore,Ocean,Australia,Riverside Zoo,least concern,M,6.9,0.02,9.6,8,0.0,Healthy,Yes,N/A,10/03/2025
ZA-02229,King Cobra,Ophiophagus hannah,Reptile,Carnivore,Forest,India,Greenfield Sanctuary,Vulnerable,male,7.6,5.73,409.7,20,0.21,Healthy,False,NULL,2024-05-28
ZA-00735,Galapagos Tortoise,Chelonoidis niger,Reptile,Herbivore,Island,Ecuador,Metro City Zoo,VU,Female,na,238.04,116.6,100,10.93,Under Observation,-,289.38,2022-03-27
ZA-03325,Plains Zebra,Equus quagga,Mammal,Herbivore,Savanna,Tanzania,Safari Park North,NT,M,7.6,365.96,240.9,25,25.08,Healthy,Yes,232.49,08 Dec 2024
ZA-02881,African Elephant,Loxodonta africana,Mammal,Herbivore,Savanna,Botswana,Greenfield Sanctuary,Vulnerable,M,29.1,11040.4 lbs,598.2,60,349.76,  Healthy ,Yes,785.36,2022-02-20
ZA-04014,Green Sea Turtle,Chelonia mydas,Reptile,Herbivore,Ocean,Mexico,Greenfield Sanctuary,Endangered,Male,65.4,149.51,114.2,80,8.72,Healthy,Yes,165.93,27/04/2023
ZA-02274,HIPPOPOTAMUS,Hippopotamus amphibius,Mammal,Herbivore,Wetland,Tanzania,  Greenfield Sanctuary ,vulnerable,MALE,23.9,1682.72,369.1,40,83.62,Healthy,No,261.13 USD,2024-05-27
ZA-04072,Saltwater Crocodile,Crocodylus porosus,Reptile,Carnivore,Wetland,india,Coastal Aquarium & Zoo,Least Concern,Male,43.5,953.5 lbs,475.7,70,19.21,Healthy,Yes,239.12,04/03/2025
ZA-01459,Ostrich,Struthio camelus,bird,omnivore,Savanna,Kenya,Metro City Zoo,least concern,Female,21.1,115.95,183.5,40,4.7,Sick,No,241.65,30/08/2024
ZA-00401,Snow Leopard,Panthera uncia,mammal,Carnivore,Mountain,China,Greenfield Sanctuary,VU,Female,9.8,39.39,126.4,15,1.32,Healthy,Yes,62.0,2023-05-14
ZA-04322,Ostrich,Struthio camelus,Bird,Omnivore,Savanna,Kenya,Safari Park North,Least Concern,male,21.1 yrs,138.53,222.5,40,6.03,Healthy,Yes,140.55,01 Sep 2024
ZA-02802,orangutan,Pongo pygmaeus,Mammal,Omnivore,Forest,Indonesia,Greenfield Sanctuary,CRITICALLY ENDANGERED,female,-,69.52,107.8,35,3.59,Healthy,Y,107.05,2024-06-17
ZA-01115,Lion,Panthera leo,Mammal,Carnivore,Savanna,Kenya,Coastal Aquarium & Zoo,VULNERABLE,Male,-,201.65 kg,,14,7.74,Healthy,Yes,$134.07,2022-08-02
ZA-00399,Emperor Penguin,Aptenodytes forsteri,BIRD,Piscivore,Arctic,ANTARCTICA,Coastal Aquarium & Zoo,Near Threatened,Male,15.0,27.58,107.7,20,,Healthy,No,94.74,2024-04-04
ZA-02009,Plains Zebra,Equus quagga,Mammal,Herbivore,Savanna,Kenya,Coastal Aquarium & Zoo,NT,M,15.5,374.51,240.8,25,19.14,Sick,Yes,291.03,05-27-2023
ZA-01709,Red Kangaroo,Osphranter rufus,Mammal,Herbivore,Desert,Australia,Safari Park North,least concern,Female,10.7,65.81,127.3,15,4.27,Healthy,Yes,121.83,16 Jan 2025
ZA-04723,Bottlenose Dolphin,Tursiops truncatus,Mammal,Piscivore,Ocean,Mexico,Coastal Aquarium & Zoo,LEAST CONCERN,male,29.3,unknown,328.8,40,11.09,Healthy,False,254.23,2023-05-08
ZA-04800,Green Iguana,Iguana iguana,Reptile,HERBIVORE,Forest,Costa Rica,Greenfield Sanctuary,LC,Female,6.3,3.6,163.2,15,0.25,Healthy,Yes,58.68,11-27-2022
ZA-00994,Chimpanzi,Pan troglodytes,Mammal,Omnivore,Forest,DRC,Highland Wildlife Reserve,EN,Female,25.8,33.71,86.8,40,unknown,Injured,Y,235.86,2022-01-01
ZA-03039,Giant Panda,Ailuropoda melanoleuca,Mammal,Herbivore,Forest,China,Highland Wildlife Reserve,vulnerable,Male,17.3,114.07,149.3,20,8.33,Healthy,1,158.98,2022-09-03
ZA-02250,Whale Shark,Rhincodon typus,Fish,Omnivore,ocean,Mexico,Greenfield Sanctuary,EN,Female,43.5,7797.37,982.5,70,266.71,Healthy,Yes,896.66,2023-10-15
ZA-00815,Red Kangaroo,Osphranter rufus,Mammal,Herbivore,Desert,  Australia ,Metro City Zoo,LC,Female,6.7,70.97,131.1,15,4.17,Healthy,Yes,97.41,15/06/2024
ZA-00020,Ostrich,Struthio camelus,Bird,Omnivore,Savanna,Namibia,Coastal Aquarium & Zoo,LC,Male,35.6,114.37,241.9,40,5.01,Healthy,Yes,unknown,2024-07-01
ZA-04885,Hippopotamus,Hippopotamus amphibius,Mammal,Herbivore,Wetland,Kenya,Coastal Aquarium & Zoo,Vulnerable,Male,10.2,1452.63,387.5,40,77.25,Healthy,Yes,305.0,27 Jun 2022
ZA-02532,Saltwater Crocodile,Crocodylus porosus,Reptile,Carnivore,NULL,IND,Greenfield Sanctuary,Least Concern,Female,28.3,409.75,442.0,70,12.55,Under Observation,Yes,467.59 USD,05-25-2022
ZA-00892,Gorilla,Gorilla gorilla,Mammal,Herbivore,Forest,Congo,Safari Park North,Critically Endangered,Female,8.7,135.48 kg,159.3,35,7.71,Sick,False,NULL,05-15-2023
ZA-00649,Sea Otter,Enhydra lutris,Mammal,Carnivore,Ocean,USA,Metro City Zoo,EN,M,10.4,N/A,130.5,15,N/A,Healthy,Yes,$64.81,2022-03-06
ZA-04382,Golden Eagle,Aquila chrysaetos,Bird,Carnivore,mountain,USA ,Greenfield Sanctuary,LEAST CONCERN,Male,9.1,5.4,89.7,25,0.24,Healthy,No,39.82,2023-11-29
ZA-02130,Chimpanzi,Pan troglodytes,Mammal,Omnivore,Forest,Uganda,RIVERSIDE ZOO,Endangered,Female,15.8,43.96,84.0,40,1.72,Healthy,Yes,135.03,2025-07-09
ZA-03996,Plains Zebra,Equus quagga,Mammal,Herbivore,Savanna,Tanzania,Coastal Aquarium & Zoo,NT,Female,7.1,318.95,213.8,25,N/A,Healthy,NULL,242.81,2024-01-05
ZA-01036,Sea Otter,Enhydra lutris,Mammal,Carnivore,Ocean,USA,Safari Park North,EN,,4.9,21.09,122.1,15,-,Healthy,No,unknown,2022-12-16
ZA-03782,Sea Otter,Enhydra lutris,Mammal,Carnivore,Ocean,USA,Coastal Aquarium & Zoo,Endangered,F,5.3,24.74,NULL,15,1.16,Healthy,,90.37,12/02/2022
ZA-00220,Snow Leopard,Panthera uncia,Mammal,Carnivore,Mountain,China,Greenfield Sanctuary,VU,Female,2.1,22.74,97.5,15,0.97,Sick,True,187.35,12-27-2023
ZA-01257,Cheetah,Acinonyx jubatus,Mammal,Carnivore,Savanna,Kenya,Greenfield Sanctuary,Vulnerable,Female,6.6,56.44,126.7,12,2.25,Healthy,Yes,91.21,09/03/2023
ZA-02523,Bottlenose Dolphin,Tursiops truncatus,Mammal,Piscivore,Ocean,mexico,Riverside Zoo,LC,Female,16.5,139.78,N/A,40,6.58,Healthy,Yes,215.38,2023-10-16
ZA-03779,Galapagos Tortoise,Chelonoidis niger,Reptile,Herbivore,Island,ECUADOR,Highland Wildlife Reserve,VU,Female,57.7,289.07,123.9,100,na,Healthy,0,259.33,2022-09-22
ZA-00281,Koala,Phascolarctos cinereus,Mammal,Herbivore,Forest,Australia,Riverside Zoo,Vulnerable,Female,5.5,8.16,79.0,13,0.45,Healthy,Yes,$69.65,12-16-2022
ZA-02175,Tiger,Panthera tigris,Mammal ,Carnivore,Forest,India,Coastal Aquarium & Zoo,Endangered,Female,12.2,239.39,262.4,16,13.64,Sick,Y,284.84,2025-03-01
ZA-00134,Cheetah,Acinonyx jubatus,Mammal,Carnivore,Savanna,Kenya,METRO CITY ZOO,VU,Male,8.1,52.84,127.7,12,unknown,sick,Yes,116.46,2025-03-15
ZA-04269,Emperor Penguin,Aptenodytes forsteri,Bird,Piscivore,Arctic,Antarctica,Safari Park North,Near Threatened,Male,11.1,26.34,None,20,1.25,Healthy,Yes,94.88,07 Jun 2025
ZA-03191,Leopard,Panthera pardus,Mammal,Carnivore,Forest,india,Safari Park North,VU,male,10.9,71.27,172.5,14,2.28,Under Observation,Yes,224.19,2023-04-02
ZA-04606,Axolotl,Ambystoma mexicanum,  Amphibian ,  Carnivore ,Wetland,Mexico,Riverside Zoo,CR,male,7.2,0.2,28.0,12,0.01,Healthy,Yes,49.13,2024-01-27
ZA-00739,King Cobra,Ophiophagus hannah,Reptile,  Carnivore ,Forest,INDONESIA,Metro City Zoo,Vulnerable,Female,6.5,6.05,394.9,20,0.23,Healthy,Yes,$89.29,2025-04-05
ZA-02789,Komodo Dragon,Varanus komodoensis,Reptile,Carnivore,  Forest ,Indonesia,Riverside Zoo,Endangered,N/A,3.4,34.76,205.2,30,1.54,Healthy,unknown,unknown,2022-06-27
ZA-03894,Koala,Phascolarctos cinereus,Mammal,Herbivore,forest,Australia,Highland Wildlife Reserve,VU,Male,9.2 yrs,10.24,71.9,13,0.68,Healthy,No,None,2023-07-18
ZA-04348,Peacock,Pavo cristatus,Bird,Omnivore,Forest,Pakistan,Greenfield Sanctuary,Least Concern,Female,8.5,4.63,176.7,20,0.2,Healthy,True,$72.51,24/01/2025
ZA-03816,Nile Crocodile,Crocodylus niloticus,Reptile,Carnivore,Wetland,Kenya,Highland Wildlife Reserve,Least Concern,Female,38.1,421.8,454.1,70,15.58,Healthy,Yes,257.86,2024-01-23
ZA-01609,  Nile Crocodile ,Crocodylus niloticus,Reptile,Carnivore,Wetland,Tanzania,Highland Wildlife Reserve,Least Concern,M,58.3,392.78,484.4 cm,70,14.81,Healthy,Yes,-,2025-04-12
ZA-01700,polar bear,Ursus maritimus,Mammal,Carnivore,Arctic,Russia,Coastal Aquarium & Zoo,Vulnerable,Female,,na,261.5,25,16.5,Healthy,None,$156.13,2022-09-16
ZA-04526,Saltwater Crocodile,Crocodylus porosus,Reptile,Carnivore,Wetland,Indonesia,Metro City Zoo,Least Concern,na,20.5,420.86,499.0,70,17.71,Healthy,Yes,174.3,2023-03-03
ZA-00001,Galapagos Tortoise,Chelonoidis niger,Reptile,Herbivore,Island,Ecuador,Greenfield Sanctuary,VU,male,72.8,N/A,126.2,100,11.39,Under Observation,No,,07/11/2023
ZA-03469,Giant Panda,Ailuropoda melanoleuca,Mammal,Herbivore,Forest,China,Greenfield Sanctuary,Vulnerable,Female,17.2,81.16,143.2,20,3.48,Sick,Yes,N/A,2024-03-02
ZA-02585,Chimpanzee,Pan troglodytes,Mammal,Omnivore,Forest,Congo,Metro City Zoo,endangered,Male,18.3,65.88,85.9,40,2.66,Healthy,No,,14/12/2022
ZA-03692,Bald Eagle,Haliaeetus leucocephalus,Bird,Carnivore,Forest,usa,Greenfield Sanctuary,LC,Male,16.3,5.74,89.6,25,0.21,Healthy,No,47.39,2023-03-19
ZA-00601,Nile Crocodile,Crocodylus niloticus,Reptile,CARNIVORE,Wetland,Tanzania,Coastal Aquarium & Zoo,Least Concern,Female,31.1,369.01,482.2,70,13.02,Sick,No,351.43,2025-03-27
ZA-00702,King Cobra,Ophiophagus hannah,Reptile,Carnivore,FOREST,Indonesia,Riverside Zoo,Vulnerable,Male,3.1,4.13,-,20,0.17,Healthy,NULL,90.32,31/08/2024
ZA-02754,Galapagos Tortoise,Chelonoidis niger,Reptile,Herbivore,Island,Ecuador,Safari Park North,Vulnerable,Male,30.5,234.32,140.2,100,16.27,Injured,N/A,430.55 USD,"March 04, 2025"
ZA-04952,Scarlet Macaw,Ara macao,Bird,Herbivore,Forest,Brazil,Riverside Zoo,LC,Female,27.3,1.08,79.9,50,NULL,Healthy,No,42.08,2023-10-09
ZA-04640,Great White Shark,Carcharodon carcharias,Fish,Carnivore,Ocean,S. Africa,Riverside Zoo,Vulnerable,Male,12.4,687.64,416.8,70,31.41,Healthy,True,266.21,2024-04-23
ZA-01880,Koala,Phascolarctos cinereus,Mammal,Herbivore,Forest,Australia,Metro City Zoo ,VU,Female,4.4,7.86,79.4,13,0.43,Healthy,Yes,$53.64,11-09-2023
ZA-02014,Plains Zebra,Equus quagga,Mammal,Herbivore,Savanna,Botswana,Highland Wildlife Reserve,near threatened,Male,2.1,189.13,181.8,25,12.37,Healthy,Yes,$175.40,2023-04-16
ZA-03654,Saltwater Crocodile,Crocodylus porosus,Reptile,Carnivore,Wetland,Indonesia,Highland Wildlife Reserve,Least Concern,male,19.9,521.38,489.1,70,18.29,  Healthy ,1,425.04,01 May 2025
ZA-02757,Hippopotamus,Hippopotamus amphibius,Mammal,Herbivore,Wetland,Tanzania,Safari Park North,VU,Female,,1348.09,356.0,40,None,Healthy,Yes,447.46,29 Feb 2024
ZA-04768,Orangutan,Pongo pygmaeus,Mammal,Omnivore,forest,Malaysia,Greenfield Sanctuary,Critically Endangered,Female,13.2,unknown,104.4,35,3.3,Healthy,Yes,101.66 USD,05 Sep 2025
ZA-02236,Bald Eagle,Haliaeetus leucocephalus,Bird,Carnivore,Forest ,Canada,Greenfield Sanctuary,LC,M,14.9,5.38,83.3,25,0.21,Healthy,Yes,75.14,14/09/2022
ZA-02702,Cheetah,Acinonyx jubatus,Mammal,Carnivore,Savanna,Kenya,Greenfield Sanctuary,Vulnerable,Female,4.3,52.49,122.7,12,2.33,Injured,N,na,25 Jul 2023
ZA-00855,Green Iguana,Iguana iguana,Reptile,Herbivore,Forest,  Costa Rica ,Safari Park North,LC,Female,8.9,3.62,156.1,15,0.25,Healthy,Y,40.05,2022-04-08
ZA-00488,Saltwater Crocodile,Crocodylus porosus,Reptile,Carnivore,Wetland,Australia,Metro City Zoo,Least Concern,male,44.0,573.69,514.9,70,,Healthy,N,272.23,07-10-2025
ZA-03259,african elephant,Loxodonta africana,Mammal,Herbivore,Savanna,South Africa,Safari Park North,vulnerable,Male,7.1,2323.17,505.5,60,107.57,Healthy,Yes,325.59,2022-07-12
ZA-03113,Leopard,Panthera pardus,Mammal,Carnivore,Forest,India,Safari Park North,Vulnerable,F,5.1,49.63,157.5,14,1.46,Healthy,Y,$116.20,23/01/2024
ZA-04737,Lion,Panthera leo,Mammal,Carnivore,Savanna,South Africa,Highland Wildlife Reserve,Vulnerable,Female,5.7,205.61,None,14,10.04,Healthy,Yes,130.15,"August 16, 2024"
ZA-03691,Red-eyed Tree Frog,Agalychnis callidryas,Amphibian,Insectivore,Forest,Mexico,Coastal Aquarium & Zoo,Least Concern,Female,0.3,-,5.3,5,0.0,Healthy,Yes,36.2,2024-03-03
ZA-04114,Bald Eagle,Haliaeetus leucocephalus,Bird,  Carnivore ,Forest,Canada,Riverside Zoo,Least Concern,Male,16.9,5.38,85.4,25,0.24,Healthy,Yes,46.93,2025-02-20
ZA-04357,Saltwater Crocodile,Crocodylus porosus,Reptile,Carnivore,Wetland,Indonesia ,Highland Wildlife Reserve,LC,Male,22.6,N/A,496.9,70,32.01,Healthy,NULL,257.47,03/04/2022
ZA-01922,Bald Eagle,Haliaeetus leucocephalus,Bird,Carnivore,Forest,USA,Greenfield Sanctuary,LC,Male,14.8,5.57 kg,80.0,25,0.3,Healthy,Yes,NULL,2025-02-24
ZA-02168,Snow Leopard,Panthera uncia,Mammal,Carnivore,Mountain,Pakistan,Metro City Zoo ,VU,Male,2.5,31160 g,117.5,15,1.36,Healthy,No,73.75 USD,25/04/2022
ZA-03726,Bottlenose Dolphin,Tursiops truncatus,Mammal,Piscivore,Ocean,Mexico,Coastal Aquarium & Zoo,LC,Male,16.2,221.0,333.7,40,10.86,Healthy,No,148.64,
ZA-02078,Tiger,Panthera tigris,Mammal,Carnivore,Forest,Indonesia,Safari Park North,ENDANGERED,Female,5.0,212.14,280.9,16,8.63,sick,1,251.77,2025-05-28
ZA-00027,Giraffe,giraffa camelopardalis,Mammal,HERBIVORE,Savanna,Kenya,Greenfield Sanctuary,VU,Female,14.3,1110.32,429.6,25,72.59,Healthy,0,390.36,13 Jan 2023
ZA-00414,Tiger,Panthera tigris,Mammal,Carnivore,Forest,Indonesia,Highland Wildlife Reserve,Endangered,MALE,na,179150 g,311.8,16,5.74,Healthy,False,119.31,06-07-2022
ZA-04117,Lion,Panthera leo,Mammal,Carnivore,Savanna,Tanzania,Coastal Aquarium & Zoo,VU,Female,8.5,159.7,,14,,Healthy,Yes,90.63,2024-01-21
ZA-02630,Golden Eagle,Aquila chrysaetos,Bird,Carnivore,Mountain,Mongolia,Riverside Zoo,LC,Male,12.2,5.18 kg,90.5,25,0.15,Healthy,No,76.9,29/04/2024
ZA-04398,Giraff,Giraffa camelopardalis,Mammal,Herbivore,Savanna,Kenya,Highland Wildlife Reserve,VU,Female,19.9,1221.49,446.2,25,71.17,Healthy,Yes,$365.32,2023-06-27
ZA-03601,Asian Elephant,Elephas maximus,Mammal,Herbivore,Forest,Sri Lanka,Riverside Zoo,EN,female,,3735.27,542.0,60,166.15,Healthy,No,414.98 USD,2024-06-17
ZA-04150,Lionn,Panthera leo,Mammal,Carnivore,Savanna,Tanzania,Highland Wildlife Reserve,vulnerable,Female,7.9,161.81,245.5,14,6.56,Healthy,unknown,unknown,10-23-2024
ZA-01189,Lion,Panthera leo,Mammal,Carnivore,Savanna,Kenya,Greenfield Sanctuary,VU,Male,12.1,224.12,271.0,14,9.89,Healthy,Yes,None,09/09/2022
ZA-01083,cheetah,Acinonyx jubatus,Mammal,Carnivore,Savanna,Botswana,Safari Park North,Vulnerable,Female,2.7,45.91,120.2,12,1.84,Healthy,Yes,96.53,"February 04, 2022"
ZA-03346,Sea Otter,Enhydra lutris,Mammal,Carnivore,Ocean,Canada,Riverside Zoo,EN,Female,5.0,21.23,109.9,15,1.05,Healthy,Y,96.89,2024-11-04
ZA-01556,Grey Wolf,Canis lupus,Mammal,Carnivore,Forest,USA,Highland Wildlife Reserve,LC,Male,5.5,40.66,139.3,8,1.69,Healthy,Y,61.9,2024-10-08
ZA-00204,Golden Eagle,Aquila chrysaetos,Bird,Carnivore,Mountain,Mongolia,Riverside Zoo,Least Concern,Male,5.2,4.27,80.2,25,0.16,NULL,False,na,10-05-2022
ZA-00037,Ostrich,Struthio camelus,Bird,Omnivore,Savanna,Kenya,Highland Wildlife Reserve,least concern,Female,18.6,95.36,217.0,40,None,Injured,False,232.24,23/11/2024
ZA-03512,Hippopotamus,Hippopotamus amphibius,mammal,Herbivore,Wetland,Kenya,Metro City Zoo,Vulnerable,Female,7.5,1126.14,308.4,40,72.64,Injured,Yes,706.97,2025-06-01
ZA-00590,Axolotl,Ambystoma mexicanum,Amphibian,Carnivore,Wetland,Mexico,Greenfield Sanctuary,CR,Female,7.1,,24.0,12,0.01,Healthy,Yes,44.61,2023-09-15
ZA-03863,Bottlenose Dolphin,Tursiops truncatus,Mammal,Piscivore,Ocean,USA,Highland Wildlife Reserve,LEAST CONCERN,Female,20.4,173.3,306.7,40,9.34,Healthy,Yes,$131.64,2023-10-07
ZA-02104,Giraffe,Giraffa camelopardalis,Mammal,Herbivore,Savanna,Kenya,Coastal Aquarium & Zoo,VU,Female,8.1,1145.36,429.3,25,71.25,Healthy,Yes,336.4,05-26-2025
ZA-03580,Golden Eagle,Aquila chrysaetos,Bird,Carnivore,Mountain,Mongolia,Greenfield Sanctuary,Least Concern,Male,16.6,6.17,88.6,25,0.26,Sick,Y,126.32,"October 13, 2023"
ZA-00659,Girafe,Giraffa camelopardalis,Mammal,Herbivore,Savanna,Tanzania,Riverside Zoo,VULNERABLE,F,17.5,1185.41,438.5,25,59.28,Healthy,1,348.24,03-08-2025
ZA-00335,  Snow Leopard ,Panthera uncia,Mammal,Carnivore,Mountain,Pakistan,Coastal Aquarium & Zoo ,Vulnerable,Male,7.4,46.35,136.0,15,2.17,Healthy,Yes,85.25,"May 03, 2025"
ZA-00021,Red Kangaroo,Osphranter rufus,Mammal,Herbivore,Desert,Australia,Greenfield Sanctuary,least concern,female,4.5,66.84,137.0,15,3.66,Healthy,Yes,$96.57,15 Jan 2025
ZA-01385,Black Rhinoceros,Diceros bicornis,Mammal,Herbivore,Savanna,-,Greenfield Sanctuary,Critically Endangered,Female,20.7,1028.41,368.2,40,85.36,Healthy,Yes,400.58 USD,08-05-2024
ZA-04277,Nile Crocodile,crocodylus niloticus,Reptile,Carnivore,  Wetland ,N/A,Greenfield Sanctuary,LEAST CONCERN,Female,40.8,354.63,432.7,70,11.33,Healthy,Yes,285.05,2022-03-19
ZA-02932,Snow Leopard,Panthera uncia,Mammal,Carnivore,Mountain,-,Coastal Aquarium & Zoo,Vulnerable,Female,3.7,36.13,122.0,15,1.55,Healthy,Yes,89.98 USD,2024-12-17
ZA-01663,Emperor Penguin,Aptenodytes forsteri,Bird,Piscivore,Arctic,Antarctica,Highland Wildlife Reserve,NT,Female,-2.0,26.73,116.5,20,1.31,Under Observation,Yes,225.97,2022-11-17
ZA-04966,Saltwater Crocodile,Crocodylus porosus,Reptile,Carnivore,Wetland,Indonesia,Riverside Zoo,LC,Male,15.8,415.91,456.2,70,14.83,Healthy,Yes,$243.36,03-22-2023
ZA-00541,Bottlenose Dolphin,Tursiops truncatus,Mammal,Piscivore,Ocean,USA,Metro City Zoo,Least Concern,NULL,8.2,137.93,284.7,40,7.91,Sick,Yes,None,2023-04-19
ZA-01875,Grey Wolf,Canis lupus,Mammal,Carnivore,Forest,Canada,Riverside Zoo,Least Concern,Female,0.6,14.2,93.6,8,0.65,,Yes,NULL,03/06/2023
ZA-03891,Bald Eagle,Haliaeetus leucocephalus,Bird,Carnivore,Forest,U.S.A.,Metro City Zoo,LC,Male,17.1,4.79,83.6,25,0.21,Healthy,Yes,65.92,2023-08-14
ZA-01933,  Hippopotamus ,Hippopotamus amphibius,Mammal,Herbivore,Wetland,Zambia,Riverside Zoo,VU,Female,12.9,1262.8,375.8,40,63.42,Injured,Yes,575.49,10/09/2022
ZA-04121,Girafe,Giraffa camelopardalis,Mammal,Herbivore,Savanna,Namibia,Riverside Zoo,VU,Female,21.3,1090.84,457.9,25,60.57,Healthy,Yes,416.72,2025-02-22
ZA-02895,Red Kangaroo,Osphranter rufus,Mammal,Herbivore,Desert,Australia,Riverside Zoo,LC,male,6.1,71.28 kg,144.4,15,4.89,Healthy,False,124.99,12 Jun 2024
ZA-04116,Red-eyed Tree Frog,Agalychnis callidryas,Amphibian,Insectivore,Forest,Mexico,Greenfield Sanctuary,Least Concern,Male,2.5,0.01,7.8,5,0.0,Healthy,No,47.11,04-24-2023
ZA-01392,Asian Elephant,Elephas maximus,Mammal ,Herbivore,Forest,Sri Lanka,Coastal Aquarium & Zoo,ENDANGERED,F,13.0,3088.9,485.7,60,207.09,Sick,Y,564.22,2022-02-21
ZA-04003,Axolotl,Ambystoma mexicanum,Amphibian,Carnivore,Wetland,Mexico,Coastal Aquarium & Zoo ,CR,Male,2.6,0.4 lbs,22.8,12,0.01,Under Observation,Yes,82.92,06-25-2024
ZA-00581,Koala,Phascolarctos cinereus,Mammal,Herbivore,Forest,Australia,Metro City Zoo,VULNERABLE,Male,6.9,8.18,80.4,13,0.44,Under Observation,Yes,$162.05,19/10/2023
ZA-04093,Bottlenose Dolphin,Tursiops truncatus,Mammal,Piscivore,Ocean,Mexico,metro city zoo,Least Concern,MALE,17.5,280.21,288.0,40,13.68,Healthy,Y,179.17 USD,2024-05-09
ZA-04381,Cheetah,Acinonyx jubatus,Mammal,Carnivore,savanna,Namibia,Greenfield Sanctuary,VU,MALE,2.6,39.3,129.8,12,1.56,Under Observation,Yes,$170.47,24/06/2024
ZA-04971,Bottlenose Dolphin,Tursiops truncatus,Mammal,Piscivore,Ocean,Australia,Coastal Aquarium & Zoo,LEAST CONCERN,Female,2.8,111.99,210.3,40,7.71,Healthy,Yes,$121.64,2022-07-18
ZA-00480,King Cobra,Ophiophagus hannah,Reptile,Carnivore,Forest,Thailand,Safari Park North,VU,Female,7.0,5.33,377.0,20,0.14,Healthy,Yes,46.56,08/07/2024
ZA-02838,Bottlenose Dolphin,Tursiops truncatus,Mammal,Piscivore,Ocean,Australia,Metro City Zoo,Least Concern,Female,17.4,187.89,306.9,40,6.63,healthy,Yes,$130.66,04/02/2022
ZA-02002,Emperor Penguin,Aptenodytes forsteri,Bird,Piscivore,Arctic,Antarctica,riverside zoo,Near Threatened,MALE,10.6,33.86,128.2,20,1.53,Healthy,N,89.9,04-05-2025
ZA-00064,Nile Crocodile,Crocodylus niloticus,Reptile,Carnivore,  Wetland ,Kenya,Highland Wildlife Reserve,LC,Male,32.7,539.7,488.2,70,24.42,Healthy,N,240.75,13 Dec 2023
ZA-02609,Galapagos Tortoise,Chelonoidis niger,Reptile,Herbivore,Island,Ecuador,Safari Park North,VU,Female,82.9,226.62,113.6,100,,HEALTHY,Yes,165.73,2022-06-06
ZA-01534,Tiger,Panthera tigris,Mammal,Carnivore,Forest,India,Riverside Zoo,EN,Female,6.7,166.21,250.6,16,8.36,Injured,Yes,319.55,13/04/2024
ZA-03357,tiger,Panthera tigris,Mammal,Carnivore,Forest,India,Highland Wildlife Reserve,EN,Male,9.7,249.64,301.5,16,,Healthy,Yes,181.71,19 Aug 2024
ZA-04169,Grey Wolf,Canis lupus,Mammal,Carnivore,Forest,USA,Metro City Zoo,LC,Female,3.8,53.78,120.1,8,2.31,Under Observation,0,$207.12,10-06-2024
ZA-01122,Green Sea Turtle,Chelonia mydas,Reptile,Herbivore,Ocean,Australia,Safari Park North,Endangered,Male,31.4,148.56,107.7,80,6.65,Healthy,Yes,95.18,2025-08-01
ZA-00260,  Nile Crocodile ,Crocodylus niloticus,Reptile,Carnivore,Wetland,Zambia,Metro City Zoo,Least Concern,Female,,348.06,450.7,70,8.52,Sick,True,$309.54,2023-02-15
ZA-00706,Plains Zebra,Equus quagga,Mammal,HERBIVORE,NULL,  Tanzania ,Safari Park North,NT,Male,3.3,243.35,199.0,25,12.42,Sick,No,396.79,2022-07-02
ZA-03449,Koala,Phascolarctos cinereus,Mammal,Herbivore,Forest,Australia,Metro City Zoo,VU,female,9.9,7.53,67.7,13,0.52,Healthy,-,79.77,06-05-2023
ZA-00440,Gorilla,Gorilla gorilla,Mammal,Herbivore,Forest,Uganda,Greenfield Sanctuary,CR,Female,25.6,134.82,169.4,35,8.9,Healthy,Yes,111.31,18/11/2024
ZA-02088,Tiger,Panthera tigris,Mammal,Carnivore,Forest,Russia,Metro City Zoo,Endangered,Male,6.6,251.33,291.5,16,8.74,Healthy,Yes,142.71,2022-07-22
ZA-02853,Golden Eagle,Aquila chrysaetos,Bird,Carnivore,Mountain,Mongolia,Greenfield Sanctuary,Least Concern,Female,17.1,4.61,78.6,25,,Under Observation,Yes,NULL,2023-06-01
ZA-02355,Clownfish,Amphiprion ocellaris,Fish,Omnivore,na,Philippines,Greenfield Sanctuary,LC,Male,5.1,0.02,9.3,500,0.0,Healthy,Yes,,2024-08-31
ZA-02950,NILE CROCODILE,Crocodylus niloticus,Reptile,Carnivore,Wetland,Zambia,Metro City Zoo,LC,MALE,35.5,500.74,498.0,70,23.69,Healthy,Yes,223.87,"June 17, 2025"
ZA-00925,Koala,Phascolarctos cinereus,Mammal,Herbivore,Forest,Australia,  Highland Wildlife Reserve ,VULNERABLE,Male,9.9,9.04,83.1,13,0.49,Under Observation,Yes,unknown,2024-03-15
ZA-03396,Plains Zebra,Equus quagga,Mammal,Herbivore,Savanna,Tanzania,unknown,NEAR THREATENED,Female,22.2,273.7,243.3,25,19.06,Healthy,None,164.24,2024-06-30
ZA-03922,Scarlet Macaw,Ara macao,Bird,Herbivore,Forest,Costa Rica,Riverside Zoo,LC,NULL,32.0,0.84,85.5,50,0.05,Healthy,No,28.05,30/01/2023
ZA-04908,Ostrich,Struthio camelus,Bird,Omnivore,Savanna,Kenya,Riverside Zoo,LEAST CONCERN,F,13.9,99.92,192.3,40,4.32,Healthy,Yes,165.69,2022-12-15
ZA-04238,Giraffe,giraffa camelopardalis,Mammal,Herbivore,Savanna,Namibia,Greenfield Sanctuary,VULNERABLE,Male,7.5,1368.0,unknown,25,82.66,Healthy,0,312.34,11/01/2025
ZA-02410,Ostrich,Struthio camelus,Bird,Omnivore,Savanna,Namibia,Metro City Zoo,LC,Male,14.2,125.28,211.1,40,N/A,  Healthy ,Y,$214.05,2024-11-08
ZA-01135,Saltwater Crocodile,Crocodylus porosus,Reptile,Carnivore,Wetland,Indonesia,RIVERSIDE ZOO,LC,Female,29.0,504.27,435.7,70,21.2,Under Observation,Yes,462.8,10/02/2025
ZA-01109,Green Iguana,Iguana iguana,Reptile,Herbivore,Forest,Brazil,Riverside Zoo,LC,Male,11.8,5.84,156.5,15,0.38,Healthy,1,51.31,"September 12, 2022"
ZA-01484,Peacock,Pavo cristatus,Bird,Omnivore,Forest,Pakistan,Coastal Aquarium & Zoo,Least Concern,Male,9.0,5.02,-,20,None,Healthy,NULL,None,03/05/2023
ZA-01917,Lion,Panthera leo,Mammal,Carnivore,Savanna,Tanzania,Highland Wildlife Reserve,vulnerable,Male,7.6,225.63,na,14,12.23,Injured,No,336.63,2024-03-31
ZA-04267,Hippopotamus,Hippopotamus amphibius,Mammal,Herbivore,Wetland,Zambia,Safari Park North,Vulnerable,F,15.2,1434.62,351.8,40,112.27,Healthy,Yes,404.48,07-06-2025
ZA-03837,Whale Shark,Rhincodon typus,Fish,Omnivore,Ocean,Australia,Riverside Zoo,EN,Male,N/A,10469.57,1059.3,70,553.9,Healthy,Yes,1037.48,2022-03-05
ZA-00588,Sea Otter,Enhydra lutris,Mammal,Carnivore,Ocean,  Canada ,Metro City Zoo,EN,Male,11.1,26.95,121.1,15,0.9,Healthy,Yes,43.1,2022-12-19
ZA-00769,Clownfish,Amphiprion ocellaris,Fish,Omnivore,Ocean,Australia,Coastal Aquarium & Zoo,LC,Male,,0.02,8.8,8,0.0,Healthy,Yes,49.9,2024-08-14
ZA-02083,Grey Wolf,canis lupus,Mammal,Carnivore,Forest,USA,Highland Wildlife Reserve,Least Concern,Male,5.6,unknown,134.0,8,1.46,Healthy,Yes,None,2023-07-03
ZA-01086,Koala,Phascolarctos cinereus,Mammal,HERBIVORE,Forest,Australia,Safari Park North,Vulnerable,Female,,8.35,71.5,13,0.44,Healthy,True,85.27,09/09/2022
ZA-02371,Whale Shark,Rhincodon typus,Fish,Omnivore,Ocean,Pakistan,Riverside Zoo,Endangered,Female,na,6885.97,1060.5,70,284.95,Healthy,No,"$1,013.28",16/02/2023
ZA-03020,Golden Eagle,Aquila chrysaetos,Bird,Carnivore,Mountain,Mongolia,Greenfield Sanctuary,Least Concern,Female,7.4,4.3,78.4,25,0.2,Healthy,Yes,64.22,-
ZA-01528,Red Kangaroo,Osphranter rufus,Mammal,Herbivore,Desert,Australia,Coastal Aquarium & Zoo,LC,F,6.2,68.38,131.5,15,-,Healthy,True,115.76,2025-04-06
ZA-01638,Green Iguana,Iguana iguana,Reptile,Herbivore,Forest,Brazil,Highland Wildlife Reserve,least concern,male,5.8,5.64,164.7,15,0.33,Healthy,Yes,63.36,2023-05-24
ZA-01991,Bottlenose Dolphin,Tursiops truncatus,Mammal,Piscivore,Ocean,Australia,Metro City Zoo,Least Concern,Male,1.6,85.08,213.7,40,4.53,Under Observation,0,254.87,"May 22, 2024"
ZA-04455,Hippopotamus,Hippopotamus amphibius,Mammal,Herbivore,Wetland,Tanzania,Safari Park North,vulnerable,Male,28.2,1532.71,346.6,40,82.41,Injured,Yes,1308.2,2023-01-25
ZA-01339,Chimpanzee,Pan troglodytes,Mammal,Omnivore,Forest,Tanzania,  Coastal Aquarium & Zoo ,EN,Female,14.0,49.73 kg,0,40,2.81,Injured,Yes,366.78,2024-06-09
ZA-00638,Snow Leopard,Panthera uncia,Mammal,Carnivore,Mountain,Pakistan,Riverside Zoo,VU,Female,na,,-,15,2.08,Injured,No,$191.10,2023-01-02
ZA-04221,Green Iguana,Iguana iguana,reptile,Herbivore,Forest,Mexico,Highland Wildlife Reserve,LC,Male,4.8,4.9,165.4,15,0.3,Healthy,No,101.3,2024-12-01
ZA-00333,Plains Zebra,Equus quagga,Mammal,Herbivore,Savanna,kenya,Highland Wildlife Reserve,NT,Male,20.8,417.78,250.6,25,22.14,Healthy,Yes,209.11,2024-12-20
ZA-02831,Red Kangaroo,Osphranter rufus,Mammal,Herbivore,Desert,Australia,Riverside Zoo,LC,Female,-,54.64,136.4,15,3.07,Sick,0,127.85,2022-11-10
ZA-02537,King Cobra,Ophiophagus hannah,Reptile,Carnivore,Forest,Thailand,Riverside Zoo,VU,male,8.2,6.66,419.1,20,0.32,Healthy,Yes,55.47,2023-07-01
ZA-01990,African Elephant,Loxodonta africana,Mammal,Herbivore,Savanna,Tanzania,Metro City Zoo,VU,Female,8.1,2232.31,469.7,60,133.03,Injured,Yes,697.24,2023-06-05
ZA-00800,African Elephant,Loxodonta africana,Mammal,Herbivore,Savanna,BOTSWANA,Safari Park North,VU,male,20.2,4064.93 kg,582.9,60,,Healthy,Yes,412.65,2022-06-12
ZA-04487,Flamingoe,Phoenicopterus roseus,Bird,Omnivore,Wetland,Kenya,Safari Park North,LC,Male,,3.22,126.7,30,0.16,Healthy,Yes,61.28,2024-10-13
ZA-01821,Clownfish,Amphiprion ocellaris,Fish,Omnivore,Ocean,Philippines,Greenfield Sanctuary,Least Concern,Male,5.3,0.02,10.1,8,0.0,Healthy,No,40.7,2024-08-03
ZA-00063,Whale Shark,Rhincodon typus,Fish,Omnivore,Ocean,Pakistan,Safari Park North,endangered,N/A,15.7,8370.65,978.2,70,379.58,Healthy,Yes,1669.08,21/01/2023
ZA-03836,African Elephant,Loxodonta africana,Mammal,Herbivore,Savanna,S. Africa,Riverside Zoo,VULNERABLE,male,13.8,4070.33,602.4,60,242.4,Healthy,Yes,581.68,10/04/2024
ZA-02814,Saltwater Crocodile,Crocodylus porosus,Reptile,Carnivore,Wetland,Australia,Safari Park North,LC,Male,23.5,1191.2 lbs,471.5,70,unknown,Healthy,na,259.06,14/03/2024
ZA-00158,Grey Wolf,Canis lupus,Mammal,Carnivore,Forest,unknown,Greenfield Sanctuary,N/A,Female,3.7,42.56,132.0,8,N/A,Healthy,Yes,85.91,2022-08-18
ZA-00439,Chimpanzee,Pan troglodytes,Mammal,Omnivore,Forest,Congo,coastal aquarium & zoo,Endangered,Female,21.0,38.41,89.9,40,1.36,Healthy,Yes,59.7,2025-03-08
ZA-04556,Orangutan,Pongo pygmaeus,Mammal,Omnivore,Forest,Indonesia,Greenfield Sanctuary,CRITICALLY ENDANGERED,M,two,91.54,116.7,35,4.65,Healthy,True,176.11,27/09/2022
ZA-03682,Galapagos Tortoise,Chelonoidis niger,Reptile,Herbivore,Island,Ecuador,Safari Park North,VU,Female,87.6,278.7,122.5,-1,23.52,Injured,Yes,258.1,2025-07-30
ZA-02470,Red Kangaroo,Osphranter rufus,Mammal ,Herbivore,Desert,Australia,Highland Wildlife Reserve,Least Concern,Female,10.7,52.97,150.7,15,3.38,Healthy,Yes,72.62,03-08-2022
ZA-04018,gorilla,Gorilla gorilla,Mammal,Herbivore,Forest,Gabon,Greenfield Sanctuary,Critically Endangered,Male,6.8,125.82,161.0,35,6.95,Healthy,No,139.88 USD,2023-09-05
ZA-04793,Komodo Dragon,Varanus komodoensis,Reptile,Carnivore,Forest,Indonesia,Safari Park North,Endangered,Male,17.6,71.86,265.7,30,4.19,Under Observation,Yes,178.88,01-11-2025
ZA-04286,Lion,Panthera leo,Mammal,Carnivore,Savanna,Tanzania,Riverside Zoo,Vulnerable,male,na,190.8,224.7,14,9.32,Sick,Yes,NULL,"November 21, 2024"
ZA-02308,Tiger,Panthera tigris,Mammal,Carnivore,Forest,India,Greenfield Sanctuary,EN,Male,2.0,145.18,223.3,16,5.93,Healthy,Yes,182.90 USD,30/07/2024
ZA-04199,Ostrich,Struthio camelus,Bird,Omnivore,Savanna,Kenya,Safari Park North,LC,Female,36.3,88.04,204.8,40,3.29,Healthy,Y,105.65,14/03/2022
ZA-04941,Brown Bear,Ursus arctos,Mammal,Omnivore,Forest,Canada,Coastal Aquarium & Zoo,LEAST CONCERN,F,17.1,N/A,193.3,25,9.26,Sick,Yes,231.89,2022-07-27
ZA-04035,Gorilla,Gorilla gorilla,Mammal,Herbivore,Forest,Uganda,Coastal Aquarium & Zoo,CR,Female,15.1,142.04,160.5,35,6.85,Healthy,Y,162.06,2024-11-17
ZA-04975,Giraffe,Giraffa camelopardalis,Mammal,Herbivore,Savanna,Kenya,Coastal Aquarium & Zoo,VU,Female,None,1383.56,444.4,25,64.13,Healthy,Yes,397.49,01-23-2023
ZA-03175,Komodo Dragon,Varanus komodoensis,Reptile,Carnivore,Forest,Indonesia,Riverside Zoo,EN,Male,19.6,65.65,245.7,30,3.69,Healthy,Yes,88.38,2025-08-14
ZA-03119,Plains Zebra,Equus quagga,Mammal,Herbivore,Savanna,Botswana,Greenfield Sanctuary,Near Threatened,Female,6.1,300.74,unknown,25,17.33,Healthy,Yes,102.13,2022-05-10
ZA-02958,Clownfish,Amphiprion ocellaris,Fish,Omnivore,Ocean,Philippines,Riverside Zoo,Least Concern,Male,3.1,0.02,8.4,8,0.0,Healthy,True,37.23,01-14-2025
ZA-00013,Ostrich,Struthio camelus,Bird,Omnivore,Savanna,South Africa,Greenfield Sanctuary,LEAST CONCERN,Female,12.5,84.44,223.8,40,3.72,Healthy,Yes,90.22,10-29-2023
ZA-04427,Ostrich,Struthio camelus,Bird,Omnivore,Savanna,Namibia,Safari Park North,LC,FEMALE,8.4,84.79,174.3,40,4.42,Healthy,Yes,97.71,2025-02-27
ZA-04942,  Giraffe ,Giraffa camelopardalis,Mammal,Herbivore,Savanna,Namibia,Greenfield Sanctuary,Vulnerable,female,12.3,1372.9,409.3,25,76.26,Healthy,Yes,292.15,2024-02-15
ZA-00141,Green Iguana,Iguana iguana,Reptile,Herbivore,Forest,Costa Rica,Metro City Zoo,LC,M,3.4,4.52 kg,141.1,15,0.28,NULL,0,$84.07,23/04/2024
ZA-03124,Golden Eagle,Aquila chrysaetos,Bird,Carnivore,Mountain,Pakistan,na,LC,Male,11.0,5.46,81.4,25,0.22,Injured,Yes,$129.23,
ZA-02503,Polar Bear,Ursus maritimus,Mammal,Carnivore,Arctic,Canada,Coastal Aquarium & Zoo,Vulnerable,FEMALE,3.9,NULL,215.2 cm,25,8.96,Healthy,Yes,208.92 USD,2025-08-14
ZA-03361,Galapagos Tortoise,Chelonoidis niger,Reptile,Herbivore,Island,Ecuador,Riverside Zoo,VU,Male,14.6,151.93,98.1,100,,Healthy,Yes,105.31,2023-04-06
ZA-01838,Sea Otter,Enhydra lutris,Mammal,Carnivore,Ocean,USA,Riverside Zoo,Endangered,Male,2.5,19.41,118.8,0,0.89,Healthy,0,85.78,2022-06-07
ZA-03717,Giant Panda,Ailuropoda melanoleuca,Mammal,Herbivore,Forest,China,Coastal Aquarium & Zoo,VU,F,9.4,91.18,148.8,20,5.56,Under Observation,Yes,214.4,2022-09-04
ZA-02255,Asian Elephant,Elephas maximus,Mammal,Herbivore,Forest,India,Safari Park North,Endangered,F,31.2,3514.11,490.7,60,-,Injured,No,2072.48,03 May 2023
ZA-01055,Chimpanzee,Pan troglodytes,Mammal,Omnivore,Forest,Tanzania,Riverside Zoo,Endangered,Female,19.0,43.39,86.0,40,1.5,Healthy,Yes,65.82,05/01/2025
ZA-03005,Whale Shark,Rhincodon typus,Fish,Omnivore,Ocean,Mexico,Safari Park North,EN,Female,56.3,9822.04,1043.9,70,394.44,Healthy,Y,607.94,2023-10-11
ZA-01540,Green Iguana,Iguana iguana,Reptile,Herbivore,Forest,Brazil,Riverside Zoo,LC,Female,1.8,2.3,119.1,15,0.13,Under Observation,N,106.18,"June 06, 2024"
ZA-04829,Emperor Penguin,Aptenodytes forsteri,Bird,Piscivore,Arctic,Antarctica,Highland Wildlife Reserve,NT,Male,,31.92,114.0,20,,Healthy,Yes,58.09,25 Dec 2024
ZA-04190,Whale Shark,Rhincodon typus,Fish,Omnivore,Ocean,Mexico,Coastal Aquarium & Zoo,unknown,Female,20.9,7706.54,972.6,70,330.76,Healthy,Y,855.47,25 Dec 2023
ZA-02979,Brown Bear,Ursus arctos,Mammal,Omnivore,Forest,USA,Greenfield Sanctuary,LC,Male,1.7,146.44,164.1,25,7.57,  Sick ,Yes,377.8,2025-08-23
ZA-01181,Grey Wolf,Canis lupus,Mammal ,CARNIVORE,Forest,USA,Metro City Zoo,least concern,F,4.3,34.71,127.6,8,1.49,Healthy,Yes,60.88,2025-03-30
ZA-02220,Scarlet Macaw,Ara macao,Bird,Herbivore,Forest,Peru,  Highland Wildlife Reserve ,Least Concern,female,34.0,0.99,na,50,0.06,Healthy,True,47.7,"July 26, 2025"
ZA-02142,Galapagos Tortoise,Chelonoidis niger,Reptile,Herbivore,Island,Ecuador,Safari Park North,VU,MALE,27.0,265.15,129.4,100,13.97,Sick,True,347.41,20/08/2023
ZA-01721,Chetah,Acinonyx jubatus,Mammal,Carnivore,Savanna,Namibia,Greenfield Sanctuary,Vulnerable,FEMALE,7.7,39.98,-,12,1.36,Healthy,No,88.92,27 Apr 2023
ZA-00110,Green Sea Turtle,chelonia mydas,Reptile,Herbivore,,Pakistan,Metro City Zoo,Endangered,F,65.1,128.29,106.8,80,8.73,Sick,Yes,285.98 USD,2024-01-04
ZA-03488,Galapagos Tortoise,Chelonoidis niger,  Reptile ,Herbivore,na,ecuador,Safari Park North,vulnerable,Female,56.3,238.52,121.6,100,13.03,Healthy,Yes,247.62,2023-04-30
ZA-04590,Giant Panda,Ailuropoda melanoleuca,Mammal,Herbivore,Forest,China,Riverside Zoo,VU,F,18.4,83.45,150.7,20,5.36,Healthy,No,75.2,2023-09-24
ZA-03467,Nile Crocodile,Crocodylus niloticus,Reptile,Carnivore,Wetland,Kenya,Safari Park North,Least Concern,Male,17.7,345.51,529.0,70,18.86,Healthy,1,$288.79,01-22-2023
ZA-04369,Cheetah,Acinonyx jubatus,Mammal,Carnivore,Savanna,Kenya,Coastal Aquarium & Zoo,vulnerable,Female,5.6,41.54,123.3,12,1.73,Healthy,Yes,91.36,2025-09-02
ZA-00690,Plains Zebra,Equus quagga,Mammal,Herbivore,Savanna,Kenya,Metro City Zoo,NT,Female,16.5,322.89,241.5,25,20.51,Healthy,N,159.2,07 Feb 2022
ZA-02832,African Elephant,Loxodonta africana,Mammal,Herbivore ,Savanna,  South Africa ,Riverside Zoo,Vulnerable,Male,10.9,3843.92,574.4,60,291.68,Under Observation,Yes,N/A,2023-10-23
ZA-01496,Nile Crocodile,Crocodylus niloticus,Reptile,Carnivore,Wetland,Kenya,METRO CITY ZOO,Least Concern,Female,47.0,425.47,449.9,70,17.63,Under Observation,,$525.92,23 Nov 2024
ZA-03123,Peacock,Pavo cristatus,Bird,Omnivore,Forest,Sri Lanka,riverside zoo,LC,FEMALE,9.5,5410 g,203.3,20,0.28,healthy,Yes,127.81,04/06/2025
ZA-04244,Red-eyed Tree Frog,Agalychnis callidryas,Amphibian,Insectivore,Forest,Costa Rica,Coastal Aquarium & Zoo,Least Concern,F,2.5,0.01,6.2,5,0.0,Healthy,Yes,40.93,12 Dec 2024
ZA-00653,Plains Zebra,Equus quagga,Mammal,Herbivore,Savanna,Tanzania,Coastal Aquarium & Zoo,NT,Male,,368.06,251.0,25,23.05,Sick,Yes,$379.97,2024-07-20
ZA-03777,Giraffe,Giraffa camelopardalis,Mammal,Herbivore,Savanna,Kenya,Safari Park North,Vulnerable,MALE,4.9,1064.36,-,25,72.1,Healthy,Yes,316.9,2025-08-29
ZA-02939,King Cobra,Ophiophagus hannah,Reptile,Carnivore,Forest,Thailand,Coastal Aquarium & Zoo,VU,Female,12.7,5.04,,20,0.22,Healthy,-,59.29,06-23-2022
ZA-02126,Red-eyed Tree Frog,Agalychnis callidryas,Amphibian,Insectivore,Forest,Mexico,Metro City Zoo,Least Concern,Female,N/A,0.01,6.9,5,0.0,Healthy,Yes,$38.95,17/12/2024
ZA-00591,Green Sea Turtle,Chelonia mydas,Reptile,Herbivore,Ocean,Mexico ,Riverside Zoo,Endangered,male,58.0,155.02 kg,117.9,80,11.03,Healthy,Y,284.19,"May 07, 2022"
ZA-03524,Whale Shark,Rhincodon typus,Fish,Omnivore,Ocean,Mexico,Riverside Zoo,Endangered,Male,33.9,10604.75,941.0,70,536.08,healthy,Yes,920.97,10/09/2022
ZA-04712,Hippopotamus,Hippopotamus amphibius,Mammal,Herbivore,Wetland,Tanzania,Highland Wildlife Reserve,VU,Male,11.5,1422.21,359.1,40,75.36,Healthy,Yes,N/A,2024-02-20
ZA-00896,Great White Shark,carcharodon carcharias,Fish,Carnivore,Ocean,USA,Riverside Zoo,Vulnerable,Male,6.7,584.27,420.8,70,25.09,healthy,Y,322.82 USD,16/03/2022
ZA-03461,Bald Eagle,Haliaeetus leucocephalus,Bird,Carnivore,Forest,USA,Metro City Zoo,least concern,Male,-,4.86,77.1,25,0.26,Injured,None,100.77,25/09/2024
ZA-03715,hippopotamus,Hippopotamus amphibius,Mammal,Herbivore,Wetland,Zambia,Riverside Zoo,unknown,Female,7.4,2028.7 lbs,288.9,40,na,Healthy,Yes,432.63,2025-02-20
ZA-02884,Lionn,Panthera leo,Mammal,Carnivore,Savanna,Tanzania,Riverside Zoo,VU,Female,2.0,105.85,202.1,14,4.39,  Under Observation ,Yes,231.64,2023-07-17
ZA-00128,Plains Zebra,Equus quagga,MAMMAL,Herbivore,Savanna,Tanzania,Highland Wildlife Reserve,NT,Female,None,323310 g,-,25,27.48,Healthy,No,209.16,2023-09-26
ZA-00118,Komodo Dragon,Varanus komodoensis,Reptile,Carnivore,Forest,Indonesia,Highland Wildlife Reserve,Endangered,Female,3.4,34.45,177.3 cm,30,1.14,Injured,True,180.59,2024-06-28
ZA-03594,Bald Eagle,haliaeetus leucocephalus,Bird,Carnivore,Forest,USA,Highland Wildlife Reserve,Least Concern,Female,12.5,4.6,84.0,25,0.15,Sick,Yes,None,07/06/2025
ZA-01445,Asian Elephant,Elephas maximus,Mammal,Herbivore,Forest,Thailand,Safari Park North,Endangered,Male,35.7,3487.8,530.4,60,203.21,Healthy,1,502.21,2024-08-29
ZA-02627,Lion,Panthera leo,Mammal,Carnivore,Savanna,South Africa,Highland Wildlife Reserve,VU,Female,4.7,160.31,220.2,14,5.98,Healthy,Yes,177.71,07-28-2024
ZA-03638,Giant Panda,Ailuropoda melanoleuca,Mammal,Herbivore,Forest,China,Safari Park North,VULNERABLE,Male,9.0,110.57,147.0,20,4.13,Under Observation,No,282.5,07-07-2022
ZA-00515,Brown Bear,Ursus arctos,Mammal,Omnivore,Forest,Russia,Coastal Aquarium & Zoo,Least Concern,Male,9.0,277.21,210.7,25,11.41,Under Observation,-,316.02,10-06-2023
ZA-01581,Bottlenose Dolphin,Tursiops truncatus,Mammal,Piscivore,Ocean,Mexico,Metro City Zoo,least concern,Female,6.4,123.64,275.1,40,4.9,Healthy,Yes,132.08,03-05-2024
ZA-04823,Saltwater Crocodile,Crocodylus porosus,Reptile,Carnivore,Wetland,Australia,Greenfield Sanctuary,Least Concern,Male,38.1,424.7,491.7,70,15.5,Healthy,Yes,-,24/07/2022
za-02777,Golden Eagle,Aquila chrysaetos,Bird,Carnivore,Mountain,Mongolia,Greenfield Sanctuary,Least Concern,Female,9.9,12.6 lbs,77.4,25,0.29,Healthy,No,92.98,04-11-2025
ZA-03611,GREY WOLF,Canis lupus,Mammal,Carnivore,Forest,Canada,Coastal Aquarium & Zoo,Least Concern,Female,5.0,41.55,135.6,8,1.9,Healthy,Yes,$87.79,2023-03-29
ZA-04675,Grey Wolf,Canis lupus,Mammal,Carnivore,Forest,Russia,Coastal Aquarium & Zoo,Least Concern,Male,3.0,39.5,133.1,8,,Healthy,No,101.87,04-01-2024
ZA-02733,Asian Elephant,Elephas maximus,Mammal,Herbivore,Forest,Thailand,Riverside Zoo,EN,Male,18.5,4165.95,525.1,60,315.48,Healthy,True,608.87,15/06/2023
ZA-03547,Koala,Phascolarctos cinereus,Mammal,Herbivore,Forest,Australia,Greenfield Sanctuary,Vulnerable,Female,three,18.3 lbs,67.5,13,0.51,Healthy,Yes,58.51,04-14-2024
ZA-02992,Polar Bear,Ursus maritimus,Mammal,Carnivore,unknown,Russia,Highland Wildlife Reserve,VU,Male,17.8,439.47,260.1,25,19.42,Healthy,Yes,161.19,"October 01, 2023"
ZA-00031,Gorilla,Gorilla gorilla,Mammal,Herbivore,Forest,Uganda,Metro City Zoo,CR,Male,5.3,112.08,144.3,35,6.67,Healthy,Y,129.4,10/02/2024
ZA-02146,Green Sea Turtle,Chelonia mydas,Reptile,Herbivore,Ocean,Mexico,Highland Wildlife Reserve,Endangered,Female,32.6,119.27,99.3,80,6.16,Healthy,No,$114.38,07-14-2023
ZA-01353,Lion,Panthera leo,Mammal,Carnivore,Savanna,South Africa,Greenfield Sanctuary,Vulnerable,Male,6.4,243.81,244.5,14,10.44,Healthy,Yes,175.73,2025-06-28
ZA-04917,Polar Bear,Ursus maritimus,Mammal,Carnivore,Arctic,Canada,Riverside Zoo,VU,M,16.4,414.57,253.9,25,16.09,Injured,True,428.73,2023-12-02
ZA-02016,Clownfish,Amphiprion ocellaris,Fish,Omnivore,Ocean,Philippines,NULL,LC,Male,4.9,0.02,9.8,8,0.0,Healthy,Y,39.66,31/05/2022
ZA-03063,Saltwater Crocodile,Crocodylus porosus,Reptile,Carnivore,Wetland,Australia,Coastal Aquarium & Zoo,LC,Female,6.6,244.8,348.8,70,11.29,healthy,No,159.99,09-05-2023
ZA-01545,Great White Shark,Carcharodon carcharias,Fish,Carnivore,Ocean,Australia,Metro City Zoo,VU,NULL,26.3,810.45 kg,461.8,70,30.47,Healthy,True,323.72,02 May 2023
ZA-04709,Tiger,Panthera tigris,Mammal,Carnivore,Forest,Russia,Riverside Zoo,EN,Female,9.7,214.13,254.3,16,8.84,Healthy,Yes,138.49,01-27-2022
ZA-04248,Clownfish,Amphiprion ocellaris,Fish,Omnivore,Ocean,Indonesia,Coastal Aquarium & Zoo,LC,Female,4.9,0.02,8.3,8,0.0,Healthy,0,61.06,2023-09-01
ZA-04768,Orangutan,Pongo pygmaeus,Mammal,Omnivore,forest,Malaysia,Greenfield Sanctuary,Critically Endangered,Female,13.2,unknown,104.4,35,3.3,Healthy,Yes,101.66 USD,05 Sep 2025
ZA-01982,African Elephant,Loxodonta africana,Mammal,Herbivore,savanna,Tanzania,Coastal Aquarium & Zoo,VU,male,26.5,5188.14,611.6,60,330.33,Healthy,Yes,631.18,04-30-2024
ZA-02782,Lion,Panthera leo,Mammal,Carnivore,Savanna,Tanzania,Highland Wildlife Reserve,Vulnerable,Male,3.2,182.0,219.2,14,8.8,Healthy,No,170.69,2023-04-19
ZA-03999,Green Sea Turtle,Chelonia mydas,Reptile,Herbivore,Ocean,Mexico,unknown,ENDANGERED,Male,8.6,95.67,93.4,-1,4.55,Healthy,No,165.06,2024-02-22
ZA-00451,Emperor Penguin,Aptenodytes forsteri,Bird,Piscivore,Arctic,Antarctica,Coastal Aquarium & Zoo,Near Threatened,Female,6.3,26.48,117.6,20,1.11,Healthy,False,$80.24,2023-10-21
ZA-01413,Great White Shark,Carcharodon carcharias,Fish,Carnivore,Ocean,Australia,Coastal Aquarium & Zoo,Vulnerable,Female,35.9,1076.78,419.7,70,57.46,Healthy,Yes,$420.14,06-09-2025
ZA-04460,African Elephant,Loxodonta africana,Mammal,Herbivore,Savanna,South Africa,Metro City Zoo,unknown,Female,13.5,3762230 g,576.0,60,210.21,Healthy,Yes,424.83,28 Apr 2025
ZA-04186,Golden Eagle,Aquila chrysaetos,Bird,Carnivore,Mountain,Pakistan,Highland Wildlife Reserve,LC,Male,14.2,5.41,85.2,25,0.2,Healthy,1,63.67,na
ZA-01986,Nile Crocodile,Crocodylus niloticus,Reptile,Carnivore,Wetland,Zambia,Riverside Zoo,least concern,Male,40.5,1210.5 lbs,504.2,70,22.5,Healthy,Yes,301.21,10-06-2024
ZA-01592,Emperor Penguin,Aptenodytes forsteri,Bird,Piscivore,Arctic,Antarctica,Metro City Zoo,NT,Female,,29.55,129.3,20,1.08,Sick,Yes,169.0,2024-11-16
ZA-01120,Asian Elephant,Elephas maximus,Mammal,Herbivore,Forest,None,Metro City Zoo,EN,Female,35.2,2573.17,505.1,60,,Healthy,N,845.37,2025-06-30
ZA-00325,Chimpanzee,Pan troglodytes,Mammal,Omnivore,Forest,DR Congo,na,EN,M,21.2,45.88,87.0,40,1.99,Healthy,True,None,29/09/2023
ZA-03069,Great White Shark,Carcharodon carcharias,Fish,Carnivore,Ocean,N/A,Greenfield Sanctuary,VU,Male,45.6,967.33,536.8,70,52.44,Injured,Yes,518.15,"August 16, 2024"
ZA-00824,Tiger,Panthera tigris,Mammal,Carnivore,Forest,Indonesia,Metro City Zoo,EN,Female,7.1,211.18,282.0,16,8.33,Healthy,-,192.40 USD,2023-09-14
ZA-03094,Peacock,Pavo cristatus,Bird,Omnivore,Forest,Sri Lanka,Coastal Aquarium & Zoo,Least Concern,Female,16.8,4.58,,20,0.17,Under Observation,None,174.48,2024-03-02
ZA-00457,Emperor Penguin,Aptenodytes forsteri,Bird,Piscivore,Arctic,Antarctica,Metro City Zoo,NT,M,8.2,31.78,127.3,20,1.48,Healthy,Yes,75.24,2025-05-04
ZA-00905,Polar Bear,Ursus maritimus,Mammal,Carnivore,Arctic,USA,Highland Wildlife Reserve,vulnerable,Female,17.8,424.39,254.8,25,15.13,Healthy,Yes,371.79,10 Jun 2023
ZA-01585,Komodo Dragon,Varanus komodoensis,Reptile,Carnivore,Forest,Indonesia,Coastal Aquarium & Zoo,EN,Male,,72.91,245.5,30,N/A,Injured,True,262.79,17/03/2024
ZA-02985,Snow Leopard,Panthera uncia,Mammal,Carnivore,Mountain,Pakistan,Riverside Zoo,Vulnerable,Female,6.0,38.31,125.0,15,1.67,healthy,Yes,82.21,2022-07-16
ZA-00290,Komodo Dragon,Varanus komodoensis,Reptile,Carnivore,Forest,Indonesia,Safari Park North,Endangered,Female,14.2,63.51,236.9,30,2.2,Under Observation,Yes,271.56,2022-04-15
ZA-03851,Ostrich,Struthio camelus,Bird,Omnivore,Savanna,South Africa,Greenfield Sanctuary,LC,Male,26.7,152.17,216.4,40,8.28,Healthy,Yes,129.34,26/08/2022
ZA-01537,Galapagos Tortoise,Chelonoidis niger,Reptile,Herbivore,Island,Ecuador,Metro City Zoo,vulnerable,Male,52.8,264.04,120.9,100,13.47,Healthy,Yes,192.2,2022-08-14
ZA-01107,Nile Crocodile,Crocodylus niloticus,Reptile,Carnivore,Wetland,Zambia,Highland Wildlife Reserve,Least Concern,Female,52.1,448.66,492.1,70,16.25,Healthy,No,141.44 USD,2023-03-21
ZA-01053,Polar Bear,Ursus maritimus,Mammal,Carnivore,Arctic,Russia,Coastal Aquarium & Zoo,VU,Female,1.2,150.93,164.1 cm,25,5.25,Healthy,No,$139.67,15/01/2023
ZA-02799,Asian Elephant,Elephas maximus,Mammal,Herbivore,Forest,Sri Lanka,Greenfield Sanctuary,Endangered,Female,17.4,8090.8 lbs,576.2,60,246.2,Healthy,Yes,N/A,05-08-2025
ZA-04713,Koala,Phascolarctos cinereus,Mammal,Herbivore,Forest,Australia,Safari Park North,VU,Female,3.1,8.23,63.1,13,0.58,under observation,Yes,126.49,17/01/2025
ZA-03827,Polar Bear,Ursus maritimus,Mammal,Carnivore,Arctic,Russia,Safari Park North,Vulnerable,Male,3.8,,251.7,25,12.01,Sick,Yes,295.99,2023-10-17
ZA-00410,Asian Elephant,Elephas maximus,Mammal,Herbivore,Forest,Sri Lanka,Metro City Zoo,endangered,Female,43.6,2832.04,524.7,60,179.6,Healthy,No,522.93,2025-06-09
ZA-00746,Green Sea Turtle,Chelonia mydas,Reptile,Herbivore,Ocean,Mexico,Greenfield Sanctuary,EN,Male,49.8,152.85,122.6,80,7.42,Healthy,Yes,277.08,2023-07-16
ZA-04184,Grey Wolf,Canis lupus,Mammal,Carnivore,Forest,Canada,Coastal Aquarium & Zoo,Least Concern,Male,5.3 yrs,39.75,149.4,8,1.73,Healthy,N,95.7,08/11/2022
ZA-03819,Lion,panthera leo,Mammal,Carnivore,Savanna,TANZANIA,Coastal Aquarium & Zoo,VU,Female,9.2,177.01,na,14,7.2,Healthy,Yes,$143.76,31/07/2025
ZA-02321,Asian Elephant,Elephas maximus,Mammal,Herbivore,Forest,IND,COASTAL AQUARIUM & ZOO,EN,Male,17.1,4013.17,566.6,60,331.98,HEALTHY,True,$521.87,2025-07-10
ZA-04736,chimpanzee,Pan troglodytes,Mammal,Omnivore,Forest,Uganda,  Riverside Zoo ,Endangered,F,14.7,104.7 lbs,86.0,40,2.34,Healthy,Y,96.0,2025-04-24
ZA-00137,Clownfish,Amphiprion ocellaris,Fish,Omnivore,Ocean,Indonesia,Metro City Zoo,Least Concern,Female,2.7,0.01,9.6,8,0.0,Under Observation,na,44.75,03-24-2023
ZA-02866,Whale Shark,Rhincodon typus,Fish,Omnivore,Ocean,pakistan,Highland Wildlife Reserve,Endangered,F,28.2,7763.11,921.2,70,354.75,Healthy,No,873.34,2024-08-16
ZA-04376,Bottlenose Dolphin,Tursiops truncatus,Mammal,Piscivore,Ocean,Australia,Highland Wildlife Reserve,LC,male,11.2,186.71,318.9,40,10.61,Healthy,N,$252.87,2022-11-10
ZA-00081,Emperor Penguin,Aptenodytes forsteri,Bird,Piscivore,Arctic,Antarctica,Riverside Zoo,NT,unknown,4.7,25.93,103.2,20,1.7,Healthy,Yes,58.68,2022-06-16
ZA-03522,Red-eyed Tree Frog,agalychnis callidryas,Amphibian,Insectivore,Forest,Mexico,Metro City Zoo,LC,Female,3.1,0.01,6.9,5,0.0,Healthy,True,37.68,2025-03-18
ZA-01707,Bottlenose Dolphin,Tursiops truncatus,Mammal,Piscivore,Ocean,MEXICO,METRO CITY ZOO,LC,Female,11.8,212.52,301.3,40,11.48,Healthy,No,186.96,2024-09-16
ZA-00802,Bottlenose Dolphin,Tursiops truncatus,Mammal,Piscivore,Ocean,Mexico,Riverside Zoo,Least Concern,Female,11.0,182.18,272.0,40,,Healthy,Yes,159.35,04/06/2022
ZA-03466,Koala,Phascolarctos cinereus,mammal,Herbivore,Forest,Australia,Riverside Zoo,VU,Female,4.3,6.64,78.0,13,0.33,Healthy,Yes,58.44,2025-06-02
ZA-02991,Lion,Panthera leo,Mammal,Carnivore,Savanna,Tanzania,Metro City Zoo,Vulnerable,Male,2.2,125.07 kg,222.7,14,6.24,Healthy,Yes,167.25,2024-08-31
ZA-00853,Tiger,Panthera tigris,Mammal,Carnivore,NULL,Russia,Metro City Zoo,Endangered,Male,5.8,239.46,274.0,16,10.24,Healthy,Y,149.65,05 Jun 2023
ZA-00533,Saltwater Crocodile,Crocodylus porosus,Reptile,Carnivore,Wetland,Indonesia ,Safari Park North,LC,F,54.7,453.77,452.9,70,18.73,Healthy,Yes,220.24,07-15-2022
ZA-02886,Flamingo,Phoenicopterus roseus,Bird,Omnivore,Wetland,Kenya,Riverside Zoo,least concern,Female,19.8,unknown,112.7,30,-,Healthy,No,55.71 USD,09-10-2025
ZA-03231,Golden Eagle,Aquila chrysaetos,Bird,Carnivore,Mountain,Mongolia,Coastal Aquarium & Zoo,Least Concern,Male,13.7,4.54 kg,83.3,25,0.2,Under Observation,Yes,89.54,05/09/2024
ZA-00192,Whale Shark,Rhincodon typus,Fish,Omnivore,Ocean,Pakistan,Riverside Zoo,Endangered,Male,24.0,11198.88,996.1,70,,Healthy,No,$827.96,2022-01-11
ZA-02605,Green Iguana,Iguana iguana,Reptile,Herbivore,Forest,Costa Rica,Metro City Zoo,Least Concern,MALE,8.0,6.47,148.1,15,0.35,Sick,1,97.27,01-02-2023
ZA-00992,Bottlenose Dolphin,Tursiops truncatus,Mammal,Piscivore,Ocean,Australia,Metro City Zoo,LC,Male,16.8,210.54,,40,11.04,Healthy,No,139.74,2022-12-05
ZA-01941,Black Rhinoceros,Diceros bicornis,Mammal,Herbivore,Savanna,Namibia,Metro City Zoo,CRITICALLY ENDANGERED,Female,10.0,1023.56,319.1,40,60.82,Under Observation,Yes,535.48,15/08/2024
ZA-01766,Lion,Panthera leo,Mammal,Carnivore,Savanna,Tanzania,Greenfield Sanctuary,VU,M,5.4,193.12,254.2,14,6.93,HEALTHY,1,143.39,22/02/2023
ZA-00604,Golden Eagle,Aquila chrysaetos,  Bird ,Carnivore,Mountain,USA,Safari Park North,LC,Female,17.3,4.84,84.6,25,0.2,sick,0,108.49,2025-01-26
ZA-00540,Koala,Phascolarctos cinereus,Mammal,Herbivore,Forest,Australia,Safari Park North,vulnerable,Male,8.2,9.6,85.4,13,0.53,Healthy,Yes,48.35,19/12/2022
ZA-04459,Saltwater Crocodile,Crocodylus porosus,Reptile,Carnivore,Wetland,India,Riverside Zoo,Least Concern,M,34.4,560.89,487.8,70,20.12,Healthy,No,275.5,01-23-2025
ZA-03465,Bald Eagle,Haliaeetus leucocephalus,Bird,Carnivore,Forest,USA,Highland Wildlife Reserve,LC,F,18.4,5.06,85.1 cm,25,0.28,Healthy,True,46.75,16/02/2024
ZA-03781,Emperor Penguin,Aptenodytes forsteri,Bird,Piscivore,Arctic,Antarctica,Greenfield Sanctuary,Near Threatened,Male,6.2,na,128.1,20,1.27,Sick,Yes,$138.53,26 Jan 2025
za-02576,Grey Wolf,Canis lupus,Mammal,Carnivore,Forest,U.S.A.,Metro City Zoo,LC,Male,3.0,33.5,129.2,8,N/A,Healthy,No,102.72 USD,10-01-2024
ZA-01733,GREEN IGUANA,Iguana iguana,Reptile,Herbivore,Forest,Mexico,Safari Park North,Least Concern,Male,5.0,5.85,163.3,15,0.37,Healthy,No,$62.57,2025-07-16
ZA-01628,Asian Elephant,Elephas maximus,Mammal,Herbivore,Forest,IND,Metro City Zoo,endangered,Male,32.4,3751.27,555.9,60,185.45,Healthy,1,573.54,2025-03-22
ZA-00035,Giraffe,Giraffa camelopardalis,Mammal,Herbivore,Savanna,Tanzania,Riverside Zoo,Vulnerable,Female,12.3,1099.07 kg,454.4,25,56.7,Healthy,Yes,263.92,06/05/2025
ZA-02432,Komodo Dragon,Varanus komodoensis,Reptile,Carnivore,Forest,Indonesia,Safari Park North,EN,Female,10.0,59.29,266.3,30,2.02,Healthy,Yes,161.02 USD,2023-12-04
ZA-02265,Plains Zebra,Equus quagga,MAMMAL,Herbivore,Savanna,Kenya,Greenfield Sanctuary,near threatened,Female,16.2,303.85,245.1,25,17.5,Healthy,None,238.55,2024-09-07
ZA-02342,Snow Leopard,Panthera uncia,Mammal,Carnivore,Mountain,Pakistan,Safari Park North,Vulnerable,Female,10.8,39.09,120.6,15,1.54,Healthy,Y,,05-26-2022
ZA-00744,Clownfish,Amphiprion ocellaris,Fish,Omnivore,Ocean,Philippines,Safari Park North,Least Concern,Male,6.0,0.02 kg,9.4,8,0.0,Healthy,Yes,$33.78,"August 29, 2023"
ZA-02969,Saltwater Crocodile,Crocodylus porosus,Reptile,Carnivore,Wetland,Australia,Safari Park North,least concern,MALE,60.8,488.08,na,0,15.82,Healthy,True,252.2,01-19-2025
ZA-02798,Black Rhinoceros,Diceros bicornis,Mammal,Herbivore ,Savanna,S. Africa,Coastal Aquarium & Zoo,CR,Female,19.3,991.41,330.6,40,54.48,Healthy,Yes,324.99,2023-02-20
ZA-03126,Tiger,Panthera tigris,Mammal,Carnivore,Forest,Indonesia,Riverside Zoo,EN,Male,11.5,274.37,270.2,16,9.16,Injured,Yes,405.27,24/03/2023
ZA-00904,Red Kangaroo,osphranter rufus,Mammal,Herbivore,Desert,Australia,Riverside Zoo,LEAST CONCERN,Male,10.0,59.57,160.5,15,3.58,Under Observation,Yes,136.9,2025-02-15
ZA-00263,Bottlenose Dolphin,Tursiops truncatus,Mammal,Piscivore,Ocean,Mexico,Safari Park North,Least Concern,Female,22.6,209.07,306.3,40,8.79,Under Observation,Yes,$280.06,2024-03-29
ZA-02306,King Cobra,Ophiophagus hannah,Reptile,Carnivore,Forest,India,Riverside Zoo,VU,Male,13.8,5.11,unknown,20,0.16,Healthy,Yes,52.65,12/05/2022
ZA-04451,GALAPAGOS TORTOISE,Chelonoidis niger,Reptile,Herbivore,Island,Ecuador,Highland Wildlife Reserve,VU,Female,33.6,603.4 lbs,103.7,100,16.69,Healthy,No,$188.17,2024-02-09
ZA-01077,Nile Crocodile,Crocodylus niloticus,Reptile,Carnivore,Wetland,Kenya,Metro City Zoo,LC,Female,30.0,411.05,446.0,70,19.99,Healthy,Yes,140.55,2025-07-18
ZA-01131,Komodo Dragon,Varanus komodoensis,Reptile,Carnivore ,Forest,Indonesia,Metro City Zoo,N/A,Male,14.7,93640 g,-,30,4.03,Healthy,1,N/A,29/01/2023
ZA-03278,Tigar,Panthera tigris,Mammal,Carnivore,Forest,Russian Federation,Highland Wildlife Reserve,EN,Male,6.9,303.92,296.8,16,10.98,Healthy,1,184.07 USD,18/12/2024
ZA-01374,Snow Leopard,Panthera uncia,Mammal,Carnivore,None,Pakistan,Coastal Aquarium & Zoo,VU,Male,1.9,27.93 kg,105.7,15,1.1,Injured,Yes,164.45,12/07/2024
ZA-04699,Emperor Penguin,Aptenodytes forsteri,Bird,Piscivore,Arctic,Antarctica,Coastal Aquarium & Zoo,Near Threatened,Female,14.3,25.72,111.5,20,1.38,Injured,Yes,154.25,2024-05-17
ZA-04596,Hippopotamus,Hippopotamus amphibius,Mammal,Herbivore,Wetland,Zambia,Metro City Zoo,Vulnerable,M,20.0,1350.19 kg,338.9,40,54.8,Healthy,N/A,,16 Oct 2024
ZA-02001,Nile Crocodile,Crocodylus niloticus,Reptile,Carnivore,Wetland,,Metro City Zoo,Least Concern,Female,56.3,421.85,466.7,70,18.11,Healthy,No,228.61,2023-12-21
ZA-03964,Sea Otter,Enhydra lutris,Mammal,Carnivore,Ocean,Russia,Highland Wildlife Reserve,EN,Male,9.1,None,115.9,15,1.15,Under Observation,Yes,154.59,2022-05-01
ZA-02723,Plains Zebra,Equus quagga,Mammal,  Herbivore ,Savanna,Botswana,  Safari Park North ,Near Threatened,male,20.4,NULL,230.9,25,None,Sick,Y,725.41,09-04-2023
ZA-03802,Ostrich,Struthio camelus,Bird,Omnivore,Savanna,South Africa,Safari Park North,Least Concern,Male,13.9,147.39,227.1,40,7.68,Healthy,Yes,$128.29,2022-01-15
ZA-03304,Koala,Phascolarctos cinereus,Mammal,Herbivore,Forest,Australia,  Coastal Aquarium & Zoo ,Vulnerable,F,4.9,7.76,81.4,13,0.38,Healthy,Yes,50.72,2022-04-21
ZA-01685,Lionn,Panthera leo,Mammal,Carnivore,Savanna,South Africa,Safari Park North,Vulnerable,Female,4.2,181.75,245.6,14,6.61,Healthy,Yes,183.05,2022-02-17
ZA-00122,Brown Bear,Ursus arctos,Mammal,Omnivore,Forest,Canada,Riverside Zoo,Least Concern,Male,21.6,308.52,200.5,25,12.56,Healthy,Yes,$189.48,06-01-2022
ZA-00790,Golden Eagle,Aquila chrysaetos,Bird,Carnivore,Mountain,USA,Riverside Zoo,LC,male,19.3,11.0 lbs,88.2,25,,Healthy,Yes,41.52,"November 20, 2023"
ZA-00182,Ostrich,Struthio camelus,Bird,Omnivore ,Savanna,Namibia,Coastal Aquarium & Zoo,LC,male,6.2,73.04,190.6,40,2.57,Healthy,Yes,83.84,12/12/2022
ZA-03713,Saltwater Crocodile,Crocodylus porosus,Reptile,Carnivore,Wetland,India,Safari Park North,LEAST CONCERN,Female,50.2,442.59,458.8,70,16.0,Sick,1,$392.45,2023-05-31
ZA-03020,Golden Eagle,Aquila chrysaetos,Bird,Carnivore,Mountain,Mongolia,Greenfield Sanctuary,Least Concern,Female,7.4,4.3,78.4,25,0.2,Healthy,Yes,64.22,-
ZA-02776,Giraffe,Giraffa camelopardalis,Mammal,Herbivore,Savanna,  Namibia ,Coastal Aquarium & Zoo,Vulnerable,MALE,10.1,1191.3,444.6,25,,Injured,Yes,681.22,NULL
ZA-04543,Clownfish,Amphiprion ocellaris,Fish,Omnivore,Ocean,Australia,Greenfield Sanctuary,LC,Male,4.3,0.02,8.7,8,0.0,Healthy,No,45.2,2023-01-31
ZA-02541,GALAPAGOS TORTOISE,Chelonoidis niger,Reptile,Herbivore,Island,Ecuador,Riverside Zoo,Vulnerable,male,34.4,,123.6,100,17.49,Healthy,1,265.85,11-02-2022
ZA-01032,Orangutan,Pongo pygmaeus,MAMMAL,Omnivore,Forest,Malaysia,Highland Wildlife Reserve,Critically Endangered,Male,unknown,82.54,107.3,35,2.91,Healthy,Yes,172.89,2022-05-13
ZA-00112,Snow Leopard,Panthera uncia,Mammal,Carnivore,Mountain,Mongolia,  Metro City Zoo ,Vulnerable,Female,10.2,32.79,132.0,15,1.49,Healthy,Yes,84.5,03/06/2023
ZA-00998,Orangutan,Pongo pygmaeus,Mammal,Omnivore,Forest,Indonesia,Greenfield Sanctuary,CR,Male,5.4,44.93,84.9,35,2.39,Healthy,Yes,96.04,2023-08-25
ZA-02640,Nile Crocodile,Crocodylus niloticus,Reptile,Carnivore,Wetland,Zambia,Greenfield Sanctuary,LEAST CONCERN,male,unknown,-,454.2,70,18.08,Under Observation,No,375.23,30/08/2025
ZA-02444,Green Sea Turtle,Chelonia mydas,Reptile,Herbivore,Ocean,Australia,Riverside Zoo,Endangered,male,NULL,115.23,113.4,80,6.64,Healthy,False,90.57 USD,2025-01-24
ZA-01731,Saltwater Crocodile,Crocodylus porosus,Reptile,Carnivore,Wetland,India,Safari Park North,Least Concern,Female,48.5,417.18,442.2,70,17.69,Healthy,Yes,181.73,09/01/2022
ZA-00730,Polar Bear,Ursus maritimus,Mammal,Carnivore,Arctic,Russian Federation,Metro City Zoo,unknown,Female,19.6,373.3,259.0,25,15.71,Healthy,Yes,$195.14,2024-07-24
ZA-02102,Saltwater Crocodile,Crocodylus porosus,Reptile,Carnivore,Wetland,Australia,Riverside Zoo,LC,-,20.2,343.87,489.9,70,13.88,Healthy,Yes,206.87,2024-09-12
ZA-04786,Cheetah,Acinonyx jubatus,Mammal,Carnivore,Savanna,Botswana,Highland Wildlife Reserve,Vulnerable,Male,8.7,40.13,138.4,12,,Healthy,No,N/A,2024-12-05
ZA-03972,Axolotl,Ambystoma mexicanum,Amphibian,Carnivore,Wetland,Mexico,Highland Wildlife Reserve,na,F,3.3,0.19,23.8,12,0.01,Under Observation,Yes,$85.42,2023-06-10
ZA-03286,Gorrila,Gorilla gorilla,mammal,Herbivore,Forest,Congo,highland wildlife reserve,Critically Endangered,-,21.7,163.6,171.7,35,10.47,Healthy,Yes,142.41,
ZA-02806,Brown Bear,Ursus arctos,Mammal,Omnivore,Forest,Canada,Metro City Zoo,LC,Female,14.6,277.75,204.1,25,10.34,Under Observation,-,$338.29,"September 06, 2023"
ZA-02334,Hippopotamus,Hippopotamus amphibius,Mammal,Herbivore,Wetland,Zambia,Greenfield Sanctuary,VU,Male,14.2,1628.14,379.9,40,87.11,Injured,Yes,1052.61,2023-06-16
ZA-04083,  Black Rhinoceros ,Diceros bicornis,Mammal,Herbivore,Savanna,Namibia,Highland Wildlife Reserve,CR,M,16.5,1139.08,363.1,40,71.54,Healthy ,Yes,335.24,2022-09-22
ZA-00199,Tiger,Panthera tigris,Mammal,Carnivore,Forest,India,Safari Park North,-,Female,11.8,210.96 kg,275.2,16,7.64,Healthy,False,227.35,06-28-2025
ZA-03937,Snow Leopard,Panthera uncia,Mammal,Carnivore,Mountain,Pakistan,Highland Wildlife Reserve,VU,Female,13.4,,118.4,15,1.16,Healthy,Yes,141.96,
ZA-04251,Lion,Panthera leo,Mammal,Carnivore,Savanna,South Africa,Greenfield Sanctuary,Vulnerable,M,9.5,229.72,284.8,14,11.88,Healthy,1,202.18,na
ZA-00548,Grey Wolf,Canis lupus,Mammal,Carnivore,Forest,CANADA,Greenfield Sanctuary,LC,M,,27.87 kg,114.0,8,1.19,Healthy,Yes,124.24,"November 17, 2024"
ZA-00102,Great White Shark,Carcharodon carcharias,Fish,Carnivore,Ocean,USA,Highland Wildlife Reserve,Vulnerable,female,37.6,,na,70,30.88,Healthy,No,196.77,2023-08-07
ZA-01451,Green Sea Turtle,Chelonia mydas,Reptile,Herbivore,  Ocean ,Pakistan,Riverside Zoo,Endangered,Female,25.0,121.85,108.2,80,10.06,Healthy,1,96.89,2024-05-16
ZA-03757,Saltwater Crocodile,Crocodylus porosus,Reptile,carnivore,Wetland,india,Highland Wildlife Reserve,LC,Female,45.2,339.92,495.2,70,11.4,Healthy,0,210.36,2023-08-12
ZA-01876,Ostrich,Struthio camelus,Bird,Omnivore,Savanna,Namibia,Metro City Zoo,least concern,Male,26.5,109.9,196.4,40,5.13,Healthy,None,148.36,24 Feb 2022
ZA-00565,Nile Crocodile,Crocodylus niloticus,Reptile ,Carnivore,Wetland,Tanzania,Highland Wildlife Reserve,least concern,Male,42.1,418.03,449.9,70,19.1,SICK,None,436.2,19 Dec 2022
ZA-01430,Great White Shark,Carcharodon carcharias,Fish,Carnivore,Ocean,South Africa,Greenfield Sanctuary,VU,Female,32.5,875.56,483.5,70,41.35,Healthy,Yes,$276.01,01/04/2024
ZA-02773,Asian Elephant,Elephas maximus,Mammal,Herbivore,Forest,India,Coastal Aquarium & Zoo,Endangered,Male,29.3,3224.82,583.4,60,,Healthy,Yes,623.71,2025-03-01
ZA-00695,Scarlet Macaw,ara macao,Bird,Herbivore,Forest,Peru,Highland Wildlife Reserve,Least Concern,Male,34.1,-,87.2,50,0.08,Sick,True,68.02,2022-04-06
ZA-01676,Plains Zebra,Equus quagga,Mammal,Herbivore,Savanna,Botswana,Riverside Zoo,Near Threatened,Female,22.9,344.41,235.8,25,22.13,Healthy,Y,$180.37,2023-02-20
ZA-01772,Komodo Dragon,Varanus komodoensis,Reptile,Carnivore,Forest,Indonesia,Greenfield Sanctuary,EN,Female,6.0,50.83,210.8,30,1.94,Injured,1,235.67,2022-11-19
ZA-04423,Whale Shark,Rhincodon typus,Fish,OMNIVORE,Ocean,Pakistan,Greenfield Sanctuary,Endangered,M,,7558.27,1021.2,70,391.52,Injured,Y,1607.61,2024-01-04
ZA-02840,Cheetah,Acinonyx jubatus,Mammal,Carnivore,Savanna,Kenya,  Metro City Zoo ,VU,male,6.4,58.12,135.6,12,2.13,healthy,1,96.6,2022-11-19
ZA-00228,Leopard,Panthera pardus,Mammal,Carnivore,Forest,Kenya,Coastal Aquarium & Zoo,VU,Male,7.0,65.11,179.6,14,2.11,Healthy,No,119.81,10-08-2024
ZA-01114,Bottlenose Dolphin,Tursiops truncatus,Mammal,Piscivore,Ocean,USA,Greenfield Sanctuary,LC,Male,17.9,274.29 kg,325.4,40,15.4,Healthy,1,$223.48,2024-07-28
ZA-00749,Golden Eagle,aquila chrysaetos,Bird,Carnivore,Mountain,Pakistan,Highland Wildlife Reserve,least concern,Male,1.3,1.8,56.8,25,0.07,Sick,Yes,166.64,2025-03-29
ZA-00729,Golden Eagle,Aquila chrysaetos,Bird,Carnivore,Mountain,,Greenfield Sanctuary,Least Concern,Male,13.2,5.7,88.1 cm,25,0.21,Healthy,Yes,92.58,2022-11-17
ZA-02396,Bald Eagle,Haliaeetus leucocephalus,Bird ,Carnivore,  Forest ,Canada,Highland Wildlife Reserve,least concern,Female,5.2,4.68,79.9,25,0.25,Under Observation,Y,121.21,14/11/2022
ZA-02424,Brown Bear,Ursus arctos,Mammal,Omnivore,Forest,Russia,Metro City Zoo,Least Concern,Male,10.9,371.03,240.2,25,17.77,Healthy,1,192.54,2024-01-02
ZA-01796,African Elephant,Loxodonta africana,Mammal,herbivore,Savanna,South Africa,Metro City Zoo,Vulnerable,Female,20.1,4028.38,656.2,60,214.88,Healthy,Yes,442.46,02/07/2024
ZA-04255,Gorilla,Gorilla gorilla,Mammal,Herbivore,Forest,Gabon,Greenfield Sanctuary,critically endangered,NULL,25.8,161.09,172.7,35,9.09,Injured,Yes,319.89,06/04/2022
ZA-00705,Koala,Phascolarctos cinereus,Mammal,Herbivore,Forest,Australia,Coastal Aquarium & Zoo,Vulnerable,M,11.9,8.65,74.3 cm,13,0.57,Sick,Y,$156.32,05/03/2024
ZA-00669,Red Kangaroo,Osphranter rufus,Mammal,Herbivore,Desert,Australia,Coastal Aquarium & Zoo,LEAST CONCERN,Female,6.5,70.6,131.1,15,5.2,Healthy,No,108.87,2022-04-17
ZA-01333,Nile Crocodile,Crocodylus niloticus,Reptile,Carnivore,Wetland,Zambia,Greenfield Sanctuary,None,Male,61.5,349.57,491.7,70,12.97,Healthy,False,130.91,2025-09-08
ZA-02167,Orangutan,Pongo pygmaeus,Mammal ,Omnivore,Forest,Malaysia,Riverside Zoo,CR,Female,17.9,74.94,116.4,35,3.69,healthy,0,105.27,31/05/2023
ZA-00380,Ostrich,Struthio camelus,Bird,Omnivore,Savanna,South Africa,Highland Wildlife Reserve,LC,F,17.9,105.69,N/A,40,5.82,Under Observation,Yes,242.0,2025-02-11
ZA-01454,Chimpanzee,Pan troglodytes,Mammal,Omnivore,Forest,Congo,Metro City Zoo,endangered,Female,26.7,36.78,93.8,40,1.65,Healthy,Yes,85.31,2022-07-09
ZA-01354,Galapagos Tortoise,Chelonoidis niger,REPTILE,Herbivore,Island,Ecuador ,Riverside Zoo,vulnerable,Female,68.6,N/A,118.0,100,19.63,Sick,Yes,222.96,2023-09-02
ZA-02767,Komodo Dragon,Varanus komodoensis,Reptile,Carnivore,Forest,Indonesia,Metro City Zoo,EN,Male,7.1,81.17,248.0,30,2.76,Injured,True,$233.27,2025-08-06
ZA-03373,lion,Panthera leo,Mammal,Carnivore,Savanna,Kenya,Greenfield Sanctuary,VU,Male,2.8,166.35,232.1,14,6.07,Under Observation,Yes,363.13,2024-08-23
ZA-01117,African Elephant,Loxodonta africana,Mammal,Herbivore,Savanna,Botswana,,VU,Female,46.5,3892.53,545.7,60,227.52,Under Observation,False,"$1,163.30","August 05, 2024"
ZA-01400,Polar Bear,Ursus maritimus,MAMMAL,carnivore,Arctic,Canada,Highland Wildlife Reserve,VU,Female,16.6 yrs,363.5,250.9,25,14.93,Healthy,Yes,190.56,2024-06-20
ZA-01926,Komodo Dragon,Varanus komodoensis,Reptile,Carnivore,Forest,Indonesia,Coastal Aquarium & Zoo,Endangered,Male,8.5,68.25,264.1,30,2.96,HEALTHY,-,175.96,23 Jul 2023
ZA-03745,Axolotl,Ambystoma mexicanum,Amphibian,Carnivore,Wetland,Mexico,Metro City Zoo,Critically Endangered,Male,2.0,0.14,22.2,12,0.01,Injured,No,81.86,08/09/2024
ZA-01439,Red Kangaroo,Osphranter rufus,mammal,Herbivore,Desert,Australia,Metro City Zoo,LC,FEMALE,2.4,39.26,119.3,15,unknown,Healthy,Y,74.76,07-02-2025
ZA-03506,Koala,Phascolarctos cinereus,Mammal,herbivore,Forest,Australia,Safari Park North,Vulnerable,FEMALE,2.8,7.61,75.0,13,0.54,Healthy,Yes,89.19 USD,2022-04-16
ZA-00241,Cheetah,Acinonyx jubatus,Mammal,Carnivore,Savanna,Kenya,Greenfield Sanctuary,VU,Male,6.4,98.1 lbs,130.1,12,1.89,Healthy,Yes,83.9,2022-01-02
ZA-00950,emperor penguin,Aptenodytes forsteri,Bird,Piscivore,Arctic,ANTARCTICA,Metro City Zoo,near threatened,Female,6.3,35.28,106.8,20,2.11,Healthy,Yes,135.53 USD,2024-08-13
ZA-02766,Plains Zebra,Equus quagga,Mammal,Herbivore,Savanna,Tanzania,Coastal Aquarium & Zoo,NT,Female,12.1,331.45,233.8,25,21.16,Healthy,Yes,290.93,20/11/2023
ZA-03766,Ostrich,Struthio camelus,Bird,Omnivore,  Savanna ,Namibia,Highland Wildlife Reserve,LC,Female,12.9,105.97,203.6,40,4.22,Healthy,Yes,$116.89,2025-07-14
ZA-00456,Chimpanzee,Pan troglodytes,Mammal,Omnivore,Forest,Uganda,Safari Park North,EN,Female,7.7,34.4,74.3,40,1.57,Healthy,NULL,$105.07,2025-02-09
ZA-03821,  African Elephant ,Loxodonta africana,Mammal,Herbivore,Savanna,Botswana,Coastal Aquarium & Zoo,VU,Female,,2875.09,528.1,60,185.38,Healthy,N/A,606.59,17/10/2024
ZA-04923,Polar Bear,Ursus maritimus,Mammal,Carnivore,  Arctic ,Russia,Greenfield Sanctuary,Vulnerable,Female,4.6,309.54,212.8,25,9.24,Healthy,NULL,133.38,2025-05-29
ZA-03156,Sea Otter,Enhydra lutris,Mammal,Carnivore,Ocean,USA,Coastal Aquarium & Zoo,EN,Male,3.6,25.77,0,15,0.97,Healthy,Yes,80.16,08-17-2024
ZA-02769,Cheetah,Acinonyx jubatus,Mammal,Carnivore,Savanna,Namibia,Metro City Zoo,Vulnerable,F,10.8,55.92,129.8,12,2.3,Healthy,Yes,$76.65,2025-02-20
ZA-03447,Komodo Dragon,Varanus komodoensis,Reptile,Carnivore,Forest,Indonesia ,Coastal Aquarium & Zoo,EN,Female,9.2,57.32,N/A,30,2.43,Healthy,True,109.56,05-31-2024
ZA-03994,Leopard,Panthera pardus,Mammal,Carnivore,Forest,Kenya,Riverside Zoo,Vulnerable,Female,5.8,58.34,172.5,14,2.49,Injured,Yes,210.06,06-15-2025
ZA-00728,Tiger,Panthera tigris,Mammal,Carnivore,Forest,India,Riverside Zoo,EN,NULL,9.3,217750 g,289.9,16,10.08,Injured,Yes,280.33,2023-12-16
ZA-03708,Giraffe,Giraffa camelopardalis,Mammal,Herbivore,Savanna,Namibia,Greenfield Sanctuary,VU,male,2.0,607.85,354.6,25,24.9,Injured,1,None,23 May 2023
ZA-04788,Nile Crocodile,crocodylus niloticus,Reptile,Carnivore,Wetland,Kenya,Riverside Zoo,LC,Male,34.7,454.61,484.6,70,16.48,Healthy,Yes,240.76,2023-06-15
ZA-03555,Clownfish,Amphiprion ocellaris,FISH,Omnivore,Ocean,Australia,Safari Park North,LC,Male,6.2,0.02,9.5,8,0.0,Healthy ,Yes,29.95,2022-07-19
ZA-02687,Snow Leopard,Panthera uncia,Mammal,Carnivore,Mountain,Pakistan,Metro City Zoo,VU,Female,8.6,36.95,128.9,15,1.32,Healthy,False,98.05,01/06/2025
ZA-00928,Sea Otter,enhydra lutris,Mammal,Carnivore,Ocean,Russia,Metro City Zoo,ENDANGERED,F,6.2,23.18,108.6,15,0.86,Healthy,Yes,108.93,"January 12, 2023"
ZA-00823,Bald Eagle,Haliaeetus leucocephalus,Bird,carnivore,Forest,usa,Metro City Zoo,Least Concern,Female,8.0,4.51,80.6,25,0.17,Healthy,Yes,$57.52,30 Aug 2024
ZA-04685,Plains Zebra,Equus quagga,Mammal,Herbivore,Savanna,Tanzania,Highland Wildlife Reserve,NT,Male,9.0,353.81,239.7,25,,Healthy,No,213.87,21/07/2023
ZA-04346,Giraffe,giraffa camelopardalis,Mammal,Herbivore,Savanna,Kenya,Greenfield Sanctuary,VU,Female,15.3,1173.57,459.5,25,74.79,Under Observation,Yes,$684.05,2022-07-27
ZA-02707,Cheetah,Acinonyx jubatus,Mammal,  Carnivore ,Savanna,Botswana,RIVERSIDE ZOO,VU,Male,9.6,66.93,124.5,12,3.16,Sick,Yes,322.11,22 Jun 2025
ZA-01006,Grey Wolf,Canis lupus,Mammal,Carnivore,  Forest ,USA,Safari Park North,LC,FEMALE,3.2,38.4,124.9,8,1.49,Healthy,Y,$76.13,04-22-2023
ZA-00197,Nile Crocodile,Crocodylus niloticus,Reptile,Carnivore,Wetland,Zambia,Highland Wildlife Reserve,least concern,MALE,6.3,273.84,356.5,70,9.52,Healthy,Yes,$238.20,02/07/2025
ZA-04513,Flamingoe,Phoenicopterus roseus,Bird,Omnivore,Wetland,Spain,Safari Park North,LC,Male,21.3,2.78,124.3,30,0.1,Healthy,Yes,52.02,2022-01-15
ZA-02882,Cheetah,Acinonyx jubatus,mammal,Carnivore,Savanna,Botswana,GREENFIELD SANCTUARY,vulnerable,Male,7.0,46.54,136.8,12,1.97,Healthy,Yes,101.12,06-23-2025
ZA-03015,Koala,Phascolarctos cinereus,Mammal,Herbivore,  Forest ,Australia,Riverside Zoo,VU,Male,None,8.98,74.5,13,0.49,Healthy,1,na,2023-11-21
ZA-03095,Saltwater Crocodile,Crocodylus porosus,Reptile,Carnivore,Wetland,Australia,Safari Park North,LC,Female,17.8,433.37,482.7,70,18.49,Healthy,Yes,206.64,2025-05-25
ZA-01985,Gorrila,Gorilla gorilla,Mammal,Herbivore,Forest,Uganda,NULL,CR,Male,9.9,224.52,181.0,35,12.52,Sick,No,315.48,02/03/2023
ZA-03272,Sea Otter,Enhydra lutris,Mammal,Carnivore,Ocean,U.S.A.,Metro City Zoo,endangered,M,13.7,26.68,125.8,15,1.44,Healthy,Yes,93.32,12/06/2023
za-03436,Green Sea Turtle,Chelonia mydas,Reptile,Herbivore,Ocean,Australia,HIGHLAND WILDLIFE RESERVE,ENDANGERED,male,16.3,111.94,105.6,80,6.47,Healthy,0,163.69,2022-10-08
ZA-03179,Plains Zebra,Equus quagga,Mammal,  Herbivore ,Savanna,Kenya,Coastal Aquarium & Zoo,Near Threatened,Female,9.1,327.89,220.4,25,21.09,Under Observation,True,274.98,15/06/2022
ZA-02928,  Bald Eagle ,Haliaeetus leucocephalus,Bird,Carnivore,Forest,US,Safari Park North,least concern,FEMALE,9.1,4.95,83.5,25,-,under observation,N/A,54.55,"May 05, 2023"
ZA-00025,Sea Otter,Enhydra lutris,Mammal,Carnivore,Ocean,Canada,Highland Wildlife Reserve,EN,F,1.9,14.08,92.3,15,0.62,Healthy,Yes,95.52,"December 16, 2024"
ZA-00717,Axolotl,Ambystoma mexicanum,Amphibian,Carnivore,Wetland,Mexico,Riverside Zoo,CR,M,7.5,0.22,24.9,12,0.01,Healthy,Yes,45.24,27/09/2024
ZA-01858,Lion,Panthera leo,Mammal,Carnivore,Savanna,Tanzania,Metro City Zoo,Vulnerable,F,1.2,91.75,182.8,14,N/A,Healthy,Yes,93.73,2023-01-21
ZA-02227,Bottlenose Dolphin,Tursiops truncatus,Mammal,Piscivore,Ocean,Mexico,Greenfield Sanctuary,Least Concern,Female,23.8,197.33,332.6,40,13.31,Healthy,Y,155.41,2024-04-19
ZA-01365,Giraffe,Giraffa camelopardalis,Mammal,Herbivore,Savanna,Kenya,NULL,VU,Female,5.0,1021.21,384.1,25,59.03,Healthy,No,273.31,18/01/2023
ZA-03480,Bottlenose Dolphin,Tursiops truncatus,Mammal,Piscivore,Ocean,Australia,Coastal Aquarium & Zoo,Least Concern,Male,1.5,64.99,203.2,40,3.65,Sick,Y,242.31,2023-10-15
ZA-03743,Brown Bear,Ursus arctos,Mammal,  Omnivore ,Forest,Canada,Coastal Aquarium & Zoo,LEAST CONCERN,Female,11.3,N/A,203.6,25,11.46,Healthy,Yes,165.28,18/08/2023
ZA-03914,Lion,Panthera leo,Mammal,Carnivore,Savanna,Kenya,Safari Park North,VU,Male,5.5,221.82,277.6,14,9.45,Healthy,No,128.14,2024-08-04
ZA-04984,Emperor Penguin,Aptenodytes forsteri,Bird,Piscivore,Arctic,Antarctica,Highland Wildlife Reserve,Near Threatened,Male,11.4,34.95,None,20,2.05,Healthy,Yes,$92.21,2022-02-09
ZA-00637,Koala,Phascolarctos cinereus,Mammal,Herbivore,Forest,Australia,Coastal Aquarium & Zoo,VU,M,,6.24 kg,,13,,Healthy,None,55.86,2024-02-07
ZA-00431,Red Kangaroo,Osphranter rufus,Mammal,Herbivore,Desert,Australia,Highland Wildlife Reserve,Least Concern,Female,5.8,74.42,146.5,15,5.29,Injured,No,223.29,2022-09-15
ZA-00721,Snow Leopard,Panthera uncia,Mammal,Carnivore,Mountain,China,Safari Park North,VU,Male,4.9,44.49,122.5,15,unknown,Healthy,N/A,104.6,2025-05-27
ZA-00796,Saltwater Crocodile,Crocodylus porosus,Reptile,Carnivore,Wetland,Indonesia,Riverside Zoo,LC,F,47.2,422.26,449.3,70,20.32,Injured,Y,659.95,2025-06-04
ZA-02361,Nile Crocodile,Crocodylus niloticus,Reptile,Carnivore,Wetland,Zambia,Metro City Zoo,LEAST CONCERN,Female,26.3 yrs,828.4 lbs,449.4,70,14.74,Healthy,Yes,173.87,19 Mar 2024
ZA-04565,Plains Zebra,Equus quagga,Mammal,Herbivore,Savanna,Tanzania,Greenfield Sanctuary,Near Threatened,Female,five,255.87,228.8,25,17.2,Under Observation,-,268.45 USD,2023-12-13
ZA-01681,Brown Bear,Ursus arctos,Mammal,Omnivore,Forest,Canada,Safari Park North,LC,Male,6.6,359.03,224.2,25,19.44,Healthy,Yes,173.24,30/01/2024
ZA-00268,GIANT PANDA,Ailuropoda melanoleuca,Mammal,Herbivore,Forest,China,Coastal Aquarium & Zoo,Vulnerable,Male,na,101.48,151.0,20,4.97,Healthy,NULL,89.3,2024-12-29
ZA-03042,Ostrich,Struthio camelus,Bird,Omnivore,Savanna,Kenya,  Metro City Zoo ,least concern,male,13.3,102660 g,220.1,40,,Healthy,Yes,92.93,2025-07-16
ZA-03277,Tiger,Panthera tigris,Mammal,Carnivore,Forest,IND,Highland Wildlife Reserve,None,M,9.6,258.42,255.9,16,10.29,Healthy,True,178.62,19/06/2024
ZA-01691,Asian Elephant,Elephas maximus,Mammal,Herbivore,Forest,Thailand,Greenfield Sanctuary,Endangered,Male,40.7,3632.12,552.7,60,258.62,Healthy,Y,635.18,2022-01-08
ZA-02289,Koala,Phascolarctos cinereus,Mammal,Herbivore,Forest,Australia,Highland Wildlife Reserve,VU,Male,7.4,12.1,68.4,13,0.84,Injured,Yes,164.3,2025-04-06
ZA-01211,Tigar,Panthera tigris,Mammal,Carnivore,Forest,Indonesia,na,Endangered,F,1.7,N/A,207.2,16,4.03,Healthy,Yes,215.39,2022-03-04
ZA-00100,KOALA,Phascolarctos cinereus,Mammal,Herbivore,Forest,Australia,Coastal Aquarium & Zoo,VU,Male,2.7,8.95,78.4,13,0.61,Under Observation,Yes,119.65,2022-04-17
ZA-02828,Axolotl,Ambystoma mexicanum,Amphibian,Carnivore,Wetland,Mexico,Coastal Aquarium & Zoo,Critically Endangered,Female,2.1,110 g,20.0,12,0.0,Under Observation,No,87.99,17/11/2022
ZA-04250,Tiger,Panthera tigris,Mammal,Carnivore,Forest,Indonesia,Riverside Zoo,Endangered,Male,9.1,289.73,315.6,16,15.27,Under Observation,Yes,na,2022-12-09
ZA-00280,Axolotl,Ambystoma mexicanum,Amphibian,Carnivore,Wetland,Mexico,  Metro City Zoo ,Critically Endangered,Female,6.6,0.17,22.7 cm,12,unknown,Sick,1,$73.24,2024-01-11
ZA-03660,Green Iguana,Iguana iguana,Reptile,Herbivore,Forest,Mexico,Metro City Zoo,LC,Female,4.2,4.64,142.4,15,0.26,Healthy,No,57.42,25 Oct 2023
ZA-00620,Giant Panda,Ailuropoda melanoleuca,Mammal,Herbivore,Forest,China,Highland Wildlife Reserve,Vulnerable,Female,10.3,108610 g,149.9,20,5.69,Healthy,No,137.29,2025-07-23
ZA-04550,Polar Bear,Ursus maritimus,Mammal,Carnivore,arctic,USA,Greenfield Sanctuary,VU,Male,5.3,430.11,243.3,25,18.47,Healthy,False,$280.95,06 Nov 2024
ZA-03422,African Elephant,Loxodonta africana,Mammal,Herbivore,SAVANNA,South Africa,metro city zoo,Vulnerable,Male,10.8,2945.8,529.4,60,,Healthy,No,457.41,2023-03-19
ZA-04391,Red-eyed Tree Frog,Agalychnis callidryas,Amphibian,INSECTIVORE,FOREST,Mexico,Coastal Aquarium & Zoo,Least Concern,Female,2.4,0.01,6.7,5,0.0,Healthy,No,$40.56,01-24-2022
ZA-00513,Red-eyed Tree Frog,Agalychnis callidryas,Amphibian ,insectivore,Forest,Costa Rica,Metro City Zoo,Least Concern,FEMALE,3.5,10 g,6.7,5,0.0,Healthy,Yes,47.91,2025-07-23
ZA-02311,King Cobra,Ophiophagus hannah,Reptile,Carnivore,Forest,Thailand,Greenfield Sanctuary,Vulnerable,Male,12.7,8.38,427.3,20,0.27,Sick,Yes,175.65,05/07/2022
ZA-01313,Girafe,Giraffa camelopardalis,Mammal,Herbivore,Savanna,Kenya,Safari Park North,VU,Female,NULL,2709.3 lbs,475.0,25,58.99,Healthy,Yes,$220.53,unknown
ZA-04753,Whale Shark,Rhincodon typus,Fish,Omnivore,Ocean,Australia,Riverside Zoo,EN,Male,48.9,9337.42,1005.1,70,444.88,Healthy,Y,1151.86,2023-07-23
ZA-04784,Chimpanzee,Pan troglodytes,Mammal,Omnivore,Forest,N/A,Riverside Zoo,EN,Female,27.2,40.34,88.3,40,1.98,Healthy,Yes,69.72,06-27-2023
ZA-02791,Red Kangaroo,Osphranter rufus,Mammal,Herbivore,Desert,Australia,Metro City Zoo,Least Concern,male,6.6,85.77,148.7,15,5.11,Healthy,Y,129.06,2023-05-13
ZA-02542,Lion,Panthera leo,Mammal,Carnivore,Savanna,South Africa,Metro City Zoo,VU,FEMALE,3.1,144.72,216.0,14,5.9,Healthy,Yes,137.81,05/06/2022
ZA-03629,Bald Eagle,Haliaeetus leucocephalus,Bird,Carnivore,Forest,Canada,Metro City Zoo,LC,Male,11.4,5.95,82.2 cm,25,0.26,Healthy,True,73.12,2024-06-12
ZA-04291,Great White Shark,Carcharodon carcharias,Fish,Carnivore,Ocean,usa,Safari Park North,VU,Female,9.6,490.29,364.7,70,20.39,Healthy,Yes,192.51,2023-11-17
ZA-01699,Nile Crocodile,Crocodylus niloticus,Reptile,Carnivore,Wetland,Zambia,Highland Wildlife Reserve,LEAST CONCERN,Male,20.0,407.82,474.7,70,16.96,Sick,Yes,557.82,21/08/2024
ZA-00988,Komodo Dragon,Varanus komodoensis,Reptile,Carnivore,Forest,Indonesia,Coastal Aquarium & Zoo,Endangered,Female,unknown,47.23,194.2,30,unknown,Healthy,No,120.82,04/10/2024
ZA-02262,Red Kangaroo,Osphranter rufus,Mammal,Herbivore,Desert,Australia,Safari Park North,LC,Male,8.4,61.62,142.1,15,,Healthy,Yes,91.06,12-19-2024
ZA-02656,Green Sea Turtle,Chelonia mydas,Reptile,Herbivore,Ocean,Mexico,Coastal Aquarium & Zoo,Endangered,female,60.7,155.73,109.5,80,9.53,Healthy,1,118.51,2023-08-07
ZA-02243,Scarlet Macaw,Ara macao,Bird,Herbivore,Forest,Brazil,Safari Park North,LC,na,21.3,0.8,81.2,50,0.05,Sick,Yes,101.51,04 Mar 2024
ZA-01952,Hippopotamus,Hippopotamus amphibius,Mammal,Herbivore ,Wetland,Tanzania,Greenfield Sanctuary,VU,Male,23.3,1691.66,365.3,40,-,Healthy,1,291.62,2025-01-31
ZA-00461,Green Iguana,Iguana iguana,Reptile,Herbivore,Forest,Mexico,METRO CITY ZOO,LC,F,8.4,4.68,144.9,15,0.3,Healthy,Yes,58.93,2025-06-07
ZA-02194,Komodo Dragon,Varanus komodoensis,Reptile,Carnivore,Forest,indonesia,Safari Park North,Endangered,Male,12.6,85.31,258.5,30,3.02,Healthy,No,110.79,na
ZA-03215,Nile Crocodile,Crocodylus niloticus,Reptile,Carnivore,WETLAND,Zambia,Coastal Aquarium & Zoo,LC,Female,28.5,348.32,452.2,70,13.1,Healthy,Yes,unknown,02/09/2024
ZA-02482,Hippopotamus ,Hippopotamus amphibius,Mammal,Herbivore,Wetland,Zambia,Metro City Zoo,VU,N/A,9.4,1618.73,344.5,40,93.75,Under Observation,Yes,1193.27,30/06/2024
ZA-04717,Clownfish,Amphiprion ocellaris,Fish,Omnivore,Ocean,,Coastal Aquarium & Zoo,least concern,Male,4.1,0.02,10.6,8,0.0,Injured,Yes,101.7,2022-01-05
ZA-03121,Whale Shark,Rhincodon typus,Fish,Omnivore,Ocean,Australia,Riverside Zoo,endangered,Female,32.6,8334.57,958.8,70,394.84,Under Observation,No,2818.3,28/06/2022
ZA-00718,Asian Elephant,Elephas maximus,Mammal,Herbivore,Forest,Thailand,Safari Park North,endangered,Male,unknown,4222.99,N/A,60,268.84,Sick,False,,2023-09-21
ZA-02742,Emperor Penguin,Aptenodytes forsteri,Bird,Piscivore,Arctic,Antarctica,Riverside Zoo,Near Threatened,Female,8.4,35.65,115.4,20,1.73,Healthy,Y,72.75,2022-09-11
ZA-02851,Clownfish,Amphiprion ocellaris,Fish,Omnivore,Ocean,Philippines,Safari Park North,Least Concern,Male,2.9,0.02,9.8,8,0.0,Under Observation,Yes,59.54,2022-04-23
ZA-03860,Snow Leopard,Panthera uncia,Mammal,Carnivore,Mountain,Pakistan,Riverside Zoo,VU,Female,2.3,22.28,102.4,15,0.93,Sick,Y,161.88 USD,2025-07-03
ZA-01376,Sea Otter,Enhydra lutris,Mammal,Carnivore,Ocean,Canada,Metro City Zoo,Endangered,Female,9.6,28.37 kg,122.1,15,1.16,Injured,No,,24/02/2025
ZA-02907,Nile Crocodile,Crocodylus niloticus,Reptile,Carnivore,Wetland,Tanzania,Safari Park North,Least Concern,Male,36.5,357480 g,481.6 cm,70,12.3,Healthy,Yes,284.07,2024-08-07
ZA-00360,Giraffe,Giraffa camelopardalis,Mammal,Herbivore,SAVANNA,Tanzania,Safari Park North,Vulnerable,Male,8.1,1325.69,461.6,25,,Injured,Yes,1136.7,07/10/2024
ZA-03499,Girafe,Giraffa camelopardalis,Mammal,Herbivore,Savanna,Namibia,Greenfield Sanctuary,vulnerable,Male,3.1,799.6,375.1,25,52.6,Healthy,True,269.16,17 Jun 2023
ZA-00888,Bald Eagle,Haliaeetus leucocephalus,Bird,Carnivore,Forest,USA,  Safari Park North ,LC,F,4.3,2670 g,73.8,25,0.12,Under Observation,No,125.45,02/08/2022
ZA-02288,Bald Eagle,Haliaeetus leucocephalus,Bird,Carnivore,Forest,USA,Metro City Zoo,unknown,Male,15.8,5.23,86.2,25,0.21,Sick,Yes,62.98,2023-07-03
ZA-00842,great white shark,Carcharodon carcharias,Fish,Carnivore,Ocean,USA,Coastal Aquarium & Zoo,VU,Male,17.8,1026.15,501.0,70,31.69,Injured,Yes,635.32,2024-11-07
ZA-03754,Bald Eagle,Haliaeetus leucocephalus,Bird,Carnivore,Forest,USA,Metro City Zoo,LC,Female,,5.37,83.4,25,0.17,Healthy,Yes,65.58,04/05/2024
ZA-04310,Cheetah,Acinonyx jubatus,Mammal,Carnivore,Savanna,Botswana,Safari Park North,VU,female,10.3,44.66,121.6,12,1.39,Under Observation,No,206.32,2025-07-27
ZA-01306,Chimpanzee,Pan troglodytes,Mammal,Omnivore,Forest,,GREENFIELD SANCTUARY,EN,Female,22.0,44.56,79.9,40,1.99,Healthy,Yes,102.60 USD,11/03/2023
ZA-04101,Bottlenose Dolphin,Tursiops truncatus,Mammal,Piscivore,Ocean,USA,Greenfield Sanctuary,LC,Female,6.4,114.64,245.6,40,6.07,Healthy,Yes,165.2,"June 01, 2023"
ZA-00528,Hippopotamus,Hippopotamus amphibius,Mammal,Herbivore,Wetland,Tanzania,Safari Park North,vulnerable,Male,19.4,None,372.4,40,77.95,Healthy,Yes,354.6,01/05/2023
ZA-01442,Golden Eagle,Aquila chrysaetos,Bird,Carnivore,Mountain,United States,Metro City Zoo,Least Concern,Female,8.2,4.78,85.3,25,None,Healthy,Yes,48.15,2022-10-14
ZA-04608,Giraffe,Giraffa camelopardalis,Mammal,Herbivore,Savanna,Tanzania,Safari Park North,VU,Male,11.3,1488.0,501.2,25,120.06,Healthy,No,522.26,2022-02-21
ZA-02417,TIGER,Panthera tigris,Mammal,Carnivore,Forest,Russia,Riverside Zoo,endangered,Male,3.6,177.32,261.5,16,9.32,Under Observation,Yes,261.25,2025-01-13
ZA-01658,Whale Shark,Rhincodon typus,Fish,Omnivore,OCEAN,Mexico,Coastal Aquarium & Zoo,Endangered,Male,25.9,8275160 g,1027.7,70,,Injured,Yes,1272.86,2022-06-03
ZA-02675,BROWN BEAR,Ursus arctos,Mammal,Omnivore,Forest,canada,Highland Wildlife Reserve,Least Concern,male,12.6,N/A,189.7,25,15.66,Sick,No,417.73,2023-07-15
ZA-02787,Brown Bear,Ursus arctos,Mammal,Omnivore,Forest,Russia,Riverside Zoo,Least Concern,Female,7.7,246.15,194.9,25,10.68,Healthy,Yes,163.93,2025-08-09
ZA-00135,asian elephant,Elephas maximus,Mammal,Herbivore,Forest,Thailand,  Riverside Zoo ,Endangered,Female,48.0,3065.87,519.8,60,173.3,Healthy,Yes,453.58,2025-03-13
ZA-03963,Polar Bear,Ursus maritimus,Mammal,Carnivore,Arctic,Canada,Coastal Aquarium & Zoo,VU,female,16.8,477.97,238.0,25,15.78,Sick,Yes,$425.54,2023-03-29
ZA-02282,Gorrila,Gorilla gorilla,Mammal,Herbivore,Forest,Congo,Coastal Aquarium & Zoo,Critically Endangered,Female,19.4,120.67,163.3,35,None,Injured,N,347.9,"July 30, 2024"
ZA-03787,Plains Zebra,Equus quagga,Mammal,Herbivore,Savanna,Botswana,Safari Park North,,F,5.0,207.88,190.3,25,10.3,Healthy,Yes,$124.79,2024-11-07
ZA-04354,Hippopotamus,Hippopotamus amphibius,MAMMAL,Herbivore,WETLAND,Zambia,Greenfield Sanctuary,Vulnerable,Female,7.3,2149.9 lbs,301.3,40,,Healthy,Yes,355.49,26/12/2023
ZA-02986,Giant Panda,Ailuropoda melanoleuca,Mammal,Herbivore,Forest,China,Highland Wildlife Reserve,Vulnerable,Male,12.4,265.8 lbs,163.6,20,8.15,Sick,Yes,$287.12,"May 03, 2022"
ZA-00525,Flamingo,Phoenicopterus roseus,  Bird ,Omnivore,Wetland,Kenya,Safari Park North,LEAST CONCERN,Female,14.0,2.84,116.8,30,0.15,Under Observation,No,133.4,2024-02-23
ZA-02426,Green Sea Turtle,Chelonia mydas,Reptile,Herbivore,Ocean,Mexico,Highland Wildlife Reserve,EN,Male,20.9,154.73,112.6,80,10.48,Healthy,1,$188.29,2025-04-02
ZA-00911,Polar Bear,Ursus maritimus,Mammal,Carnivore,Arctic,NULL,Riverside Zoo,Vulnerable,Female,4.4,NULL,211.7,25,12.04,Healthy,Y,425.92,2023-07-06
ZA-03415,Nile Crocodile,Crocodylus niloticus,Reptile,Carnivore,Wetland,Zambia,Coastal Aquarium & Zoo,LC,Female,57.3,386.89,473.5,70,16.68,Healthy,Yes,145.28,2023-06-17
ZA-00504,Snow Leopard,Panthera uncia,Mammal,Carnivore,Mountain,China,  Highland Wildlife Reserve ,VU,Female,8.7,44310 g,115.8,15,1.93,Healthy,Yes,121.27,05-02-2023
ZA-01773,Polar Bear,Ursus maritimus,Mammal,Carnivore,Arctic,Russia,Riverside Zoo,Vulnerable,Female,11.2,377.38,245.2,25,NULL,Healthy,-,265.32,2025-02-10
ZA-00125,Black Rhinoceros,diceros bicornis,Mammal,Herbivore,SAVANNA,Namibia,  Metro City Zoo ,CR,Female,15.5,1000.96,348.4,40,64.06,Healthy,N,267.91,2024-02-28
ZA-00934,Plains Zebra,equus quagga,Mammal,Herbivore,Savanna,Botswana,Metro City Zoo,NT,Male,16.3,359.03,-,25,17.95,Under Observation,True,$391.55,2022-11-26
ZA-01471,Grey Wolf,Canis lupus,Mammal,  Carnivore ,Forest,Canada,Greenfield Sanctuary,Least Concern,Female,5.5,80.7 lbs,121.0,8,1.98,Healthy,Yes,80.12,17/09/2024
ZA-03904,Cheetah,Acinonyx jubatus,Mammal,Carnivore,Savanna,BOTSWANA,Riverside Zoo,VU,Female,,53.81,122.2,12,NULL,Healthy,Yes,119.54,23 Jun 2022
ZA-01285,Green Iguana,Iguana iguana,  Reptile ,Herbivore,Forest,Brazil,Riverside Zoo,LC,Female,11.0,4.12 kg,152.6,15,0.21,Healthy,Y,46.17,2023-05-26
ZA-02729,Clownfish ,amphiprion ocellaris,Fish,Omnivore,Ocean,Philippines,Safari Park North,Least Concern,Male,5.9,0.03,9.5,8,0.0,Under Observation,Yes,68.86,2024-01-07
ZA-03582,Red Kangaroo,Osphranter rufus,Mammal,Herbivore,Desert,Australia,Greenfield Sanctuary,LC,F,5.6,145.1 lbs,136.7 cm,15,4.1,Healthy,No,147.94,"March 09, 2025"
ZA-04365,Golden Eagle,Aquila chrysaetos,Bird,Carnivore,Mountain,Pakistan,Safari Park North,LC,Female,3.7,3.04,64.9,25,0.12,Healthy,Yes,67.78,2024-07-11
ZA-01095,Plains Zebra,Equus quagga,Mammal,Herbivore,Savanna,Kenya,Riverside Zoo,Near Threatened,Female,3.0,189.63,170.3,25,12.8,Healthy,Y,176.2,2022-11-11
ZA-02017,red kangaroo,Osphranter rufus,Mammal,Herbivore,  Desert ,Australia,Coastal Aquarium & Zoo,least concern,Male,9.0,63.51,144.4,15,4.71,Healthy,No,100.53,05/02/2024
ZA-01184,Cheetah,acinonyx jubatus,Mammal,Carnivore,Savanna,Namibia,Riverside Zoo,Vulnerable,Male,4.0,47.61,152.4,12,1.73,Sick,1,247.49,2023-09-20
ZA-00225,Cheetah,Acinonyx jubatus,Mammal,Carnivore,Savanna,Namibia,Riverside Zoo,VU,Female,8.4,46.17,121.7,12,2.29,Healthy,No,70.46,07-31-2025
ZA-03273,GOLDEN EAGLE,Aquila chrysaetos,Bird,Carnivore,Mountain ,USA,Coastal Aquarium & Zoo,LC,female,18.2,4.09,81.7,25,0.17,Healthy,No,-,2023-12-11
ZA-04056,Golden Eagle,Aquila chrysaetos,Bird,Carnivore,Mountain,Mongolia,Metro City Zoo,Least Concern,Male,2.5,3.35,64.7,25,0.13,Healthy,No,40.45,2024-02-24
ZA-01807,Emperor Penguin,Aptenodytes forsteri,Bird,Piscivore,Arctic,NULL,Highland Wildlife Reserve,NT,F,8.3,31.28,108.5,20,1.99,Healthy,Yes,123.74,23/09/2024
ZA-04422,Plains Zebra,Equus quagga,Mammal,Herbivore,Savanna,Botswana,Coastal Aquarium & Zoo,NT,female,5.3,265.36 kg,186.6,25,14.03,Healthy,Yes,145.69,2022-04-16
ZA-03284,Golden Eagle,Aquila chrysaetos,Bird,Carnivore,Mountain,Pakistan,Coastal Aquarium & Zoo,Least Concern,Female,8.5,5.46,88.2,25,0.22,Healthy,Yes,unknown,"July 19, 2024"
ZA-01372,Galapagos Tortoise,Chelonoidis niger,Reptile,Herbivore,Island,Ecuador,Safari Park North,Vulnerable,na,43.8,235.91,120.0,100,12.28,Healthy,No,212.02,2025-08-03
ZA-02755,Bald Eagle,Haliaeetus leucocephalus,Bird,Carnivore,Forest,US,Riverside Zoo,least concern,Male,18.7,4.46,82.0,25,0.19,healthy,Yes,30.42 USD,2023-10-25
ZA-00685,Asian Elephant,Elephas maximus,Mammal,Herbivore,Forest,India,Riverside Zoo,Endangered,Female,15.9,2603.08 kg,537.3 cm,60,unknown,Healthy,Yes,462.31,2022-02-13
ZA-02115,King Cobra,Ophiophagus hannah,  Reptile ,Carnivore,forest,India,Riverside Zoo,VU,Male,6.3,5.24,415.1,20,0.24,Injured,False,100.64,2023-11-04
ZA-00828,Tigr,Panthera tigris,Mammal,Carnivore,Forest,India,Metro City Zoo,ENDANGERED,Female,5.7,207.09,247.4,16,8.82,Healthy,1,126.51,unknown
ZA-01262,Saltwater Crocodile,Crocodylus porosus,Reptile,Carnivore,Wetland ,india,Metro City Zoo,Least Concern,F,30.6,-,474.8,70,20.84,Healthy,Yes,$288.19,2024-09-26
ZA-04839,Hippopotamus,Hippopotamus amphibius,Mammal,Herbivore,Wetland,Kenya,Safari Park North,vulnerable,F,NULL,1227.72,314.6,40,73.96,Injured,Yes,696.78,2024-07-23
ZA-02912,Snow Leopard,Panthera uncia,Mammal,Carnivore,mountain,Pakistan,Greenfield Sanctuary,vulnerable,M,8.0,44.79,137.0,15,1.61,Healthy,1,79.88,01/09/2025
ZA-00633,Scarlet Macaw,Ara macao,Bird,Herbivore,Forest,Peru,None,Least Concern,Male,,1.14,-,50,0.06,Healthy,Yes,48.26,2023-11-23
ZA-04151,Komodo Dragon,Varanus komodoensis,reptile,Carnivore,Forest,Indonesia,Riverside Zoo,Endangered,Female,5.7,50.99,234.0,30,1.9,Injured,Yes,199.35,19/12/2022
ZA-01697,Grey Wolf,Canis lupus,Mammal,Carnivore,FOREST,USA,Metro City Zoo,Least Concern,F,3.8,39.23,138.0,8,1.43,Injured,Yes,231.0,2023-05-01
ZA-03264,Peacock,Pavo cristatus,Bird,OMNIVORE,Forest,India,Highland Wildlife Reserve,LC,Female,7.5,5.13,170.5,20,0.22,Healthy,Yes,49.13,02-14-2025
ZA-01307,Black Rhinoceros,diceros bicornis,Mammal,Herbivore,Savanna,Namibia,Metro City Zoo,CR,na,6.8,na,310.3,40,54.47,Healthy,Yes,266.28,2024-01-07
ZA-04320,Polar Bear,Ursus maritimus,Mammal,Carnivore,Arctic,Canada,Safari Park North,,Male,16.3,538.49,249.0,25,22.19,Healthy,Yes,,2024-05-02
ZA-01242,Chimpanzee,Pan troglodytes,Mammal,Omnivore,Forest,Congo,Safari Park North,Endangered,Male,unknown,46.18,84.1,40,None,Healthy,False,65.15,12-07-2022
ZA-03413,Asian Elephant,Elephas maximus,Mammal,Herbivore,Forest,Sri Lanka,Metro City Zoo,EN,Male,17.2,3765.03,563.6,60,NULL,Under Observation,True,913.96,19/02/2022
ZA-01672,Clownfish,Amphiprion ocellaris,Fish,Omnivore,Ocean,Indonesia,Riverside Zoo,LC,Female,5.4,0.02,8.8,8,0.0,unknown,Yes,N/A,03/06/2024
ZA-01461,Whale Shark,Rhincodon typus,Fish,Omnivore,Ocean,Mexico,Safari Park North,Endangered,male,61.7,9514.54,1051.5,70,348.14,Healthy,Yes,804.76,2023-10-18
ZA-01398,Great White Shark,Carcharodon carcharias,Fish,Carnivore,Ocean,Australia,Highland Wildlife Reserve,VU,Male,26.7,865.82,484.0,70,36.8,Healthy,Yes,377.63,09/08/2023
ZA-00963,Snow Leopard,Panthera uncia,Mammal,Carnivore,Mountain,Mongolia,Highland Wildlife Reserve,VU,Male,7.2,52.08,140.9,15,2.85,Healthy,Yes,$98.60,2024-12-31
ZA-03281,Chimpanzi,Pan troglodytes,Mammal,Omnivore,Forest,Tanzania,Safari Park North,EN,Male,4.7,30.31,69.6,40,1.37,Healthy,Y,$66.67,2025-03-03
ZA-01278,Komodo Dragon,Varanus komodoensis,Reptile,Carnivore,Forest,Indonesia,Riverside Zoo,EN,unknown,8.4,80.99,245.3,30,2.95,Healthy,Yes,166.6,2022-07-30
ZA-03500,Green Iguana,Iguana iguana,Reptile,Herbivore,Forest,Brazil,Coastal Aquarium & Zoo,LC,M,12.9,4.59,NULL,15,0.21,Healthy,Yes,,2025-05-14
ZA-00746,Green Sea Turtle,Chelonia mydas,Reptile,Herbivore,Ocean,Mexico,Greenfield Sanctuary,EN,Male,49.8,152.85,122.6,80,7.42,Healthy,Yes,277.08,2023-07-16
ZA-02225,Snow Leopard,Panthera uncia,Mammal,Carnivore,Mountain,China,Coastal Aquarium & Zoo,VU,Female,11.0,45.07,129.5,15,1.76,Healthy,0,92.78,2022-01-01
ZA-01749,Lion,Panthera leo,Mammal,Carnivore,Savanna,  Kenya ,Safari Park North,vulnerable,female,10.1,204.48,227.0,14,8.41,Healthy,unknown,128.86,2023-04-17
ZA-03542,Gorilla,Gorilla gorilla,Mammal,Herbivore,Forest,na,Metro City Zoo,CR,Male,NULL,168.76,177.3,35,15.45,Under Observation,No,519.53,2025-01-29
ZA-04236,Gorilla,Gorilla gorilla,Mammal,Herbivore,Forest,  Gabon ,Highland Wildlife Reserve,CR,Male,,131.05,169.1,35,6.39,Healthy,Yes,109.45,02/05/2022
ZA-00142,Bottlenose Dolphin,Tursiops truncatus,Mammal,Piscivore,Ocean,USA,Safari Park North,LC,Female,10.3,394.2 lbs,289.2,40,9.02,Injured,Yes,unknown,06-22-2022
ZA-01116,Lion,Panthera leo,Mammal,Carnivore,Savanna,S. Africa,Highland Wildlife Reserve,VU,Female,10.0,147.28,229.4,14,4.31,Healthy,N/A,108.35,2024-08-23
ZA-00805,Green Iguana,Iguana iguana,Reptile,Herbivore,Forest,Costa Rica,Riverside Zoo,LC,Male,8.1,N/A,152.8,15,0.27,Healthy,No,58.77,None
ZA-04433,Asian Elephant,Elephas maximus,Mammal,Herbivore,  Forest ,NULL,Metro City Zoo,Endangered,Male,16.7,3802.26,568.8,60,183.82,  Healthy ,Yes,691.53,29/04/2025
ZA-00530,Plains Zebra,Equus quagga,Mammal,Herbivore,Savanna,Tanzania,Metro City Zoo,Near Threatened,Female,,398.86,244.6,25,24.77,Healthy,N,175.66,2025-05-04
ZA-03867,Green Iguana,Iguana iguana,Reptile,Herbivore,Forest,Costa Rica,Metro City Zoo,LC,Male,9.6,6.25,154.7,15,0.37,Under Observation,,151.65,2022-11-30
ZA-00201,Nile Crocodile,Crocodylus niloticus,Reptile,Carnivore,Wetland,ZAMBIA,Safari Park North,Least Concern,M,21.9,456.88,516.8,70,15.5,Healthy,Yes,201.86,2022-05-03
ZA-00455,Sea Otter,Enhydra lutris,Mammal,Carnivore,Ocean,United States,Riverside Zoo,EN,Male,1.4,12.79,92.9,15,0.48,Healthy,Yes,115.82,2024-04-28
ZA-00220,Snow Leopard,Panthera uncia,Mammal,Carnivore,Mountain,China,Greenfield Sanctuary,VU,Female,2.1,22.74,97.5,15,0.97,Sick,True,187.35,12-27-2023
ZA-02967,Tiger,Panthera tigris,Mammal,Carnivore,Forest,Indonesia,Metro City Zoo,Endangered,M,three,None,268.2,16,8.36,Healthy,Yes,153.79,2024-12-06
ZA-02854,Clownfish,Amphiprion ocellaris,Fish,Omnivore,Ocean,Philippines,Metro City Zoo,Least Concern,Female,5.9,0.02,8.7,8,0.0,Healthy,Yes,$39.45,2025-08-21
ZA-04276,Great White Shark,Carcharodon carcharias,Fish,Carnivore,Ocean,-,  Metro City Zoo ,VU,Female,13.8,684.47,396.4,70,23.71,Healthy,Yes,207.5,2024-12-23
ZA-03048,sea otter,Enhydra lutris,Mammal,Carnivore,Ocean,USA,Highland Wildlife Reserve,EN,Male,6.7,32.56,118.8,15,1.21,Healthy,No,82.92,2023-10-08
ZA-00441,Grey Wolf,Canis lupus,Mammal,Carnivore,Forest,Canada,Riverside Zoo,LC,Male,4.7,42.76,123.5,8,1.64,Injured,None,135.31,2023-03-15
ZA-03088,Flamingo,Phoenicopterus roseus,Bird,Omnivore,Wetland ,Spain,Greenfield Sanctuary,LC,Male,7.5,2.41,114.3,30,0.1,Healthy,Yes,55.95,01-02-2023
ZA-04533,HIPPOPOTAMUS,Hippopotamus amphibius,Mammal,Herbivore,Wetland,Kenya,Metro City Zoo,VU,Female,18.4,1356.03,322.6,40,97.77,Healthy,Y,$401.49,2023-02-16
ZA-03055,Asian Elephant,Elephas maximus,Mammal,Herbivore,  Forest ,Thailand,-,EN,F,NULL,3493.3,533.1,60,185.16,Healthy,Yes,$647.50,2024-02-22
ZA-00433,Snow Leopard,Panthera uncia,Mammal,Carnivore,Mountain,Pakistan,Coastal Aquarium & Zoo,Vulnerable,Male,6.8,40.36,144.9,15,1.53,Under Observation,-,N/A,04 Dec 2022
ZA-03612,Giraffe,Giraffa camelopardalis,Mammal,Herbivore,Savanna,Namibia,Metro City Zoo ,VU,M,19.8,1483.85,460.1,25,101.13,Injured,Yes,625.22,2023-08-06
ZA-03213,Koala,Phascolarctos cinereus,Mammal,Herbivore,Forest,Australia,Metro City Zoo,Vulnerable,Male,2.1,6.5,73.2,13,-,Injured,Yes,125.39,2022-03-10
ZA-02297,Black Rhinoceros,Diceros bicornis,Mammal,Herbivore,Savanna,Namibia,Coastal Aquarium & Zoo,CR,None,18.6,1016.17,351.6,40,73.66,healthy,True,236.29,2023-09-27
ZA-02277,Saltwater Crocodile ,Crocodylus porosus,Reptile,Carnivore,Wetland,Australia,Highland Wildlife Reserve,LC,Female,52.1,498.21,467.5,70,19.63,Healthy,Yes,188.55,"April 12, 2023"
ZA-03354,Komodo Dragon,Varanus komodoensis,Reptile,Carnivore,Forest,Indonesia,Highland Wildlife Reserve,Endangered,Female,19.2,60730 g,238.3,30,3.02,Healthy,Yes,98.41,2025-02-05
ZA-04024,Leopard,Panthera pardus,Mammal,Carnivore,Forest,India,greenfield sanctuary,VU,Male,7.0,75.1,163.8,14,2.53,Injured,Y,156.07,2023-03-16
ZA-02826,Chimpanzee,Pan troglodytes,Mammal,Omnivore,Forest,TANZANIA,Metro City Zoo,EN,MALE,29.8,137.4 lbs,91.7,40,3.73,Healthy,No,129.25,2023-11-19
ZA-04079,Koala,Phascolarctos cinereus,Mammal,Herbivore,Forest,Australia,Coastal Aquarium & Zoo,VULNERABLE,Female,3.1,9.95,76.6,13,0.73,Healthy,Yes,52.59,2024-07-05
ZA-04313,Asian Elephant,Elephas maximus,Mammal,Herbivore,Forest,thailand,Coastal Aquarium & Zoo,EN,Male,20.2,4847.06,N/A,60,297.75,Healthy,Yes,533.6,2024-04-03
ZA-00985,Giraffe,Giraffa camelopardalis,Mammal,Herbivore,Savanna,Kenya,Metro City Zoo,VU,Female,21.8,1129.08,424.4,25,68.81,Healthy,Yes,520.88,2024-04-12
ZA-02645,Komodo Dragon,Varanus komodoensis,Reptile,Carnivore,Forest,Indonesia,Riverside Zoo,EN,Male,24.0,72.97 kg,274.0,30,2.58,Healthy,Yes,111.73,12-31-2024
ZA-01746,Plains Zebra,Equus quagga,Mammal,Herbivore,Savanna,Tanzania,Safari Park North,NEAR THREATENED,Male,4.9,289.06,224.8,25,14.9,Healthy,Yes,165.13,10-12-2024
ZA-03334,Bottlenose Dolphin ,Tursiops truncatus,Mammal,Piscivore,Ocean,United States,Coastal Aquarium & Zoo,LC,F,,na,297.8,40,8.44,Healthy,Yes,175.77,10/01/2024
ZA-04315,Flamingo,Phoenicopterus roseus,Bird,Omnivore,Wetland,India,Metro City Zoo,LC,Male,16.9,2.94,123.1,30,0.13,Healthy,Yes,43.48,N/A
ZA-04687,Giant Panda,Ailuropoda melanoleuca,Mammal,Herbivore,Forest,China,Coastal Aquarium & Zoo,Vulnerable,Female,2.9,N/A,120.2,20,3.78,Healthy,Yes,111.14,2025-04-04
za-03207,Nile Crocodile,Crocodylus niloticus,Reptile,Carnivore,Wetland ,Tanzania,Highland Wildlife Reserve,LC,Female,43.3,441.94,429.0,70,16.67,Under Observation,Yes,262.48,05/08/2024
ZA-04964,Asian Elephant,Elephas maximus,Mammal,Herbivore,Forest,Thailand,metro city zoo,EN,MALE,15.8,4048.61,553.8,60,254.6,Healthy,No,1013.3,2023-01-08
ZA-02235,Asian Elephant,Elephas maximus,Mammal,Herbivore,Forest,Thailand,Coastal Aquarium & Zoo,EN,Male,38.4,3693.36,526.5,60,209.2,Healthy,False,609.53,2025-05-06
ZA-00822,Nile Crocodile,Crocodylus niloticus,Reptile,Carnivore,Wetland,Kenya,Safari Park North,LC,female,16.3,321.33,429.8,70,14.12,Healthy,Yes,154.7,06-03-2025
ZA-03990,Bottlenose Dolphin,Tursiops truncatus,Mammal,Piscivore,Ocean,Australia,Metro City Zoo,Least Concern,Female,28.4 yrs,198.02,282.6,40,10.35,Injured,Y,301.57,30/10/2022
ZA-02728,Galapagos Tortoise,Chelonoidis niger,Reptile,herbivore,Island,Ecuador,Riverside Zoo,Vulnerable,Male,N/A,193.54,104.1,100,9.15,Healthy,Yes,176.81,28/03/2025
ZA-01051,Emperor Penguin,Aptenodytes forsteri,Bird,Piscivore,Arctic,Antarctica,Metro City Zoo,NEAR THREATENED,FEMALE,7.5,31.11,100.9,20,1.58,Healthy,No,73.11,2022-08-25
ZA-03510,King Cobra,Ophiophagus hannah,Reptile,Carnivore,Forest,Thailand,Highland Wildlife Reserve,VU,Female,7.1,6.63,379.9,20,0.28,Under Observation,Yes,109.4,2024-05-24
ZA-00377,Saltwater Crocodile,Crocodylus porosus,Reptile,Carnivore,Wetland,India,coastal aquarium & zoo,Least Concern,male,35.8,559.73,518.4,70,19.83,Healthy,Yes,190.98,2025-06-10
ZA-00593,Black Rhinoceros,Diceros bicornis,Mammal,Herbivore,Savanna,Namibia,Metro City Zoo,Critically Endangered,Female,12.7,966190 g,321.2,40,70.14,Healthy,Yes,323.07,03-12-2025
ZA-03845,Asian Elephant,Elephas maximus,Mammal,Herbivore,Forest,Thailand,Safari Park North,EN,Male,9.8,2410.54,NULL,60,150.43,Healthy,Yes,379.87,2025-02-16
ZA-02133,Snow Leopard,Panthera uncia,Mammal,Carnivore,Mountain,Mongolia,Coastal Aquarium & Zoo,Vulnerable,Male,1.8,26.56,103.7,15,,Healthy,False,$77.43,2025-06-30
ZA-03880,Grey Wolf ,Canis lupus,Mammal,Carnivore,Forest,Canada,Coastal Aquarium & Zoo,LC,Female,-0.5,38.94,128.7,8,1.37,Healthy,Yes,117.57,04/12/2022
ZA-00164,African Elephant,Loxodonta africana,Mammal,HERBIVORE,Savanna,Kenya,Coastal Aquarium & Zoo,VULNERABLE,M,13.7,0.0,611.6,60,221.85,Under Observation,No,"$1,234.22",2024-10-11
ZA-01410,Nile Crocodile,Crocodylus niloticus,Reptile,Carnivore,Wetland,Zambia,Highland Wildlife Reserve,least concern,M,22.2,372.2,495.1,70,13.29,Healthy,Yes,$179.65,11-14-2022
ZA-04215,Lyon,Panthera leo,Mammal,Carnivore,SAVANNA,kenya,Greenfield Sanctuary,None,Male,2.6,136.46,234.9,14,unknown,Healthy,False,na,2022-02-17
ZA-01377,Sea Otter,Enhydra lutris,Mammal,Carnivore,Ocean,Russia,Greenfield Sanctuary,NULL,Male,9.6,25.18,118.7,15,1.0,Healthy,Yes,105.49,2023-06-18
ZA-01041,Axolotl,Ambystoma mexicanum,Amphibian,Carnivore,Wetland,Mexico,Riverside Zoo,CR,Male,unknown,0.18 kg,na,12,0.01,Sick,True,$106.00,2024-11-13
ZA-04826,Giraffe,Giraffa camelopardalis,Mammal,Herbivore,Savanna,Tanzania,Safari Park North,VU,Female,unknown,1185.90 kg,414.3,25,na,Healthy,Yes,357.0,2025-08-22
ZA-00613,Polar Bear,Ursus maritimus,Mammal,Carnivore,Arctic,Russian Federation,Coastal Aquarium & Zoo,VU,female,5.6,368.6,239.7,25,19.3,Healthy,Y,206.63 USD,2024-05-01
ZA-01355,Snow Leopard,Panthera uncia,Mammal,Carnivore,Mountain,China,Metro City Zoo,VU,M,11.4,46.37,123.8,15,1.74,HEALTHY,N,71.0,-
ZA-03071,Polar Bear,Ursus maritimus,Mammal,Carnivore,Arctic,Canada,Highland Wildlife Reserve,VU,Male,15.9,417.59,257.9,25,15.48,Healthy,No,169.75,11/09/2025
ZA-02347,Asian Elephant,Elephas maximus,Mammal,Herbivore,Forest,Sri Lanka,Metro City Zoo,EN,Female,44.7,2870.96,556.5,60,167.03,Healthy,Yes,413.38,2023-11-02
ZA-02092,Clownfish,amphiprion ocellaris,Fish,omnivore,Ocean,Indonesia,Riverside Zoo,LC,Male,2.7,0.02,9.4,8,0.0,Healthy,Y,42.15,11-28-2024
ZA-00370,Ostrich,Struthio camelus,Bird,Omnivore,Savanna,S. Africa,None,least concern,male,0.7,38.76,130.0,40,1.92,Injured,Y,,
ZA-03085,Grey Wolf,Canis lupus,Mammal,Carnivore,Forest,USA,Metro City Zoo,least concern,Male,3.2,38.07,126.1,8,1.72,Healthy,N,74.07,05/07/2023
ZA-00419,Emperor Penguin,Aptenodytes forsteri,Bird,Piscivore,Arctic,na,Metro City Zoo,,M,10.4,34.01,115.4,20,1.69,Healthy,True,86.84,2024-02-15
ZA-00284,Galapagos Tortoise,Chelonoidis niger,Reptile,Herbivore,Island,Ecuador,Coastal Aquarium & Zoo,VU,Male,52.3,285.06,135.2,100,24.38,Healthy,Yes,170.23,09/06/2023
ZA-01779,Golden Eagle,aquila chrysaetos,Bird,Carnivore,Mountain,Pakistan,Highland Wildlife Reserve,LC,Male,5.1,4.58,75.2,25,0.2,Sick,Yes,82.72,21/10/2024
ZA-01894,Peacock,Pavo cristatus,Bird,Omnivore,Forest ,Pakistan,Highland Wildlife Reserve,Least Concern,Male,7.3,6.42,200.4,20,0.28,Sick,Yes,86.08,2024-03-07
ZA-00872,red-eyed tree frog,Agalychnis callidryas,Amphibian,Insectivore,Forest,Costa Rica,Riverside Zoo,LC,Male,0.6,N/A,5.4,5,0.0,Healthy,Yes,34.84 USD,2022-05-17
ZA-04590,Giant Panda,Ailuropoda melanoleuca,Mammal,Herbivore,Forest,China,Riverside Zoo,VU,F,18.4,83.45,150.7,20,5.36,Healthy,No,75.2,2023-09-24
ZA-00355,Red Kangaroo,Osphranter rufus,Mammal,Herbivore,Desert,Australia,Safari Park North,LC,male,8.8,75.67,131.0,15,4.53,Healthy,Yes,184.25,2022-02-08
ZA-02764,Leopard,Panthera pardus,Mammal,Carnivore,Forest,Kenya,Metro City Zoo,VU,Female,3.6,58.15,170.1,14,2.25,Healthy,Yes,93.99,2025-01-29
ZA-02800,Nile Crocodile,Crocodylus niloticus,Reptile,Carnivore,Wetland,Tanzania,Greenfield Sanctuary,LC,Male,15.9,369.01,467.0,70,16.75,Healthy,Yes,271.53,03/04/2024
ZA-00315,Bottlenose Dolphin,Tursiops truncatus,Mammal,Piscivore,Ocean,Mexico,Safari Park North,LEAST CONCERN,Female,15.3,194.2,284.8,40,,Injured,Yes,359.54,30/01/2025
ZA-03525,Nile Crocodile,Crocodylus niloticus,Reptile,Carnivore,Wetland,Zambia,Highland Wildlife Reserve,LC,Female,5.2,167.49,328.2,70,N/A,Healthy,-,180.23,2022-05-29
ZA-01280,Koala,Phascolarctos cinereus,Mammal,Herbivore,Forest,Australia,Metro City Zoo,VU,female,5.6,8.38 kg,72.9,13,0.59,Sick,Yes,138.42,12/12/2022
ZA-01214,Leopard,Panthera pardus,Mammal,Carnivore,Forest,Kenya,Highland Wildlife Reserve,VULNERABLE,Male,5.4,62.54,na,14,3.06,Healthy,Yes,$86.68,2023-11-10
ZA-02331,Plains Zebra,Equus quagga,Mammal,Herbivore,Savanna,Botswana,Riverside Zoo,NT,M,19.8,378.84,226.7,25,27.16,Healthy,Yes,$160.12,01-08-2024
ZA-01648,Bald Eagle,Haliaeetus leucocephalus,Bird,Carnivore,Forest,USA,Coastal Aquarium & Zoo,LC,Female,1.4,2.19,58.7,25,unknown,Under Observation,No,88.46,08/02/2025
ZA-02475,Galapagos Tortoise,Chelonoidis niger,Reptile,Herbivore,Island,Ecuador,Greenfield Sanctuary,Vulnerable,Male,27.1,246.03,118.9,100,16.67,Sick,Yes,$308.92,26/06/2022
ZA-02316,Koala,Phascolarctos cinereus,Mammal,Herbivore,Forest,Australia,Coastal Aquarium & Zoo,VU,Male,8.1,9.06,None,13,0.51,Healthy,No,$64.28,03-30-2022
ZA-01597,Axolotl,Ambystoma mexicanum,amphibian,Carnivore,Wetland,Mexico,Greenfield Sanctuary,CR,male,9.3,0.21 kg,27.2,12,0.01,Under Observation,1,68.88,26/07/2023
ZA-03374,Giraffe,Giraffa camelopardalis,Mammal,HERBIVORE,Savanna,Namibia ,Coastal Aquarium & Zoo,Vulnerable,Male,10.1,1222.96,441.5 cm,25,88.96,HEALTHY,No,335.06,2022-07-20
ZA-01470,Snow Leopard,Panthera uncia,Mammal,Carnivore,Mountain,Pakistan,Greenfield Sanctuary,Vulnerable,Male,4.7,43.14,129.0,15,1.96,Healthy,Yes,77.36,27/11/2023
ZA-04701,Brown Bear,Ursus arctos,Mammal,Omnivore,Forest,Canada,Greenfield Sanctuary,LC,male,19.4,378.38,193.2,25,20.14,Under Observation,Yes,360.78,04-12-2023
ZA-04938,Nile Crocodile,Crocodylus niloticus,Reptile,Carnivore,Wetland,Zambia,Coastal Aquarium & Zoo,Least Concern,Female,45.9,389.71,463.2,70,16.41,Healthy,Yes,289.17 USD,2022-11-03
ZA-01602,Red Kangaroo,Osphranter rufus,Mammal,Herbivore,Desert,Australia,Safari Park North ,LC,Male,5.8,85.37,144.4,15,5.77,Healthy,Yes,163.46,2025-01-04
ZA-04780,Peacock,Pavo cristatus,Bird,Omnivore,Forest,Sri Lanka,Greenfield Sanctuary,LC,Female,4.1,3.06,187.3,20,0.13,Healthy,1,$57.01,02-16-2022
ZA-00400,Galapagos Tortoise,Chelonoidis niger,Reptile,Herbivore,Island,Ecuador,Safari Park North,Vulnerable,MALE,45.7,705.3 lbs,120.4,100,14.38,Healthy,No,251.92,2024-11-29
ZA-04197,King Cobra,Ophiophagus hannah,Reptile,Carnivore,Forest,India,Riverside Zoo,VU,F,17.7,4.34,410.3,20,0.16,Healthy,Yes,47.31 USD,"March 31, 2025"
ZA-00459,Bottlenose Dolphin,Tursiops truncatus,Mammal,piscivore,Ocean,USA,Highland Wildlife Reserve,LC,Male,27.8,245.65,286.0,40,None,Healthy,True,225.22,na
ZA-04234,Grey Wolf,Canis lupus,Mammal,Carnivore,Forest,Russia,Highland Wildlife Reserve,LEAST CONCERN,Female,5.8,39.46,127.4 cm,8,1.85,Healthy,Yes,98.96,09 Aug 2023
ZA-03197,Giraffe,Giraffa camelopardalis,Mammal,Herbivore,Savanna,Kenya,Highland Wildlife Reserve,VU,Male,10.0,987.42,453.4,25,80.74,Healthy,Yes,430.51,2022-04-20
ZA-01217,Green Sea Turtle,Chelonia mydas,Reptile,Herbivore,Ocean,Australia,Safari Park North,Endangered,Male,37.0,201.25,104.0,80,13.03,Under Observation,No,232.57,2023-05-29
ZA-02028,Giant Panda,Ailuropoda melanoleuca,MAMMAL,Herbivore,Forest,China,Coastal Aquarium & Zoo,Vulnerable,MALE,15.6,115.18,150.8,20,6.03,Healthy,Yes,$157.11,2025-03-09
ZA-03442,GALAPAGOS TORTOISE,Chelonoidis niger,Reptile,Herbivore,ISLAND,Ecuador,Highland Wildlife Reserve,VU,Female,NULL,209.61,114.8,100,11.18,Under Observation,1,469.35,2022-12-26
ZA-03729,Emperor Penguin,Aptenodytes forsteri,Bird,Piscivore,Arctic,Antarctica,Safari Park North,NT,FEMALE,,27.51,110.6,20,1.39,healthy,Yes,-,2024-08-15
ZA-00376,Snow Leopard,Panthera uncia,Mammal,Carnivore,Mountain,Pakistan,Metro City Zoo,Vulnerable,Male,8.8,45.71,132.7,15,2.05,Healthy,Yes,$78.10,2025-08-25
ZA-03511,SEA OTTER,Enhydra lutris,MAMMAL,Carnivore,OCEAN,USA,Riverside Zoo,Endangered,female,3.4,21480 g,113.2,15,0.91,Healthy,1,50.86,"April 03, 2025"
ZA-00884,Chetah,Acinonyx jubatus,Mammal,  Carnivore ,Savanna,Namibia,Highland Wildlife Reserve,VU,Male,6.7,43.24,123.9,12,1.52,Healthy,Yes,$112.56,03-20-2023
ZA-02904,Giraffe,Giraffa camelopardalis,Mammal,Herbivore,Savanna,Tanzania,Coastal Aquarium & Zoo,Vulnerable,Female,13.9,1081.05,N/A,25,59.88,Healthy,No,292.97,2022-05-25
ZA-00692,Leopard,Panthera pardus,Mammal,Carnivore,Forest,South africa,Coastal Aquarium & Zoo,Vulnerable,Male,5.2,62.36,171.9,14,2.81,Healthy,Yes,$98.51,2023-05-26
ZA-03366,Bottlenose Dolphin,Tursiops truncatus,Mammal,Piscivore,Ocean,Mexico,Riverside Zoo,LC,Male,2.3 yrs,105.19,213.6,40,5.47,Healthy,1,$148.35,2022-11-27
ZA-01872,Red-eyed Tree Frog,Agalychnis callidryas,Amphibian,Insectivore,Forest,Costa Rica,Riverside Zoo,LC,Female,1.1,0.01,7.0,5,0.0,Healthy,Yes,$33.20,2024-10-18
ZA-00009,Snow Leopard,Panthera uncia,Mammal,Carnivore,Mountain,Pakistan,Greenfield Sanctuary,VU,male,5.8,43.8,141.1,15,1.41,Healthy,N,128.01,2024-08-31
ZA-04654,Gorilla,Gorilla gorilla,Mammal,Herbivore,Forest,Uganda,Highland Wildlife Reserve,CRITICALLY ENDANGERED,Female,27.1,15576.0,175.6,35,10.81,Healthy,Yes,133.27,2022-08-28
ZA-04156,Leopard,Panthera pardus,Mammal,Carnivore,Forest,South Africa ,NULL,VU,Male,4.2,54.89 kg,180.7,14,1.61,Healthy,No,$137.46,2022-08-26
ZA-00899,Tiger,Panthera tigris,Mammal,Carnivore,Forest,Indonesia,Riverside Zoo,EN,Female,7.6,202.58,260.9,16,9.34,Healthy,Yes,153.55,2023-10-09
ZA-00318,Koala,Phascolarctos cinereus,Mammal,Herbivore,Forest,Australia,Highland Wildlife Reserve,vulnerable,Female,8.9,11.65,72.0,13,NULL,Healthy,Yes,81.14,09-08-2024
ZA-03793,red kangaroo,Osphranter rufus,Mammal,Herbivore,Desert,Australia,-,Least Concern,Female,4.4,63.24,130.8,15,,Healthy,Yes,$125.09,2022-12-09
ZA-03107,Peacock,Pavo cristatus,Bird,Omnivore,Forest,Pakistan,Riverside Zoo,Least Concern,Female,12.5,4.62,202.1,20,0.3,Healthy,Yes,80.37,2024-01-29
ZA-03287,Galapagos Tortoise,Chelonoidis niger,Reptile,Herbivore,Island,Ecuador,Riverside Zoo,VU,,35.2,245.15,113.8,100,14.37,Under Observation,True,$364.72,2024-11-18
ZA-02818,Komodo Dragon,Varanus komodoensis,REPTILE,Carnivore,Forest,Indonesia,Greenfield Sanctuary,EN,Female,8.2,72.92,259.5,30,3.29,Healthy,unknown,63.73,2024-07-31
ZA-00509,Chimpanzi,Pan troglodytes,Mammal,OMNIVORE,Forest,Uganda,Safari Park North,EN,Female,12.1,49.2,87.6,40,2.17,Healthy,N/A,92.39,2025-07-25
ZA-03290,Great White Shark,Carcharodon carcharias,  Fish ,Carnivore,Ocean,S. Africa,Riverside Zoo,vulnerable,male,33.1,1001.16 kg,486.7,70,41.17,Healthy,Yes,$322.70,27/01/2024
ZA-04425,Snow Leopard,Panthera uncia,Mammal,Carnivore,Mountain,Mongolia,Riverside Zoo,VULNERABLE,Male,7.6,40.54,120.0,15,1.76,Healthy,Yes,113.18,"February 10, 2024"
ZA-04198,Sea Otter,Enhydra lutris,Mammal,Carnivore,Ocean,USA,Highland Wildlife Reserve,Endangered,Male,4.8,22.42,120.9,15,NULL,Healthy,True,69.05,28/01/2023
ZA-00547,Hippopotamus,Hippopotamus amphibius,Mammal,Herbivore,Wetland,Tanzania,Safari Park North,VU,female,9.8,unknown,353.3,40,65.46,Under Observation,Yes,1191.59,2024-02-20
ZA-03351,Scarlet Macaw,Ara macao,Bird,Herbivore,Forest,,  Coastal Aquarium & Zoo ,LC,Female,20.7,1.18,79.2,50,0.07,Healthy,No,62.24,2023-10-18
ZA-03053,Whale Shark,Rhincodon typus,Fish,Omnivore,Ocean,Mexico,Greenfield Sanctuary,Endangered,Female,33.0,8983.24,-,70,,Sick,Yes,"$2,206.84",2022-07-25
ZA-02442,Tiger,Panthera tigris,Mammal,Carnivore,Forest,Indonesia,Safari Park North,EN,Male,10.1,226.62,292.8,16,8.38,Healthy,No,$189.30,2025-05-01
ZA-03224,Hippopotamus,Hippopotamus amphibius,Mammal,Herbivore,Wetland,Tanzania,Metro City Zoo,VU,Female,23.6,1486.71,314.7,40,82.81,Healthy,N,372.12,06 May 2023
ZA-04819,Giant Panda,Ailuropoda melanoleuca,Mammal,Herbivore,Forest,China,Highland Wildlife Reserve,VU,Female,14.3,109.64,142.4,20,5.51,Healthy,Yes,$148.07,2024-12-16
ZA-02398,Orangutan,Pongo pygmaeus,Mammal,Omnivore,Forest,Malaysia,Coastal Aquarium & Zoo,CR,Female,19.8,84.55,106.1,35,3.88,Under Observation,Yes,180.49,2025-09-07
ZA-03370,OSTRICH,Struthio camelus,Bird,Omnivore ,Savanna,Kenya,Safari Park North,least concern,M,21.2,125.8,225.7,40,5.34,Healthy,Yes,162.61 USD,2023-07-07
ZA-02739,Snow Leopard,Panthera uncia,Mammal,Carnivore,Mountain,Pakistan,Coastal Aquarium & Zoo,vulnerable,M,4.0,43.55 kg,N/A,15,1.52,Healthy,Y,65.83,2022-06-16
ZA-04861,Giraffe,Giraffa camelopardalis,Mammal,HERBIVORE,Savanna,Tanzania,Riverside Zoo,VU,female,12.6,1069.26,383.6,25,67.07,Sick,Y,686.55,14/03/2024
ZA-00755,Hippopotamus,Hippopotamus amphibius,Mammal,Herbivore,Wetland ,Tanzania,Metro City Zoo,vulnerable,Male,8.3,1119.69,345.8,40,70.67,Healthy,Yes,464.8,2022-03-20
ZA-04480,Tiger,Panthera tigris,Mammal,Carnivore,Forest,India,Coastal Aquarium & Zoo,EN,na,11.4,172.71,279.3,16,6.55,Healthy,No,123.04,19 Oct 2022
ZA-04095,African Elephant,Loxodonta africana,Mammal,Herbivore,SAVANNA,Tanzania,Riverside Zoo,VU,Male,46.1,4595.63,644.2,60,241.51,Under Observation,No,1132.48,01-25-2023
ZA-02873,Flamingoe,phoenicopterus roseus,Bird,Omnivore,Wetland,Spain,Coastal Aquarium & Zoo,Least Concern,Male,11.2,3.13,113.6,30,None,INJURED,No,99.88,02 Jul 2023
ZA-01551,Lion,panthera leo,Mammal,Carnivore,Savanna,South Africa,Metro City Zoo,VU,Male,4.1,192.79,272.6,14,,Healthy,No,$133.27,08-25-2024
ZA-04088,Nile Crocodile,Crocodylus niloticus,Reptile,Carnivore,Wetland,Zambia,Riverside Zoo,LC,female,24.0,394.09,-,70,14.01,Under Observation,1,367.45,2025-04-14
ZA-03932,Bottlenose Dolphin,Tursiops truncatus,Mammal,Piscivore,Ocean,Australia,Coastal Aquarium & Zoo,Least Concern,Female,18.4,208.59,321.0,40,8.9,Healthy,No,148.77,10/02/2022
ZA-00126,Green Sea Turtle,Chelonia mydas,Reptile,HERBIVORE,Ocean,pakistan,Safari Park North,EN,N/A,24.4,132.46,103.0,80,7.24,Healthy ,No,134.86,2025-06-24
ZA-02600,Peacock,Pavo cristatus,Bird,Omnivore,Forest,India,Highland Wildlife Reserve,LEAST CONCERN,Female,8.0,5.92,195.6,20,0.3,Healthy,Yes,68.98 USD,2025-04-30
ZA-04514,Polar Bear,Ursus maritimus,Mammal,Carnivore,Arctic,Canada,-,VU,Male,4.3,379.92,227.5,25,unknown,Under Observation,Y,396.46,25/10/2024
ZA-04038,Snow Leopard,Panthera uncia,Mammal,Carnivore,Mountain,Pakistan,Metro City Zoo,Vulnerable,Male,4.8,38.22,128.2,15,1.9,Healthy,Yes,$68.61,2022-02-22
ZA-03414,Clownfish,Amphiprion ocellaris,Fish,Omnivore,Ocean,Indonesia,Coastal Aquarium & Zoo,LC,Female,3.1,0.02,8.6,8,0.0,Healthy,Yes,43.88,2023-10-16
ZA-02291,Black Rhinoceros,Diceros bicornis,Mammal,Herbivore,Savanna,South Africa,Coastal Aquarium & Zoo,CR,Male,18.2,1116850 g,352.8,40,66.76,Injured,No,628.65,03-04-2022
ZA-01600,Saltwater Crocodile,Crocodylus porosus,Reptile,Carnivore,Wetland,Indonesia,Greenfield Sanctuary,LEAST CONCERN,Male,17.4,515.66,429.1,70,24.38,Healthy,Yes,263.19,25/03/2023
ZA-02119,Asian Elephant,Elephas maximus,Mammal,Herbivore,Forest,  India ,Metro City Zoo,endangered,Female,,2460.23,511.6,60,121.71,Healthy,No,469.53,2022-01-05
ZA-03529,Giraffe,Giraffa camelopardalis,Mammal,HERBIVORE,Savanna,Namibia,Greenfield Sanctuary,Vulnerable,M,5.8,2215.8 lbs,441.4,25,60.78,Injured,True,unknown,N/A
ZA-02731,Nile Crocodile,Crocodylus niloticus,Reptile,carnivore,Wetland,Tanzania,Riverside Zoo,Least Concern,female,52.1,443.03,482.6,70,20.71,UNDER OBSERVATION,True,-,2025-08-20
ZA-02499,Bottlenose Dolphin,Tursiops truncatus,Mammal,Piscivore,Ocean,USA,Metro City Zoo,LC,Female,15.5,183.99,288.0,40,10.08,Healthy,Yes,149.12,2024-09-02
ZA-01794,Grey Wolf,Canis lupus,Mammal,Carnivore,Forest,Russia,Highland Wildlife Reserve,least concern,Male,2.9,52.24,133.3,8,na,Healthy,True,87.62,2023-06-06
ZA-01724,Leopard,Panthera pardus,Mammal,Carnivore,Forest,South Africa,Greenfield Sanctuary,VU,Male,9.6,61.3,166.5,14,2.3,Sick,Yes,$236.74,2025-02-11
ZA-01158,Giraffe,Giraffa camelopardalis,Mammal,Herbivore,Savanna,Kenya,Highland Wildlife Reserve,VU,Male,8.8,1410.73,423.7,25,86.99,Healthy,Yes,316.92,2024-07-01
ZA-01963,Emperor Penguin,Aptenodytes forsteri,Bird,Piscivore,Arctic,Antarctica,Riverside Zoo,NT,F,6.4 yrs,31.09,N/A,20,1.75,UNDER OBSERVATION,Yes,198.9,10-14-2024
ZA-02422,Tiger,Panthera tigris,Mammal,Carnivore,Forest,Indonesia,Coastal Aquarium & Zoo,EN,Male,6.2,180.61,301.4,16,6.91,Injured,Yes,433.74,05/10/2024
ZA-03066,Plains Zebra,Equus quagga,Mammal,Herbivore,Savanna,Botswana,Coastal Aquarium & Zoo,NT,Female,16.7,371.63,207.5,25,21.21,Healthy,Yes,183.87 USD,05-24-2022
ZA-03037,Golden Eagle,Aquila chrysaetos,Bird,Carnivore,Mountain,USA,Metro City Zoo,LC,Female,10.4,5.0,82.4,25,0.22,Healthy,Yes,44.58,2024-10-18
ZA-01159,Komodo Dragon,Varanus komodoensis,Reptile,Carnivore,Forest,Indonesia,Greenfield Sanctuary,EN,Female,23.3,54.64,236.3,30,1.94,Under Observation,No,210.69,2024-10-09
ZA-00634,Golden Eagle,Aquila chrysaetos,Bird,Carnivore,Mountain,Pakistan,Metro City Zoo,least concern,Male,3.8,3.37,68.1,25,0.12,Injured,Yes,104.62,2024-09-09
ZA-01417,Orangutan,Pongo pygmaeus,Mammal,Omnivore,Forest,MALAYSIA,Highland Wildlife Reserve,CR,male,26.5,90.55,110.5,35,3.55,Healthy,No,$138.46,2024-03-12
ZA-04290,Tiger,Panthera tigris,Mammal,Carnivore,Forest,India,Safari Park North,EN,male,7.7,240.86,281.3,16,8.86,Healthy,Yes,148.88,2025-03-11
ZA-02879,  Peacock ,Pavo cristatus,Bird,Omnivore,Forest,IND,Safari Park North,Least Concern,FEMALE,6.2,6.3,191.8,20,0.3,Healthy,True,86.0,2023-10-08
ZA-00508,Saltwater Crocodile,Crocodylus porosus,Reptile,Carnivore,Wetland,India,Highland Wildlife Reserve,LC,Female,na,189.99,370.9,70,6.75,Healthy,Yes,204.85,2023-06-30
ZA-03086,Sea Otter,Enhydra lutris,Mammal,Carnivore,Ocean,Canada,Metro City Zoo,endangered,Male,10.3,20130 g,116.7,15,0.8,Injured,No,225.06,2024-11-04
ZA-00245,Chimpanze,Pan troglodytes,Mammal,Omnivore,Forest,Tanzania,Coastal Aquarium & Zoo,Endangered,Female,30.4,47.18,87.3,40,1.62,Healthy,1,134.23,2022-01-22
ZA-01169,Chimpanzee,Pan troglodytes,Mammal,Omnivore,Forest,Uganda,Safari Park North,ENDANGERED,Female,,45260 g,91.2,40,na,Healthy,unknown,NULL,2025-07-07
ZA-01416,Brown Bear,Ursus arctos,Mammal,Omnivore,Forest,Canada,Highland Wildlife Reserve,LC,F,3.5,157.13,160.7,25,8.94,Healthy,Yes,None,10-21-2022
ZA-02100,Red-eyed Tree Frog,Agalychnis callidryas,Amphibian,Insectivore,  Forest ,Costa Rica,Highland Wildlife Reserve,least concern,M,1.4,0.01,7.6,5,0.0,healthy,Yes,70.96,"May 28, 2024"
ZA-04674,Bald Eagle,Haliaeetus leucocephalus,Bird,Carnivore,forest,Canada,Metro City Zoo,LC,F,9.7,4.47,88.4,25,0.19,HEALTHY,Yes,$41.46,12-26-2023
ZA-03620,Grey Wolf,Canis lupus,Mammal,carnivore,Forest,Canada,Greenfield Sanctuary,Least Concern,female,,28.34,106.9,8,1.06,Healthy,unknown,95.84,26 Mar 2025
ZA-03338,Red Kangaroo,osphranter rufus,Mammal,Herbivore,Desert,AUSTRALIA,Coastal Aquarium & Zoo,Least Concern,Male,5.9,96.0,155.6,15,NULL,Under Observation,Y,267.09,2022-01-23
ZA-00301,Whale Shark,Rhincodon typus,Fish,Omnivore,  Ocean ,Mexico,unknown,endangered,Male,47.1,10061.72,1187.3,70,461.56,Healthy,1,1048.44,07/12/2022
ZA-03456,Peacock,Pavo cristatus,Bird,Omnivore,Forest,India,Highland Wildlife Reserve,least concern,F,12.1,3.87 kg,183.8 cm,20,0.17,Healthy,Yes,75.41,2023-11-10
ZA-01853,African Elephant,Loxodonta africana,Mammal,Herbivore,Savanna,Kenya,COASTAL AQUARIUM & ZOO,vulnerable,Male,7.7,2308.51,481.3,60,154.87,Healthy,No,$284.76,2023-12-09
ZA-01704,Peacock,Pavo cristatus,Bird,Omnivore,Forest,pakistan,Safari Park North,least concern,Female,4.5,3.82,183.2,20,0.16,Injured,Y,159.2,05/01/2025
ZA-02836,Giant Panda ,Ailuropoda melanoleuca,Mammal,Herbivore,Forest,  China ,Metro City Zoo,VU,Female,5.5,95.63,146.8,20,5.67,Healthy,na,203.47,2024-02-27
ZA-04882,Giant Panda,Ailuropoda melanoleuca,Mammal,Herbivore,FOREST,China,Metro City Zoo,Vulnerable,female,3.9,82.05,134.7,20,4.91,Under Observation,Yes,259.96,2024-06-19
ZA-04862,Cheetah,Acinonyx jubatus,  Mammal ,Carnivore,Savanna,Botswana,Greenfield Sanctuary,VULNERABLE,female,5.0,47.03,125.0,12,2.11,HEALTHY,0,$101.44,28 Mar 2024
ZA-03850,Snow Leopard,Panthera uncia,Mammal,Carnivore,Mountain,Pakistan,Coastal Aquarium & Zoo,VU,Female,8.2,46.37,130.7,15,2.03,Under Observation,Yes,146.38,05-21-2023
ZA-02722,Tiger,Panthera tigris,Mammal,Carnivore,Forest,Indonesia,Metro City Zoo,Endangered,Male,6.5,252.17,310.8,16,,Under Observation,1,337.09,04-05-2023
ZA-02993,Brown Bear,Ursus arctos,Mammal,Omnivore,Forest,Canada,Riverside Zoo,LC,Female,7.6,635.0 lbs,205.3,25,15.85,Healthy,0,$190.57,11/05/2023
ZA-03759,Giant Panda,ailuropoda melanoleuca,Mammal,Herbivore,Forest,China,Greenfield Sanctuary,Vulnerable,Female,3.3,77.83,126.0,20,NULL,Healthy,Yes,114.92,13 Oct 2024
ZA-04518,African Elephant,Loxodonta africana,Mammal,Herbivore,Savanna,Tanzania,Safari Park North,VU,Female,38.2,5615.88,611.8,60,280.68,Healthy,Yes,620.17,2025-06-27
ZA-00863,Koala,Phascolarctos cinereus,Mammal,Herbivore,Forest,Australia,Safari Park North,Vulnerable,None,6.4,10.55,74.1,13,0.58,Sick,Yes,69.77,2023-02-26
ZA-03324,Plains Zebra,Equus quagga,Mammal,Herbivore,Savanna,Kenya,Coastal Aquarium & Zoo,Near Threatened,female,13.1,263.76,238.7,25,17.33,Healthy,None,131.14,2023-05-28
ZA-01884,Brown Bear,Ursus arctos,Mammal,Omnivore,Forest,USA,Riverside Zoo,Least Concern,female,7.2,264.56,187.2,25,10.05,Healthy,Yes,$174.40,23/06/2024
ZA-03497,Golden Eagle,Aquila chrysaetos,Bird,Carnivore,Mountain,Mongolia,Coastal Aquarium & Zoo,LC,Male,10.6,5.07,85.6,25,0.21,Healthy,Yes,52.96,21/07/2023
ZA-01141,LEOPARD,Panthera pardus,Mammal,Carnivore,Forest,South Africa,Greenfield Sanctuary,Vulnerable,male,3.5,N/A,178.4,14,2.88,Healthy,Yes,117.2,22/02/2025
ZA-03899,Tiger,Panthera tigris,Mammal,Carnivore,Forest,  Russia ,Greenfield Sanctuary,EN,Female,4.3,198.52,287.4,16,,Under Observation,0,180.43,2022-08-27
ZA-00936,red kangaroo,Osphranter rufus,Mammal,Herbivore,Desert,Australia,Riverside Zoo,LC,Female,9.3,64.11,135.7,15,4.1,Healthy,Yes,98.18,2023-12-09
ZA-04509,Giraff,Giraffa camelopardalis,Mammal,Herbivore,Savanna,Kenya,Riverside Zoo,VU,Female,16.2,1118.18,428.4,25,64.64,Healthy,Yes,191.95,10-09-2022
ZA-02566,Golden Eagle,Aquila chrysaetos,Bird,Carnivore,Mountain,USA,Riverside Zoo,LC,Male,2.9,3.08,68.5 cm,25,0.19,Healthy,0,46.64,16/03/2025
ZA-03475,SALTWATER CROCODILE,Crocodylus porosus,Reptile,Carnivore,Wetland,Indonesia,Coastal Aquarium & Zoo,LC,Male,57.9,-,471.9,70,na,Under Observation,-,458.97,05/06/2025
ZA-04153,Galapagos Tortoise,Chelonoidis niger,Reptile,Herbivore,Island,Ecuador,Safari Park North,VU,Male,None,245.1,125.7,100,18.24,healthy,False,173.64,2023-06-04
ZA-01882,Red Kangaroo,Osphranter rufus,Mammal,Herbivore,Desert,Australia,Highland Wildlife Reserve,LC,F,1.2,26.02,98.3,15,1.64,Injured,Yes,$237.75,10/08/2022
ZA-03866,Green Sea Turtle,chelonia mydas,Reptile,Herbivore,Ocean,Mexico,Highland Wildlife Reserve,EN,F,54.7,143.32,98.4,80,8.46,Healthy,Yes,130.52,2023-10-24
ZA-01934,Cheetah,Acinonyx jubatus,Mammal,Carnivore,Savanna,Botswana,Coastal Aquarium & Zoo,VU,female,4.2,51.59,130.6,12,2.31,Healthy,Yes,93.89 USD,2024-02-24
ZA-04241,Hippopotamus,Hippopotamus amphibius,Mammal,Herbivore,Wetland,Tanzania,Coastal Aquarium & Zoo,Vulnerable,Male,12.3,1793.90 kg,332.8,40,116.75,Under Observation,N,1086.63,2022-06-15
ZA-02611,chimpanzee,Pan troglodytes,MAMMAL,Omnivore,Forest,Congo,N/A,EN,Female,28.6,44.32,90.0,40,2.18,Healthy,1,88.47,2022-01-01
ZA-04504,Hippopotamus,Hippopotamus amphibius,Mammal,Herbivore,Wetland,-,Riverside Zoo,Vulnerable,Female,7.6,1242.97,285.5,40,77.18,SICK,Yes,579.12 USD,"April 13, 2022"
ZA-03463,Emperor Penguin,Aptenodytes forsteri,Bird,Piscivore,arctic,Antarctica,Greenfield Sanctuary,Near Threatened,Female,3.2,N/A,92.0,20,0.9,Healthy,1,82.47,2024-09-27
ZA-00397,KOALA,Phascolarctos cinereus,Mammal,Herbivore,Forest,Australia,Metro City Zoo,VU,Female,4.7,10.27,None,13,0.6,Healthy,False,71.43,"May 14, 2023"
ZA-00929,Grey Wolf,canis lupus,Mammal,Carnivore,Forest,Russia,Coastal Aquarium & Zoo,LC,Female,3.3,39.39,115.6,8,1.61,Under Observation,Yes,189.94,04-05-2023
ZA-02795,Emperor Penguin,Aptenodytes forsteri,Bird,Piscivore,Arctic,Antarctica,Highland Wildlife Reserve,Near Threatened,female,11.6,28180 g,121.5,20,NULL,Under Observation,Yes,$165.62,2022-10-05
ZA-01914,Red-eyed Tree Frog,Agalychnis callidryas,Amphibian,Insectivore,Forest,Mexico,Coastal Aquarium & Zoo,LEAST CONCERN,Female,3.0,1.0,6.4,5,,Healthy,True,30.94,2025-08-20
ZA-01815,Clownfish,Amphiprion ocellaris,Fish,Omnivore,Ocean,Philippines,Metro City Zoo,LC,Female,,0.02,8.4,8,0.0,Healthy,1,37.18,2023-12-02
ZA-00282,Plains Zebra,Equus quagga,Mammal,Herbivore,Savanna,N/A,Riverside Zoo,near threatened,Male,5.9,353.17,245.3,25,26.67,Healthy,Yes,283.56,2025-03-25
ZA-02624,Koala,Phascolarctos cinereus,Mammal,Herbivore,Forest,australia,Metro City Zoo,VU,Female,3.2,7.76,68.6,13,unknown,Healthy,Yes,$84.13,12-24-2022
ZA-03988,Koala,Phascolarctos cinereus,Mammal,Herbivore,Forest,Australia,Coastal Aquarium & Zoo,VU,Male,7.5,8.15,73.9,13,0.41,  Injured ,Yes,None,2025-05-20
ZA-02676,Koala,Phascolarctos cinereus,Mammal,Herbivore,Forest,Australia,Greenfield Sanctuary,Vulnerable,Male,3.3,9.39,77.3,13,0.62,  Healthy ,N,82.23,2025-04-14
ZA-01850,Brown Bear,Ursus arctos,MAMMAL,Omnivore,Forest,Canada,coastal aquarium & zoo,LC,Male,15.3,420.87,187.9,25,22.29,Healthy,Yes,220.58,26/02/2024
ZA-00737,Cheetah,Acinonyx jubatus,Mammal,Carnivore,Savanna,Botswana,Safari Park North,VU,Female,three,40.66,118.2,12,1.5,Healthy,No,105.28 USD,03 Apr 2023
ZA-00349,Galapagos Tortoise,Chelonoidis niger,Reptile,Herbivore,unknown,Ecuador,Riverside Zoo,Vulnerable,Female,58.5,221.08,110.3,100,11.33,Injured,Y,$248.84,2023-08-22
ZA-01579,Asian Elephant,Elephas maximus,Mammal,Herbivore,Forest,Thailand,Metro City Zoo,Endangered,Male,43.4,3942.77,533.8,60,219.95,Healthy,Yes,820.57,2023-05-03
ZA-00340,Sea Otter,Enhydra lutris,Mammal,Carnivore,Ocean,Russia,Greenfield Sanctuary,EN,male,9.0,30.39,132.0,15,1.29,Sick,No,na,24 Mar 2025
ZA-02918,Polar Bear,Ursus maritimus,Mammal,Carnivore,Arctic,Russian Federation,Highland Wildlife Reserve,Vulnerable,Female,14.0,431.61 kg,234.3,25,13.77,Injured,0,441.52,02-26-2025
ZA-00462,Axolotl,Ambystoma mexicanum,Amphibian,Carnivore,Wetland,Mexico,Riverside Zoo,critically endangered,Female,4.3,0.19,23.7,12,0.01,Healthy,No,29.98,09-14-2022
ZA-00898,Red-eyed Tree Frog,Agalychnis callidryas,Amphibian,Insectivore,Forest ,Mexico,Safari Park North,Least Concern,Female,3.0,0.01,7.0,5,0.0,Healthy,True,38.28,22/03/2022
ZA-01750,Saltwater Crocodile,Crocodylus porosus,Reptile,carnivore,Wetland,  India ,Riverside Zoo,Least Concern,Female,31.0,349.8,463.0,70,16.06,Healthy,Yes,201.84,2023-06-25
ZA-02926,Plains Zebra,Equus quagga,Mammal,Herbivore,Savanna,Tanzania,Coastal Aquarium & Zoo,Near Threatened,Female,12.3,369.05,218.2,25,19.25,Injured,Yes,-,"September 19, 2024"
ZA-02785,Komodo Dragon,Varanus komodoensis,Reptile,Carnivore,Forest,Indonesia,Metro City Zoo,EN,Female,24.9,66.55,254.1,30,2.44,Healthy,Yes,124.22,02 Jul 2022
ZA-00179,Gorilla,Gorilla gorilla,Mammal,Herbivore,  Forest ,  Uganda ,Highland Wildlife Reserve,CR,Male,7.9,145.31,176.5,35,7.52,Healthy,True,$190.97,2024-02-16
ZA-03755,Ostrich,Struthio camelus,Bird,Omnivore,Savanna,Namibia,Safari Park North,LC,,,252.3 lbs,NULL,40,7.56,Healthy,Yes,140.55,2024-02-22
ZA-02173,Koala,Phascolarctos cinereus,Mammal,Herbivore,Forest,Australia,Greenfield Sanctuary,VU,Female,10.8,8.87,76.4,13,None,Healthy,Yes,76.03,02-16-2023
ZA-03635,Green Iguana,Iguana iguana,Reptile,herbivore,Forest,Costa Rica,Highland Wildlife Reserve,LC,Female,5.3,4.28,148.1,15,0.31,Healthy,Yes,$55.99,18 May 2022
ZA-01068,Clownfish,Amphiprion ocellaris,Fish,Omnivore,Ocean,Indonesia,Safari Park North,Least Concern,Male,2.1,0.02,9.4,8,0.0,Sick,No,82.81,2023-07-09
ZA-00803,Gorilla,Gorilla gorilla,Mammal,Herbivore,Forest,UGANDA,Safari Park North,CR,Male,12.6,156.08,165.5,35,5.89,Healthy,Yes,129.48,13/06/2025
ZA-01919,Golden Eagle,Aquila chrysaetos,Bird,Carnivore,Mountain,USA,Metro City Zoo,LC,Female,16.8,5.22,82.7,25,0.25,Healthy,Yes,37.86,2024-07-22
ZA-00820,Komodo Dragon,Varanus komodoensis,Reptile,Carnivore,Forest,Indonesia,Highland Wildlife Reserve,EN,Male,14.5,82.97,266.2,30,3.21,Healthy,Y,$103.14,2024-02-07
ZA-02633,Red Kangaroo,Osphranter rufus,Mammal,Herbivore,Desert,Australia,Safari Park North,least concern,Male,10.7,69.34,152.7,15,4.19,Healthy,Yes,142.19,22/06/2024
ZA-02379,Axolotl,Ambystoma mexicanum,Amphibian,Carnivore,Wetland,Mexico,Safari Park North,CR,Male,4.8,0.22,24.7,12,0.01,-,Yes,53.19,15/07/2022
ZA-00207,Chimpanzee,Pan troglodytes,Mammal ,Omnivore,forest,Uganda,Greenfield Sanctuary,Endangered,Male,26.9,58.03,89.0,40,3.44,Healthy,Yes,150.93,2023-03-16
ZA-01052,Giraffe,Giraffa camelopardalis,Mammal,Herbivore,Savanna,Tanzania,Highland Wildlife Reserve,Vulnerable,Female,15.2,1116.99,NULL,25,58.36,Under Observation,Yes,N/A,
ZA-00452,Ostrich,Struthio camelus,Bird,Omnivore,-,S. Africa,Highland Wildlife Reserve,LC,Male,unknown,121.38,209.7,40,5.68,  Under Observation ,Yes,324.56,2023-10-10
ZA-01342,Bottlenose Dolphin,Tursiops truncatus,mammal,Piscivore,Ocean,Australia,Riverside Zoo,LC,Female,NULL,194.36,286.3,40,12.53,Healthy,Yes,$166.53,2022-07-19
ZA-04102,Asian Elephant,Elephas maximus,Mammal,Herbivore,Forest,Sri Lanka,Coastal Aquarium & Zoo,endangered,Female,32.0,3203.74,527.6,60,204.34,Injured,Y,1701.51,04-17-2025
ZA-00940,Clownfish,Amphiprion ocellaris,Fish,Omnivore,Ocean,Indonesia,Riverside Zoo,Least Concern,Male,2.3,0.02,9.2 cm,8,0.0,Healthy,N,35.9,"January 05, 2023"
ZA-00070,Red Kangaroo,Osphranter rufus,Mammal,Herbivore,Desert,Australia,Metro City Zoo,LC,Male,5.1,79.92 kg,139.6,15,5.13,Under Observation,Yes,348.93,2022-11-25
ZA-03078,giant panda,Ailuropoda melanoleuca,Mammal,Herbivore,Forest,China,unknown,Vulnerable,Female,12.2,126.13,153.8,500,8.11,Healthy,NULL,186.15,07/09/2022
ZA-02051,Galapagos Tortoise,Chelonoidis niger,Reptile,Herbivore,ISLAND,Ecuador,Greenfield Sanctuary,VU,Male,59.4,359.27,115.7,100,None,Healthy,Yes,167.06,2022-02-06
ZA-02511,Koala,Phascolarctos cinereus,Mammal,Herbivore,Forest,Australia,  Highland Wildlife Reserve ,VULNERABLE,Male,2.2,7.03,70.3,13,0.36,Healthy,Yes,$52.44,2022-08-21
ZA-02259,Komodo Dragon,Varanus komodoensis,Reptile,Carnivore,Forest,Indonesia,  Safari Park North ,EN,Female,20.6,64.23,231.9,30,2.75,  Healthy ,Y,88.09,2022-10-25
ZA-01272,Bald Eagle,Haliaeetus leucocephalus,Bird,Carnivore,N/A,USA,Highland Wildlife Reserve,LC,Male,3.2,2.93,65.5,25,0.12,Healthy,No,31.41,02 Aug 2024
ZA-01326,Grey Wolf,canis lupus,Mammal,Carnivore,Forest,Russia,Greenfield Sanctuary,LC,FEMALE,4.7,38.62,125.5,8,1.83,Healthy,No,$98.50,2024-03-24
ZA-03492,Red Kangaroo,Osphranter rufus,Mammal,Herbivore,Desert,Australia,Coastal Aquarium & Zoo,LEAST CONCERN,M,10.2,67.19 kg,133.7,15,4.31,Sick,Yes,108.97,02 Jul 2023
ZA-04039,Red Kangaroo,Osphranter rufus,Mammal,herbivore,Desert,Australia,Metro City Zoo,LC,Male,11.0,83.37,152.6,15,4.97,Healthy,Yes,156.86,01/09/2024
ZA-00572,Whale Shark,Rhincodon typus,Fish,Omnivore,Ocean,Pakistan,Highland Wildlife Reserve,EN,Female,24.5,16816.8 lbs,1041.9,70,397.27,Under Observation,No,1856.68,2022-03-09
ZA-00119,Saltwater Crocodile,Crocodylus porosus,Reptile,Carnivore,Wetland,Australia,Metro City Zoo,LC,Male,60.6,979.1 lbs,524.2,70,20.14,Under Observation,No,368.76,2025-01-29
ZA-03701,Cheetah,acinonyx jubatus,Mammal,Carnivore,Savanna,Kenya,Greenfield Sanctuary,vulnerable,Male,5.7,63.82,135.5,12,N/A,Healthy,NULL,$167.08,2022-03-01
ZA-03630,Hippopotamus,Hippopotamus amphibius,Mammal,Herbivore,Wetland,Kenya,Riverside Zoo,Vulnerable,Male,1.1,534.66,225.1,40,43.54,Healthy,No,unknown,2023-03-28
ZA-00574,Giraffe,Giraffa camelopardalis,Mammal,Herbivore,Savanna,Namibia,Metro City Zoo,Vulnerable,Female,20.9,1058.2,421.9 cm,25,69.51,Healthy,No,474.38,2022-10-07
ZA-02560,chimpanzee,Pan troglodytes,Mammal,Omnivore,Forest,Tanzania,Coastal Aquarium & Zoo,EN,Male,30.5,43.22 kg,87.1,40,1.73,Under Observation,Yes,174.43,2022-12-28
ZA-01983,Polar Bear,Ursus maritimus,Mammal,Carnivore,Arctic,USA,Riverside Zoo,VU,unknown,,543.02 kg,239.5,25,16.8,Healthy,1,199.13,14 Mar 2024
ZA-00859,Bottlenose Dolphin,Tursiops truncatus,Mammal,Piscivore,Ocean,Australia,Greenfield Sanctuary,Least Concern,Male,6.2,128.07 kg,257.6,40,6.12,Sick,1,$376.86,2025-06-06
ZA-02467,Great White Shark,Carcharodon carcharias,Fish,Carnivore,Ocean,USA,Riverside Zoo,VU,Male,55.4,1056.86,515.2,70,43.48,Injured,Y,858.88,02-17-2025
ZA-02117,Giant Panda,Ailuropoda melanoleuca,Mammal,Herbivore,Forest,China,Riverside Zoo,Vulnerable,MALE,2.3,67.12,119.7,20,4.63,Healthy,True,$115.71,2022-07-29
ZA-04636,Tiger,Panthera tigris,Mammal,Carnivore,Forest,Indonesia,Coastal Aquarium & Zoo,Endangered,N/A,7.2,213.43,301.9,16,8.7,Healthy,Yes,175.82,2024-11-03
ZA-01842,Gorilla,Gorilla gorilla,Mammal,Herbivore,Forest,Gabon,Riverside Zoo,CR,Male,26.9,170.47,181.7,35,13.4,Sick,Yes,242.04,05-29-2023
ZA-00297,Komodo Dragon,Varanus komodoensis,Reptile,Carnivore,Forest,INDONESIA,Greenfield Sanctuary,ENDANGERED,Male,21.2,72.48,269.6,30,2.74,Healthy,1,67.83,2023-08-20
ZA-02216,Axolotl,Ambystoma mexicanum,Amphibian,Carnivore,Wetland,Mexico,Riverside Zoo,critically endangered,Female,9.6,0.19,22.9,12,0.01,Injured,N/A,125.53,09-06-2025
ZA-00277,Flamingo,Phoenicopterus roseus,Bird,Omnivore,Wetland,Spain,Riverside Zoo,LC,Female,13.5,3.37,123.0,30,0.19,Healthy,True,62.9,07-10-2023
ZA-01359,Gorilla,Gorilla gorilla,Mammal,Herbivore,Forest,Uganda,Riverside Zoo,CR,Female,20.8,147.23,154.7,35,10.47,Healthy,Yes,228.08,2023-11-11
ZA-03379,Galapagos Tortoise,Chelonoidis niger,Reptile,Herbivore,Island,Ecuador,Highland Wildlife Reserve,Vulnerable,Female,83.2,221.01,117.1,100,12.46,healthy,Yes,$108.38,2024-09-03
ZA-04021,Scarlet Macaw,Ara macao,Bird,Herbivore,Forest,na,Highland Wildlife Reserve,Least Concern,Male,37.4,unknown,88.0,50,0.07,Under Observation,No,94.0,2022-10-07
ZA-01001,Ostrich,Struthio camelus,Bird ,Omnivore,Savanna,na,Coastal Aquarium & Zoo,LC,Female,27.8,127.93,201.3,40,4.05,Healthy,Yes,152.56,2025-02-13
ZA-01586,Black Rhinoceros,Diceros bicornis,Mammal,Herbivore,Savanna,Kenya,Highland Wildlife Reserve,CRITICALLY ENDANGERED,Female,18.0,1075.63,304.8,40,NULL,Healthy,No,257.96,2023-12-29
ZA-03397,Plains Zebra,Equus quagga,Mammal,Herbivore,Savanna,Kenya,Metro City Zoo,near threatened,MALE,5.4,287.56,239.8,25,16.91,Healthy,True,128.8,2024-06-01
ZA-02569,Hipopotamus,Hippopotamus amphibius,Mammal,Herbivore,Wetland,Zambia,Highland Wildlife Reserve,Vulnerable,Male,unknown,1477440 g,395.7,40,114.39,Sick,No,610.58,2025-03-02
ZA-04154,Giraffe,Giraffa camelopardalis,Mammal,Herbivore,Savanna,Namibia,Highland Wildlife Reserve,VULNERABLE,Female,21.0,1213.64,unknown,25,83.05,Healthy,Yes,540.5,30/06/2024
ZA-02962,Polar Bear,Ursus maritimus,Mammal,Carnivore,Arctic,Russia,greenfield sanctuary,Vulnerable,male,13.9,549.49,247.6,25,22.27,Healthy,Yes,273.76,"March 25, 2024"
ZA-01213,Golden Eagle,Aquila chrysaetos,Bird,Carnivore,Mountain,USA,Greenfield Sanctuary,LC,Female,8.7,4.38,81.8,25,0.15,Healthy,Yes,62.5,2022-01-18
ZA-04968,Scarlet Macaw,Ara macao,Bird,Herbivore,FOREST,Costa Rica,Riverside Zoo,LC,Male,20.2,1.02,87.7,50,0.05,Under Observation,No,128.32,04 Aug 2024
ZA-00194,Great White Shark,Carcharodon carcharias,Fish,Carnivore,Ocean,USA,Safari Park North,VU,M,32.8,1307.45,478.0,70,50.8,Healthy,Yes,608.24,03-29-2022
ZA-03257,Koala,Phascolarctos cinereus,Mammal,Herbivore,Forest,Australia,Riverside Zoo,VU,F,4.4,10.32,76.6,13,0.54,Healthy,1,74.14,2024-01-05
ZA-01855,  Cheetah ,Acinonyx jubatus,Mammal,Carnivore,Savanna,Botswana,Greenfield Sanctuary,vulnerable,Male,7.3,47.93,138.9,12,2.68,Healthy,-,84.51,2022-11-03
ZA-00496,Bottlenose Dolphin,Tursiops truncatus,Mammal,Piscivore,OCEAN,USA,NULL,LC,Male,18.4,212.73,322.0,40,10.09,Healthy,Yes,157.79,2024-05-07
ZA-02389,Saltwater Crocodile,Crocodylus porosus,Reptile,Carnivore,Wetland,Indonesia,Safari Park North,LC,Male,10.8,354.51 kg,445.6,70,15.36,Healthy,Yes,202.35,2025-02-17
ZA-04494,Koala,Phascolarctos cinereus,Mammal,Herbivore,Forest,Australia,Riverside Zoo,vulnerable,Male,unknown,13.15,71.6,13,0.79,Sick,Yes,$91.74,
ZA-01605,Red Kangaroo,osphranter rufus,Mammal,Herbivore,Desert,Australia,Greenfield Sanctuary,LC,F,5.2,63.97,140.7,15,3.92,Healthy,Yes,104.99,13/10/2024
ZA-02344,Asian Elephant,Elephas maximus,Mammal,Herbivore,Forest,Thailand,Riverside Zoo,EN,male,11.4,3120.69,504.7,60,N/A,Healthy,Yes,466.93,2024-12-06
ZA-01788,Axolotl,Ambystoma mexicanum,Amphibian,Carnivore,Wetland,Mexico,Riverside Zoo,CR,Male,two,0.22,25.6,12,0.01,HEALTHY,Yes,$66.81,20/03/2025
ZA-01741,Nile Crocodile,Crocodylus niloticus,Reptile,Carnivore,Wetland,Tanzania,Riverside Zoo,Least Concern,Female,22.1,372.42,481.2,70,12.55,Healthy,N,257.25,2023-01-07
ZA-01170,Saltwater Crocodile,Crocodylus porosus,Reptile,Carnivore,Wetland,India,Highland Wildlife Reserve,LC,Female,32.3,413470 g,509.6,70,17.46,Healthy,Yes,240.54 USD,2024-05-13
ZA-01256,Tiger,Panthera tigris,Mammal,Carnivore,Forest,Indonesia,Highland Wildlife Reserve,Endangered,Female,6.3,180.48,249.1,16,9.16,Healthy,Yes,115.87,09/12/2024
ZA-04424,Cheetah,Acinonyx jubatus,Mammal,Carnivore,Savanna,Namibia,Riverside Zoo,VU,Female,4.6,48.19,131.3,12,1.79,Healthy,Yes,$131.79,2022-08-04
ZA-04474,Leopard,Panthera pardus,Mammal,Carnivore,Forest,S. Africa,Highland Wildlife Reserve,VU,Female,7.6,60.01,175.7,14,2.14,Healthy,1,126.17,05/06/2025
ZA-02941,Giant Panda,Ailuropoda melanoleuca,Mammal,Herbivore,Forest,China,Coastal Aquarium & Zoo,VULNERABLE,Male,13.4,112.4,164.2,20,6.25,Healthy,True,129.17,2023-05-13
ZA-01309,Leopad,Panthera pardus,Mammal,Carnivore,Forest,kenya,Safari Park North,VU,Male,7.9,67.49,171.6,14,3.57,Under Observation,Yes,233.55,2022-07-23
ZA-02320,Green Sea Turtle,Chelonia mydas,Reptile,Herbivore,OCEAN,Mexico,Greenfield Sanctuary,EN,Female,36.7,135.29,102.9,80,10.75,Under Observation,Yes,221.71,2023-06-22
ZA-04191,Asian Elephant,Elephas maximus,Mammal,Herbivore,Forest,Thailand,Metro City Zoo,EN,F,19.1,3508.81,552.6,60,230.05,Healthy,Yes,588.25,2024-12-06
ZA-02944,Lionn,Panthera leo,Mammal,Carnivore,Savanna,South Africa,Metro City Zoo,Vulnerable,Male,9.2,211.6,244.7,14,None,Healthy,Yes,188.63,2024-04-10
ZA-02741,Tigr,Panthera tigris,Mammal,Carnivore,Forest,India,Riverside Zoo,Endangered,Male,4.7,225.92,285.7,16,10.21,Healthy,No,160.11,10 Sep 2024
ZA-03568,Grey Wolf,Canis lupus,Mammal,Carnivore,Forest,Canada,Riverside Zoo,Least Concern,Female,2.6,32.39,126.3,8,1.26,Under Observation,Yes,189.87,"September 02, 2024"
ZA-00136,Orangutan,Pongo pygmaeus,Mammal,Omnivore,Forest,Malaysia,Metro City Zoo,Critically Endangered,Female,26.0,69.99,112.4,35,4.41,Injured,1,308.84,2024-10-20
ZA-00978,Asian Elephant,Elephas maximus,  Mammal ,Herbivore,Forest,Thailand,Safari Park North ,EN,Female,13.4,2764.06,602.9,60,,Healthy,Yes,454.95,2024-12-17
ZA-04524,Cheetah,Acinonyx jubatus,Mammal,Carnivore,Savanna,Kenya,Greenfield Sanctuary,Vulnerable,Female,9.3,53.47,124.5,12,2.45,Healthy,Yes,169.66,2099-01-01
ZA-02209,Hippopotamus,Hippopotamus amphibius,Mammal,Herbivore,Wetland,None,Riverside Zoo,vulnerable,Female,17.4,2960.4 lbs,325.9,40,79.97,Healthy,No,$358.32,12-11-2024
ZA-02704,Hippopotamus,Hippopotamus amphibius,Mammal,Herbivore,Wetland,Zambia,Greenfield Sanctuary,vulnerable,Male,16.9,1709.52,375.6,40,unknown,Under Observation,Yes,912.6,2025-05-17
ZA-04411,Whale Shark,Rhincodon typus,Fish,Omnivore,OCEAN,Pakistan,Greenfield Sanctuary,EN,Male,15.8,9924.97 kg,1050.6,70,511.43,Healthy,Yes,740.95,2023-04-01
ZA-01813,Saltwater Crocodile,Crocodylus porosus,Reptile,Carnivore,Wetland,India,na,LC,Female,40.9,406.1,na,70,17.66,Injured,N,483.72,2022-06-10
ZA-03960,Peacock,Pavo cristatus,Bird,Omnivore,Forest,Sri Lanka,Riverside Zoo,Least Concern,Female,11.8,4.01,185.6,20,0.21,  Healthy ,False,83.35,2025-05-31
ZA-02725,Great White Shark,Carcharodon carcharias,Fish,Carnivore,Ocean,South africa,Greenfield Sanctuary,vulnerable,,25.1,1123230 g,496.6,70,,Sick,Yes,578.66 USD,2022-02-28
ZA-03910,Chimpanzee,Pan troglodytes,Mammal,Omnivore,  Forest ,Congo,Metro City Zoo,Endangered,Female,NULL,37.63,78.1,40,1.38,Under Observation,,151.55,11-22-2024
ZA-03869,Green Sea Turtle,Chelonia mydas,Reptile,Herbivore,Ocean,Australia,Highland Wildlife Reserve,EN,Female,65.9,130.01 kg,105.3,80,7.95,Healthy,1,210.46,2025-03-03
ZA-04483,Galapagos Tortoise,chelonoidis niger,Reptile,Herbivore,Island,Ecuador,Metro City Zoo,Vulnerable,Female,39.1,200.27,113.3,100,11.83,Healthy,1,163.01,2023-01-25
ZA-04581,Great White Shark,Carcharodon carcharias,Fish,Carnivore,Ocean,Australia,Safari Park North,Vulnerable,Male,41.1,2384.9 lbs,463.0,70,42.69,Under Observation,Y,$698.72,"December 12, 2023"
ZA-03505,Red Kangaroo,Osphranter rufus,MAMMAL,Herbivore,Desert,Australia,Coastal Aquarium & Zoo,LC,Female,3.0,42.59,119.8,15,2.2,Healthy,Yes,$117.71,15/06/2022
ZA-00837,Plains Zebra,Equus quagga,Mammal,Herbivore,Savanna,Tanzania,Safari Park North,Near Threatened,Male,4.0,200.1,188.9,25,11.13,Healthy,Yes,142.04,2023-09-03
ZA-01771,Orangutan,Pongo pygmaeus,Mammal,Omnivore,Forest,Malaysia,Metro City Zoo,CR,female,17.8,62.41,NULL,35,2.53,Healthy,No,110.19,None
ZA-01380,Scarlet Macaw,Ara macao,BIRD,Herbivore,Forest,Peru,Highland Wildlife Reserve,LC,Male,13.9,1.1,unknown,50,0.08,Healthy,Yes,-,13 Dec 2022
ZA-00546,Cheetah,Acinonyx jubatus,Mammal,Carnivore,SAVANNA,Botswana,Safari Park North,vulnerable,Female,5.9,47.39,124.3,12,1.88,Healthy,,$100.85,06-11-2023
ZA-00516,Giraffe,Giraffa camelopardalis,Mammal,Herbivore,Savanna,Tanzania,Metro City Zoo,VU,Male,18.8 yrs,1211.49,501.8,25,70.64,na,Yes,476.36,18 Feb 2025
ZA-03315,Hippopotamus,Hippopotamus amphibius,Mammal,Herbivore,wetland,Tanzania,Greenfield Sanctuary,vulnerable,Male,6.4,1207.79,308.1,40,71.36,Healthy,Yes,NULL,2025-07-14
ZA-02572,Koala,Phascolarctos cinereus,Mammal,Herbivore,Forest,Australia,Safari Park North,Vulnerable,Female,5.1,6.97,72.0,13,0.44,Healthy,Y,45.23,09/11/2024
ZA-04374,Polar Bear,Ursus maritimus,Mammal,Carnivore,Arctic,Russia,Riverside Zoo,Vulnerable,Male,7.5,427.63,-,25,None,Healthy,Yes,174.19 USD,04-25-2022
ZA-01286,Black Rhinoceros,Diceros bicornis,Mammal,Herbivore,Savanna,Kenya,Greenfield Sanctuary,CR,Female,10.8,886.21,337.4,40,55.18,Healthy,No,223.16,2023-01-17
ZA-04678,Bottlenose Dolphin,Tursiops truncatus,Mammal,Piscivore,Ocean,Mexico,Greenfield Sanctuary,LC,Male,17.5,175.37,336.2,40,9.76,Under Observation,Yes,347.01 USD,09/06/2023
ZA-01980,Emperor Penguin,aptenodytes forsteri,Bird,Piscivore,Arctic,Antarctica,NULL,NT,Male,5.8,28.13,113.9,20,1.56,Injured,1,$245.59,2022-02-14
ZA-02700,Tiger,Panthera tigris,Mammal,Carnivore,Forest,Russian Federation,Riverside Zoo,EN,Male,1.2,90.28,213.9,16,3.56,Under Observation,Yes,214.88,2022-04-21
ZA-00269,Snow Leopard,Panthera uncia,Mammal,Carnivore,Mountain,China,Greenfield Sanctuary,Vulnerable,Female,8.4,unknown,138.4,15,1.22,Healthy,No,62.03,23/12/2022
ZA-00018,Snow Leopard,Panthera uncia,Mammal,Carnivore,Mountain,China,Metro City Zoo,VU,Female,3.1,31.61,na,15,1.29,Healthy,Yes,88.69,07/04/2022
ZA-01152,King Cobra,Ophiophagus hannah,Reptile,carnivore,Forest,Thailand,Coastal Aquarium & Zoo,Vulnerable,male,5.1,7.21,415.9,20,None,Healthy,1,62.64,"October 17, 2022"
ZA-00779,Giant Panda,Ailuropoda melanoleuca,Mammal,Herbivore,na,China,Metro City Zoo,VU,Male,10.6,129.46,159.2,20,9.53,Healthy,-,179.7,2023-02-05
ZA-04058,Flamingo,Phoenicopterus roseus,  Bird ,Omnivore,Wetland,india,Greenfield Sanctuary,Least Concern,Female,18.6,2.72,,30,na,Under Observation,Yes,78.24,25/05/2023
ZA-00253,Tiger,Panthera tigris,mammal,  Carnivore ,Forest,Russia,Highland Wildlife Reserve,EN,Male,11.6,NULL,305.6,16,10.92,Under Observation,na,430.44,08-08-2022
ZA-00644,Emperor Penguin,Aptenodytes forsteri,Bird,Piscivore,Arctic,Antarctica,Greenfield Sanctuary,NT,Male,5.9,29.53,116.8,20,1.57,Healthy,Yes,$71.34,08-25-2024
ZA-01505,Gorilla,gorilla gorilla,Mammal,HERBIVORE,Forest,Uganda,None,CR,Male,12.0,203.02,0,35,11.75,Healthy,True,230.44,14/07/2025
ZA-02464,Giant Panda,Ailuropoda melanoleuca,Mammal,Herbivore,Forest,CHINA,Greenfield Sanctuary,Vulnerable,Female,9.9,224.3 lbs,150.1,20,5.84,Injured,unknown,$332.55,"April 12, 2025"
ZA-04972,Grey Wolf,Canis lupus,Mammal,Carnivore,Forest,Russian Federation,Highland Wildlife Reserve,LC,Female,5.5,36.4,125.7,8,1.41,Under Observation,-,174.62,25/12/2023
ZA-03958,Hippopotamus,Hippopotamus amphibius,Mammal,Herbivore,Wetland,Zambia,Coastal Aquarium & Zoo,None,FEMALE,13.0,na,unknown,40,82.41,Healthy,True,339.18,13/11/2024
ZA-03294,Hippopotamus,Hippopotamus amphibius,Mammal,Herbivore,Wetland,Tanzania,Coastal Aquarium & Zoo,Vulnerable,Female,15.7,1652.62 kg,348.9,40,93.11,Healthy,No,$272.61,2022-04-17
ZA-02574,Giant Panda,ailuropoda melanoleuca,Mammal,Herbivore,Forest,China,coastal aquarium & zoo,VU,Female,10.9,92.17,144.4,20,,Sick,Yes,196.91,10-15-2022
ZA-04437,Polar Bear,Ursus maritimus,Mammal,Carnivore,Arctic,Russia,Coastal Aquarium & Zoo,VU,Male,18.2,502.77,285.4,25,19.94,Healthy,None,191.69,2023-10-01
ZA-01512,Giraffe,Giraffa camelopardalis,Mammal,Herbivore,Savanna,Kenya,Riverside Zoo,Vulnerable,FEMALE,19.2,1142.05,459.9,25,80.01,Healthy,No,428.4,31/12/2023
ZA-03527,Koala,Phascolarctos cinereus,Mammal,Herbivore,Forest,  Australia ,Greenfield Sanctuary,Vulnerable,MALE,5.4,9.54,74.9,13,0.43,Sick,No,126.38,05-23-2022
ZA-02692,Sea Otter,Enhydra lutris,Mammal ,Carnivore,Ocean,Russia,Safari Park North,Endangered,Male,1.4,16.47,92.0,15,0.64,Injured,Yes,258.13,14/04/2022
ZA-02587,Hippopotamus,Hippopotamus amphibius,Mammal,Herbivore,  Wetland ,Zambia,Greenfield Sanctuary,VU,Female,21.4,1280.89,349.9,40,75.58,Healthy,Yes,229.43,2023-02-05
ZA-04092,Chimpanzee,Pan troglodytes,Mammal,  Omnivore ,Forest,Congo,Riverside Zoo,EN,female,10.2,38.2,85.4,40,1.53,Healthy,Yes,76.15 USD,04-04-2022
ZA-00903,Chimpanzee,Pan troglodytes,Mammal,  Omnivore ,Forest,Tanzania,Highland Wildlife Reserve,Endangered,Female,10.7,N/A,79.4,40,na,Healthy,False,$59.66,31/03/2024
ZA-03312,Asian Elephant,Elephas maximus,Mammal,Herbivore,Forest,Sri Lanka,Coastal Aquarium & Zoo,Endangered,Male,,3594.68,597.1,60,219.18,Under Observation,Yes,1144.1,02/09/2022
ZA-01390,Axolotl,Ambystoma mexicanum,Amphibian,Carnivore,Wetland,Mexico,None,Critically Endangered,Female,5.7,0.2,25.4,12,0.01,Healthy,Yes,50.96,"July 05, 2024"
ZA-03263,Clownfish,amphiprion ocellaris,Fish,Omnivore,Ocean,Philippines,Highland Wildlife Reserve,LC,F,5.8,0.02,8.4,8,0.0,Healthy,Yes,31.31,2025-05-17
ZA-00848,Cheetah,Acinonyx jubatus,Mammal,Carnivore,Savanna,Botswana,Metro City Zoo,VU,Male,9.7,52.03,unknown,12,1.72,Under Observation,0,254.09,05-24-2024
ZA-04523,Green Sea Turtle,Chelonia mydas,Reptile,Herbivore,-,Pakistan,Highland Wildlife Reserve,EN,Male,26.3,160.68,100.3,80,9.29,Healthy,No,105.92,06-02-2024
ZA-04496,Ostrich,Struthio camelus,  Bird ,Omnivore,Savanna,KENYA,na,LC,-,15.2,92.52,187.8,40,4.65,Sick,0,237.43,2023-06-24
ZA-01606,Giraff,Giraffa camelopardalis,Mammal,Herbivore,Savanna,N/A,Greenfield Sanctuary,VU,Female,6.8,1025.07,457.6,25,65.83,Healthy,Yes,509.85,2023-06-27
ZA-02454,Green Iguana,Iguana iguana,Reptile,Herbivore,FOREST,Mexico,Highland Wildlife Reserve,LC,female,NULL,4.76,148.0,15,0.32,Healthy,-,86.03,07 Apr 2022
ZA-03047,Red Kangaroo,Osphranter rufus,Mammal,Herbivore,Desert,Australia,Greenfield Sanctuary,LC,Female,4.6,58.34,131.4,15,3.58,Under Observation,No,192.69,11-03-2022
ZA-02245,Tiger,Panthera tigris,Mammal,Carnivore,Forest,Indonesia,Metro City Zoo,Endangered,Male,10.6,254.28,281.8,16,9.5,Healthy,Yes,134.7,01-06-2022
ZA-00443,Plains Zebra,Equus quagga,Mammal ,HERBIVORE,Savanna,Kenya,Highland Wildlife Reserve,Near Threatened,Male,13.6,320.9,247.4,25,16.3,Injured,Yes,595.51,2023-11-25
ZA-03614,Plains Zebra,Equus quagga,Mammal,Herbivore,Savanna,Botswana,Metro City Zoo,near threatened,male,13.7,399.06,224.6,25,20.82,Healthy,-,$243.68,2025-05-24
ZA-03276,Komodo Dragon,Varanus komodoensis,Reptile,Carnivore,Forest,Indonesia,Greenfield Sanctuary,EN,Male,22.9,74.02,284.3,30,2.57,Healthy,Yes,123.77,2024-07-05
ZA-04921,Snow Leopard,Panthera uncia,Mammal,Carnivore,Mountain,  Mongolia ,Metro City Zoo,Vulnerable,unknown,5.0,93.3 lbs,122.6,15,,Sick ,Yes,173.76,2024-10-29
ZA-00908,King Cobra,Ophiophagus hannah,Reptile,Carnivore,Forest,India,Greenfield Sanctuary,Vulnerable,Female,9.0,5.56,370.4,20,0.33,healthy,0,49.99,2023-06-14
ZA-03992,Emperor Penguin,Aptenodytes forsteri,Bird,Piscivore,Arctic,Antarctica,Coastal Aquarium & Zoo,NT,Male,8.1,36.24,121.4,20,1.88,Healthy,Yes,$80.96,03-12-2023
ZA-00235,Gorilla,Gorilla gorilla,Mammal,Herbivore,Forest,DRC,Coastal Aquarium & Zoo,critically endangered,M,8.4 yrs,181.83,170.4,35,11.79,Healthy,Yes,181.3,2025-09-06
ZA-03680,Emperor Penguin,Aptenodytes forsteri,Bird,Piscivore,Arctic,Antarctica,Metro City Zoo,near threatened,Male,NULL,26.85,127.5,20,1.51,Healthy,Yes,83.38,"March 08, 2022"
ZA-03651,Golden Eagle,Aquila chrysaetos,Bird,Carnivore,Mountain,USA,Coastal Aquarium & Zoo,least concern,M,2.6,2.26,67.0,25,0.1,Healthy,1,33.44,2023-11-03
ZA-02514,Giraffe,Giraffa camelopardalis,Mammal,Herbivore,Savanna,Kenya,Riverside Zoo,Vulnerable,female,10.8,2264.4 lbs,400.9,25,58.16,Healthy,Yes,$258.02,2022-02-02
ZA-04781,Giant Panda,Ailuropoda melanoleuca,Mammal,Herbivore,Forest,China,Riverside Zoo,vulnerable,female,14.9,106.67,143.7,20,6.08,Under Observation,Yes,$279.08,2023-08-11
ZA-02843,Plains Zebra,Equus quagga,Mammal,Herbivore,Savanna,Kenya,METRO CITY ZOO,-,M,5.8,292.06,241.5,25,16.59,Healthy,False,$324.12,2023-06-09
ZA-02125,Giant Panda,Ailuropoda melanoleuca,Mammal,Herbivore,Forest,China,Coastal Aquarium & Zoo,VU,Male,5.8,100.66,174.4,20,6.56,Healthy,Yes,155.28,2024-06-21
ZA-04458,King Cobra,Ophiophagus hannah,Reptile,Carnivore,Forest,Indonesia,Safari Park North,VU,M,5.5,8.52,371.8,20,0.42,HEALTHY,Yes,48.56,03-21-2022
ZA-02970,Giraffe,Giraffa camelopardalis,Mammal,Herbivore,Savanna,Kenya,Metro City Zoo,VU,Female,14.3,937.69,459.5,25,61.47,Healthy,N,unknown,2025-03-21
ZA-02062,Nile Crocodile,Crocodylus niloticus,Reptile,Carnivore,Wetland,Kenya,Coastal Aquarium & Zoo,least concern,Male,43.5,453.86,480.0 cm,70,20.2,Healthy,unknown,251.56,2025-08-14
ZA-00058,Leopard,Panthera pardus,Mammal,Carnivore,  Forest ,India,Riverside Zoo,VU,None,1.4,37.6,132.5,14,1.25,Healthy,Yes,77.7,08-16-2024
ZA-01473,Komodo Dragon,Varanus komodoensis,Reptile,Carnivore,Forest,Indonesia,Coastal Aquarium & Zoo,Endangered,Female,15.8,65.63,226.0,30,2.53,Under Observation,Yes,251.08,28/07/2024
ZA-03904,Cheetah,Acinonyx jubatus,Mammal,Carnivore,Savanna,BOTSWANA,Riverside Zoo,VU,Female,,53.81,122.2,12,NULL,Healthy,Yes,119.54,23 Jun 2022
ZA-02858,Emperor Penguin,Aptenodytes forsteri,Bird,Piscivore,Arctic,Antarctica,Safari Park North,near threatened,FEMALE,14.6,40.96,105.7,20,2.49,Healthy,Yes,76.19,2023-05-31
ZA-04185,King Cobra,Ophiophagus hannah,Reptile,Carnivore,Forest,India,Highland Wildlife Reserve,Vulnerable,Female,16.4,6.35,378.2,20,,  Healthy ,Yes,69.16,2025-04-16
ZA-04379,Bottlenose Dolphin,Tursiops truncatus,Mammal,Piscivore,Ocean,Australia,Highland Wildlife Reserve,LC,Female,30.9,211.54,306.4,40,9.68,Injured,Yes,633.38,19/03/2025
ZA-01475,GIANT PANDA,Ailuropoda melanoleuca,Mammal,Herbivore,Forest,China,Metro City Zoo,Vulnerable,Male,14.1,121.62,157.7,20,7.68,Under Observation,Yes,$412.56,04-03-2022
ZA-01569,Chimpanze,Pan troglodytes,Mammal,Omnivore,Forest,Congo,Greenfield Sanctuary,EN,Male,22.7,66.23,93.2,40,2.28,Healthy,Yes,213.82,07/05/2024
ZA-04814,Tiger,Panthera tigris,Mammal,Carnivore,Forest,India,Safari Park North,EN,Male,10.2,281.73,313.9,16,9.76,Sick,Yes,$312.56,01-31-2022
ZA-01590,Red Kangaroo,Osphranter rufus,Mammal,Herbivore,Desert,Australia,Metro City Zoo,LC,Male,4.1,77.46,143.8,15,4.6,Under Observation,Yes,,2023-08-24
ZA-01009,Polar Bear,Ursus maritimus,Mammal,carnivore,Arctic,USA,Safari Park North,vulnerable,Female,16.4,408.69,249.9,25,18.4,Healthy,Yes,285.19,26 Dec 2022
ZA-02765,Polar Bear,Ursus maritimus,Mammal,Carnivore,Arctic,Russia,Safari Park North,VULNERABLE,M,18.7,459.91 kg,268.8,25,,Healthy,No,NULL,2024-02-23
ZA-01580,Grey Wolf,Canis lupus,Mammal,Carnivore,Forest ,Russia,Riverside Zoo,least concern,FEMALE,1.5,29.53,120.8,8,1.22,Healthy,Yes,53.31,2025-06-02
ZA-03951,Chimpanzee,Pan troglodytes,Mammal,Omnivore,NULL,Congo,coastal aquarium & zoo,Endangered,Female,22.1,53.16,77.4,40,2.6,Healthy,Yes,111.49 USD,2025-07-09
ZA-04548,Emperor Penguin,aptenodytes forsteri,Bird,Piscivore,Arctic,antarctica,Metro City Zoo,near threatened,Male,8.1,94.3 lbs,122.6,0,1.99,Healthy,No,$92.07,31 Oct 2024
ZA-00347,Whale Shark,Rhincodon typus,Fish,Omnivore,Ocean,Australia,Greenfield Sanctuary,EN,Male,27.7,9479.43,1082.5,70,432.48,Sick,Yes,"1,897.00 USD",10-22-2024
ZA-00503,Clownfish,Amphiprion ocellaris,Fish,Omnivore,Ocean,Philippines,Safari Park North,Least Concern,Female,1.2,0.01,7.5,8,0.0,Healthy,NULL,N/A,02-25-2024
ZA-01233,Bald Eagle,Haliaeetus leucocephalus,Bird,Carnivore,Forest,USA,Greenfield Sanctuary,least concern,F,7.9,5.22,82.1,25,0.21,Healthy,Yes,58.83,09/08/2025
ZA-01644,Leopard,Panthera pardus,Mammal,Carnivore,forest,India,Riverside Zoo,VU,Female,6.0,53.38,169.1,14,2.38,Healthy,Y,$109.40,2024-03-16
ZA-00834,Peacock,Pavo cristatus,Bird,Omnivore,Forest,Sri Lanka,Metro City Zoo,LC,Female,3.6,4.4,160.7,20,0.23,  Healthy ,Yes,62.48,2024-08-03
ZA-04858,Green Iguana,Iguana iguana,Reptile,HERBIVORE,Forest,Mexico,Safari Park North,Least Concern,Female,7.2,-,N/A,15,0.22,Healthy,Y,47.14,21 Feb 2023
ZA-01363,Giraffe,Giraffa camelopardalis,Mammal,Herbivore,Savanna,Kenya,Coastal Aquarium & Zoo,VU,Male,10.7,1381.35,453.7,25,76.9,Sick,Yes,501.81,2023-02-10
ZA-01165,Asian Elephant,Elephas maximus,Mammal,Herbivore,Forest,Thailand,Greenfield Sanctuary,endangered,Male,24.1,4191.03,582.8,60,222.12,Under Observation,Yes,541.98,2025-02-07
ZA-03515,NILE CROCODILE,Crocodylus niloticus,Reptile,Carnivore,Wetland,Tanzania,Metro City Zoo,Least Concern,Male,53.5,811.7 lbs,484.7,70,14.81,Healthy,Yes,216.83,10 Dec 2022
ZA-02917,African Elephant,Loxodonta africana,Mammal,Herbivore,Savanna,S. Africa,Greenfield Sanctuary,Vulnerable,M,23.1,5063.81,640.6,60,309.8,Healthy,Yes,585.9,2023-08-28
ZA-01426,Orangutan,Pongo pygmaeus,Mammal,Omnivore,Forest,Malaysia,Coastal Aquarium & Zoo,CR,F,27.0,69.14,107.2,35,3.3,Healthy,Yes,104.42,2024-02-18
ZA-00543,Gorilla,Gorilla gorilla,Mammal,Herbivore,Forest,Gabon,Riverside Zoo,Critically Endangered,Female,24.5,151.43,162.4,35,9.9,Healthy,True,124.41 USD,2023-07-14
ZA-01492,Sea Otter,Enhydra lutris,Mammal,Carnivore,na,US,Riverside Zoo,endangered,Female,11.3,27.78,110.2,500,-,Healthy,Yes,117.9,2023-12-25
ZA-02272,Black Rhinoceros,Diceros bicornis,Mammal,Herbivore,Savanna,Kenya,Highland Wildlife Reserve,CR,Female,30.2,1115.84,374.1,40,46.81,Sick,unknown,None,2025-08-30
ZA-01667,Chimpanzee,Pan troglodytes,Mammal,Omnivore,Forest,Uganda,Metro City Zoo,EN,Male,14.2,,99.6,40,1.82,Healthy,Yes,None,22/03/2022
ZA-03830,Black Rhinoceros,Diceros bicornis,Mammal,Herbivore,Savanna,South Africa,Greenfield Sanctuary,CR,male,20.1,1156.86,344.9,40,unknown,Sick,Yes,531.41,2023-08-26
ZA-00566,King Cobra,Ophiophagus hannah,Reptile,Carnivore,Forest,India,Highland Wildlife Reserve,vulnerable,Male,5.4,7.32,409.7,20,0.25,Healthy,Yes,73.99,2022-05-26
ZA-00264,King Cobra,Ophiophagus hannah,Reptile,Carnivore,na,Thailand,Riverside Zoo,VU,female,10.0,5.93,365.6,20,0.21,Healthy,Yes,63.52,12-10-2023
ZA-02721,Axolotl,Ambystoma mexicanum,Amphibian,Carnivore,Wetland,Mexico,Safari Park North,critically endangered,Male,6.8,0.22,26.7,12,0.01,Healthy,unknown,$47.74,02-24-2024
ZA-01325,Bottlenose Dolphin,Tursiops truncatus,Mammal,Piscivore,OCEAN,United States,Highland Wildlife Reserve,least concern,Female,31.5,203.6,298.0,40,8.53,Healthy,0,169.79,16 Nov 2023
ZA-00382,African Elephant,Loxodonta africana,Mammal,Herbivore,,Tanzania,Coastal Aquarium & Zoo,VU,Female,,4125.61,578.7,60,279.56,Sick,True,1115.1,na
ZA-03979,Peacock,Pavo cristatus,Bird,Omnivore,Forest,Pakistan,Metro City Zoo,LC,Female,4.9,9.5 lbs,189.8,20,0.16,Healthy,Yes,82.5,2024-06-29
ZA-00614,Galapagos Tortoise,Chelonoidis niger,Reptile,Herbivore,Island,Ecuador,Coastal Aquarium & Zoo,VULNERABLE,Female,58.7,None,113.1,100,12.63,Healthy,True,150.29,2023-04-01
ZA-04324,Komodo Dragon,Varanus komodoensis,Reptile,Carnivore,Forest,Indonesia,Greenfield Sanctuary,Endangered,MALE,10.8,NULL,275.4,30,2.74,Healthy,Yes,145.94,30/03/2024
ZA-03059,Cheetah,acinonyx jubatus,Mammal,Carnivore,Savanna,Namibia,Highland Wildlife Reserve,Vulnerable,Male,7.3,47.74,141.7,12,2.4,Under Observation,Yes,153.37 USD,28/01/2025
ZA-03279,Giraff,Giraffa camelopardalis,Mammal,HERBIVORE,Savanna,Tanzania,Greenfield Sanctuary,Vulnerable,Female,-2.0,1061.97,408.0,25,47.21,Under Observation,Yes,641.83,07-10-2025
ZA-01103,Green Sea Turtle,Chelonia mydas,Reptile,Herbivore,Ocean,Mexico,Greenfield Sanctuary,unknown,M,51.4,142.9,113.8,80,9.43,Healthy,Yes,228.75,"July 24, 2025"
ZA-01979,Black Rhinoceros,Diceros bicornis,Mammal,Herbivore,Savanna,Namibia,Metro City Zoo,Critically Endangered,Male,9.6,1163.12,350.1,40,51.43,Healthy,No,318.39,09-01-2025
ZA-04334,Golden Eagle,aquila chrysaetos,Bird,Carnivore,Mountain,Mongolia,Riverside Zoo,Least Concern,Male,11.5,unknown,82.3,25,0.17,Under Observation,Yes,133.87,2024-10-11
ZA-02604,  Giraffe ,Giraffa camelopardalis,Mammal,Herbivore,Savanna,Tanzania,Greenfield Sanctuary,Vulnerable,Female,18.2,1313.27,None,25,77.45,na,Yes,669.79,02-21-2024
ZA-04125,Polar Bear,Ursus maritimus,Mammal,Carnivore,Arctic,None,Coastal Aquarium & Zoo,VU,Female,12.6,380.34,233.7,25,,Healthy,Yes,369.99,2024-11-07
ZA-01694,King Cobra,Ophiophagus hannah,Reptile,Carnivore,Forest,Thailand,METRO CITY ZOO,VU,Male,11.2,6.85,399.3,20,0.28,Healthy,Yes,91.86,"April 06, 2022"
ZA-01618,Gorilla,Gorilla gorilla,Mammal,Herbivore,Forest,Congo,Greenfield Sanctuary,CR,Female,18.3,149.21,169.0,35,8.69,Healthy,True,116.55,2024-10-09
ZA-00033,Brown Bear,Ursus arctos,Mammal,Omnivore,Forest,Russian Federation,Greenfield Sanctuary,LC,Female,14.1,276.77,191.7,25,17.15,Healthy,No,None,2024-04-18
ZA-03151,African Elephant,Loxodonta africana,Mammal,Herbivore,Savanna,Botswana,Coastal Aquarium & Zoo,VU,Male,24.1,4873.29,604.9,60,279.11,Injured,Yes,"$1,198.57",2024-03-19
ZA-00115,Flamingo,Phoenicopterus roseus,BIRD,Omnivore,Wetland,Spain,Riverside Zoo,LC,Female,20.4,2.6,118.0,30,0.11,Healthy,Yes,60.27,05/08/2023
ZA-03173,Golden Eagle,Aquila chrysaetos,bird,Carnivore,Mountain,Pakistan,Riverside Zoo,least concern,Female,10.3,4.00 kg,78.5,25,0.17,Healthy,Yes,unknown,2023-07-25
ZA-03159,Axolotl,Ambystoma mexicanum,Amphibian,Carnivore,Wetland,Mexico,Coastal Aquarium & Zoo,CR,Female,3.2,0.17,24.0,12,0.01,Under Observation,No,68.71,01-10-2023
ZA-00821,Komodo Dragon,Varanus komodoensis,Reptile,Carnivore,Forest,Indonesia,Coastal Aquarium & Zoo,ENDANGERED,Male,23.7,79.61,244.3,30,2.75,Healthy,Yes,90.04,2023-08-09
ZA-03798,Nile Crocodile,Crocodylus niloticus,Reptile,Carnivore,Wetland,Tanzania,Metro City Zoo,LC,Male,18.3,528.66,465.6,70,25.45,Under Observation,False,502.99,12/11/2022
ZA-01348,Red-eyed Tree Frog,Agalychnis callidryas,AMPHIBIAN,Insectivore,Forest,Mexico,Greenfield Sanctuary,Least Concern,Male,3.5,0.01,N/A,5,0.0,Healthy,Yes,27.81,2022-07-17
ZA-01099,Flamingo,Phoenicopterus roseus,Bird,Omnivore,Wetland,Spain,Safari Park North,Least Concern,Male,16.9,2.83,129.7 cm,30,0.16,Sick,Yes,120.08,24/03/2023
ZA-01364,Cheetah,Acinonyx jubatus,Mammal,Carnivore,Savanna,Namibia,Safari Park North,VU,Male,5.4,53.03,132.6,12,2.02,Healthy,Yes,109.73,2024-08-18
ZA-00394,Asian Elephant,Elephas maximus,Mammal,Herbivore,FOREST,Thailand,Coastal Aquarium & Zoo,EN,male,44.7,3286.68,589.6,60,196.8,Healthy,Yes,$536.83,
ZA-03767,Emperor Penguin,Aptenodytes forsteri,Bird,Piscivore,Arctic,Antarctica,Highland Wildlife Reserve,NT,Female,8.8,23.87,106.5,20,1.2,Healthy,Yes,52.31,19 Apr 2023
ZA-03134,Flamingo,Phoenicopterus roseus,Bird ,Omnivore,Wetland,Kenya,Coastal Aquarium & Zoo,LC,M,13.6,3.61,128.0,30,0.15,Healthy,-,$33.29,06/07/2024
ZA-04599,Brown Bear ,Ursus arctos,Mammal,Omnivore,Forest,Russia,Metro City Zoo,LC,Male,22.5,260.53,197.9,25,14.34,Healthy,-,231.47,20/04/2025
ZA-02200,Giraff,Giraffa camelopardalis,Mammal,Herbivore,Savanna,Tanzania,Riverside Zoo,vulnerable,Male,18.0,1233.65,451.3,25,65.05,Healthy,No,356.34,2025-03-31
ZA-01852,Sea Otter,Enhydra lutris,Mammal,Carnivore,Ocean,Russia,Safari Park North,EN,Female,10.0,22.3,119.0,15,0.91,healthy,Yes,61.52,2023-01-08
ZA-01523,Red-eyed Tree Frog,Agalychnis callidryas,Amphibian,Insectivore,Forest,Costa Rica,N/A,LC,-,2.7,0.01,7.1,5,0.0,Healthy,na,61.03,2024-03-30
ZA-00218,Lion,Panthera leo,Mammal,Carnivore,Savanna,South Africa,Coastal Aquarium & Zoo,Vulnerable,M,None,134.78,223.6,14,5.44,Healthy,Yes,160.85,2025-05-02
ZA-03454,Snow Leopard,Panthera uncia,Mammal,Carnivore,Mountain,Pakistan,Highland Wildlife Reserve,VU,Male,10.4,53.04,133.1,15,2.93,Healthy,Yes,90.29,03-25-2023
ZA-03254,Koala,Phascolarctos cinereus,Mammal ,Herbivore,Forest,Australia,Metro City Zoo,Vulnerable,Male,4.1,9.19 kg,78.7,13,0.5,Injured,Y,168.44,2023-10-02
ZA-00984,Ostrich,Struthio camelus,Bird,Omnivore,savanna,Kenya,Safari Park North,LC,female,29.4,108.36,208.3,40,5.71,Injured,Yes,$244.29,2023-01-21
ZA-00190,Snow Leopard,Panthera uncia,Mammal,Carnivore,Mountain,China,Riverside Zoo,Vulnerable,F,5.2,38.45,126.4,15,1.57,Under Observation,Yes,240.9,2023-07-02
ZA-04020,Whale Shark,Rhincodon typus,Fish,Omnivore,Ocean,Mexico,Greenfield Sanctuary,Endangered,Female,,7761.76,959.4,70,310.94,Healthy,Yes,563.59,26/04/2025
ZA-04312,Ostrich,Struthio camelus,Bird,Omnivore,Savanna,Kenya,Riverside Zoo,least concern,Male,18.6,102.82,211.8,40,5.08,Healthy,No,90.9,16/10/2023
ZA-01622,Nile Crocodile,Crocodylus niloticus,Reptile,Carnivore,Wetland,TANZANIA,Coastal Aquarium & Zoo,least concern,Female,39.0,429.4,438.5,70,18.34,Healthy,,142.97,2024-02-03
ZA-00554,African Elephant,Loxodonta africana,Mammal,Herbivore,savanna,Tanzania,Coastal Aquarium & Zoo,VU,Female,30.8,3791.38,640.3,500,239.14,Under Observation,Yes,945.86,2023-04-16
ZA-04419,Green Sea Turtle,Chelonia mydas,Reptile,HERBIVORE,Ocean,Pakistan,Greenfield Sanctuary,EN,Female,37.4,176.0,102.0,80,13.29,Healthy,Yes,216.32,21/08/2023
ZA-04730,Emperor Penguin,Aptenodytes forsteri,Bird,Piscivore,Arctic,Antarctica,Metro City Zoo,Near Threatened,MALE,-,unknown,117.0,20,1.62,Sick,True,182.34,2024-01-26
ZA-03100,Giraffe,Giraffa camelopardalis,Mammal,Herbivore,Savanna,Tanzania,Safari Park North,VU,Male,6.3,1164.11,486.5,25,62.83,HEALTHY,Yes,$576.69,2023-08-16
ZA-01381,Koala,Phascolarctos cinereus,Mammal,Herbivore,Forest,Australia,Safari Park North,VU,Female,7.7,8.54,74.3,13,,Under Observation,Y,163.74,2024-12-19
ZA-01254,Hippopotamus,Hippopotamus amphibius,mammal,Herbivore,Wetland,Tanzania,Riverside Zoo,VU,F,14.0,na,325.2,40,83.59,Healthy,Yes,371.21,2025-01-15
ZA-02608,Ostrich,Struthio camelus,Bird,Omnivore,Savanna,South Africa,Safari Park North,Least Concern,Male,11.4,118.7,224.5,-1,5.04,Healthy,Yes,93.49,2022-06-09
ZA-02783,Whale Shark,Rhincodon typus,Fish,Omnivore,Ocean,Australia,Highland Wildlife Reserve,EN,Male,30.8,9897.68,-,70,494.47,HEALTHY,Yes,1063.17,01 Sep 2024
ZA-03026,Chimpanze,Pan troglodytes,Mammal,Omnivore,Forest,Tanzania,metro city zoo,EN,male,five,52.67,87.7,40,2.08,NULL,Yes,249.22,31/07/2024
ZA-03318,Flamingo,Phoenicopterus roseus,Bird,Omnivore,Wetland,Spain,Metro City Zoo,Least Concern,Female,16.7,6.5 lbs,105.0,30,0.14,Healthy,No,70.04,2022-03-05
ZA-03391,Bald Eagle,Haliaeetus leucocephalus,Bird,Carnivore,Forest,USA,Highland Wildlife Reserve,LC,Male,13.7,5.0,86.8,25,0.19,Healthy,Yes,51.14,2023-06-13
ZA-00405,Peacock,Pavo cristatus,Bird,Omnivore,Forest,Pakistan,Metro City Zoo,Least Concern,F,3.5,3.44,165.5,20,0.21,Healthy,Yes,79.21,2024-09-11
ZA-01784,Komodo Dragon,Varanus komodoensis,Reptile,Carnivore,Forest,Indonesia,Coastal Aquarium & Zoo,ENDANGERED,Male,24.6,75.19,286.9,30,2.46,Healthy,Yes,78.17,2024-07-11
ZA-00667,Nile Crocodile,Crocodylus niloticus,Reptile,Carnivore,Wetland,Tanzania,Highland Wildlife Reserve,LC,Male,22.2,376.06,488.7,70,13.28,HEALTHY,Y,129.08,2024-12-04
ZA-02520,Golden Eagle,Aquila chrysaetos,Bird,Carnivore,Mountain,U.S.A.,Greenfield Sanctuary,Least Concern,Male,11.9,5.13,83.1,25,0.17,Sick,0,$87.94,2022-06-08
ZA-01414,Hippopotamus,Hippopotamus amphibius,Mammal,Herbivore,Wetland,Kenya,Metro City Zoo,VU,Female,5.9,954.15,283.8,40,55.78,Injured,Yes,730.58,2023-02-03
ZA-02634,Bald Eagle,Haliaeetus leucocephalus,Bird,Carnivore,Forest,USA,Safari Park North,LC,Female,14.4,4.51,77.2,25,0.16,Healthy,No,61.76,2024-10-25
ZA-03853,Bottlenose Dolphin,Tursiops truncatus,Mammal,Piscivore,OCEAN,Mexico,Highland Wildlife Reserve,Least Concern,Female,23.8 yrs,168.48,265.5,40,7.46,Healthy,Yes,unknown,"January 02, 2022"
ZA-01387,Lion,Panthera leo,Mammal,Carnivore,Savanna,Tanzania,Highland Wildlife Reserve,Vulnerable,unknown,11.5,169.12,229.4,14,7.79,Under Observation,Yes,305.14,04 Oct 2023
ZA-04028,Axolotl,Ambystoma mexicanum,Amphibian,Carnivore,Wetland,Mexico,Greenfield Sanctuary,CR,Male,9.2,0.22,23.4,12,0.01,Sick,Y,58.7,07/03/2025
ZA-02987,King Cobra,Ophiophagus hannah,Reptile,Carnivore,Forest,Thailand,Greenfield Sanctuary,Vulnerable,Female,13.0,6.02,408.8,20,0.25,Healthy,Yes,$66.37,02-09-2023
ZA-02061,Snow Leopard,Panthera uncia,Mammal,Carnivore,Mountain,Pakistan,Safari Park North,Vulnerable,Male,5.4,43.87,143.0,15,1.52,Healthy,Yes,42.5,"March 17, 2024"
ZA-00486,Whale Shark,Rhincodon typus,Fish,Omnivore,Ocean,Australia,Highland Wildlife Reserve,EN,Male,10.3,5854.38,860.0,70,253.86,Healthy,No,1156.23,2024-07-25
ZA-03640,Komodo Dragon,Varanus komodoensis,Reptile,carnivore,Forest,Indonesia,Safari Park North,EN,Male,5.9,47.27,na,30,1.89,Under Observation,NULL,435.62,2023-02-06
ZA-02332,Giraffe,Giraffa camelopardalis,Mammal,Herbivore,Savanna,TANZANIA,riverside zoo,VU,Male,19.2,1140.51 kg,-,25,60.04,Healthy,Yes,323.63,2023-10-05
ZA-03703,Bottlenose Dolphin,Tursiops truncatus,Mammal,Piscivore,Ocean,Mexico,Safari Park North,LC,F,30.9,190.32,289.1,40,9.11,Healthy,Yes,unknown,2025-08-10
ZA-03871,Red Kangaroo,Osphranter rufus,Mammal,Herbivore,Desert,Australia,Metro City Zoo,LC,Female,4.7,54.89,138.1,15,3.32,Healthy,unknown,133.23,2024-04-21
ZA-00872,red-eyed tree frog,Agalychnis callidryas,Amphibian,Insectivore,Forest,Costa Rica,Riverside Zoo,LC,Male,0.6,N/A,5.4,5,0.0,Healthy,Yes,34.84 USD,2022-05-17
ZA-04332,Bottlenose Dolphin,Tursiops truncatus,Mammal,Piscivore,Ocean,USA,Metro City Zoo,Least Concern,Female,,170.73,unknown,40,na,Healthy,True,217.71,2023-01-29
ZA-04554,Grey Wolf,Canis lupus,Mammal,Carnivore,Forest,Canada,Coastal Aquarium & Zoo,LC,Female,4.5,37.3,119.2,8,1.5,Healthy,No,93.7,29/09/2024
ZA-04978,Golden Eagle,Aquila chrysaetos,Bird,CARNIVORE,Mountain,Mongolia,Highland Wildlife Reserve,least concern,Male,6.5,9.1 lbs,82.1,25,0.18,Under Observation,,112.88,18/11/2023
ZA-01598,Polar Bear,Ursus maritimus,Mammal,Carnivore,Arctic,Canada,Metro City Zoo,Vulnerable,Male,6.9,None,251.6,25,18.76,Under Observation,True,410.23 USD,2023-08-20
ZA-00599,King Cobra,Ophiophagus hannah,Reptile,Carnivore,Forest,Indonesia,Safari Park North,Vulnerable,Female,16.9,7090 g,417.4,20,0.26,Healthy,Yes,80.95,2022-08-21
ZA-00159,Giraffe,Giraffa camelopardalis,Mammal,Herbivore,Savanna,Tanzania,Greenfield Sanctuary,VU,Female,12.2,unknown,479.1,25,,Healthy,Y,NULL,2023-06-12
ZA-02374,Koala,Phascolarctos cinereus,Mammal,Herbivore,Forest,Australia,Coastal Aquarium & Zoo,VU,Male,4.5,8.72,78.9,13,0.56,Healthy,1,77.2,2024-11-21
ZA-03120,CLOWNFISH,Amphiprion ocellaris,Fish,Omnivore,Ocean,Indonesia,SAFARI PARK NORTH,-,Male,3.4,None,9.4,8,0.0,Healthy,1,43.17,19 Apr 2023
ZA-04864,Peacock,Pavo cristatus,Bird,Omnivore,Forest,,GREENFIELD SANCTUARY,LC,Male,8.6,4.89,203.4,20,0.23,Healthy,Yes,64.99,2024-05-08
ZA-02677,Clownfish,Amphiprion ocellaris,Fish,Omnivore,Ocean,Philippines,Safari Park North,LC,Female,1.8,0.01,na,8,0.0,Healthy,Yes,28.61,10/10/2023
ZA-03115,Plains Zebra,Equus quagga,Mammal,Herbivore,Savanna,Tanzania,coastal aquarium & zoo,near threatened,male,13.4,346.55,239.2,25,None,Healthy,Yes,284.03,2024-05-07
ZA-02949,Golden Eagle,Aquila chrysaetos,Bird,Carnivore,Mountain,USA,Metro City Zoo,LEAST CONCERN,M,1.9,1.93,61.6,25,0.08,N/A,,59.7,21/10/2022
ZA-01124,Snow Leopard,Panthera uncia,Mammal,carnivore,Mountain,China,Safari Park North,Vulnerable,Female,8.4,33.08,116.2,15,1.32,Healthy,Yes,74.46,2022-02-16
ZA-04617,Tiger,Panthera tigris,Mammal,Carnivore,Forest,Indonesia,Greenfield Sanctuary,Endangered,Male,2.4,146.2,251.4,16,6.39,Sick,No,198.03,2024-01-06
ZA-00227,Snow Leopard,Panthera uncia,Mammal,Carnivore,Mountain,Pakistan,N/A,Vulnerable,M,11.6,41.64,131.8,15,2.12,Sick,Yes,201.73,2024-08-20
ZA-03550,Nile Crocodile,Crocodylus niloticus,Reptile,Carnivore,Wetland,Tanzania,Riverside Zoo,least concern,male,34.7,503.94,494.4,70,20.95,Healthy,Y,232.99,2023-10-02
ZA-02817,Chimpanzee,Pan troglodytes,Mammal,Omnivore,Forest,Tanzania,Metro City Zoo,EN,Male,16.9,54.47,95.9,40,2.17,Healthy,N,119.13,2024-01-31
ZA-00556,Scarlet Macaw,Ara macao,Bird,Herbivore,forest,Peru,Greenfield Sanctuary,LC,NULL,17.7,0.93,82.7,50,0.06,Healthy,,78.86,25 Dec 2024
ZA-02751,Lion,Panthera leo,Mammal,carnivore,Savanna,Kenya,Highland Wildlife Reserve,Vulnerable,male,8.9,163.32,247.5,14,,Healthy,1,156.31,"February 23, 2025"
ZA-03369,Tigar,Panthera tigris,Mammal,Carnivore,Forest,India,Coastal Aquarium & Zoo,EN,M,7.7,189.16,282.3,16,5.83,Injured,False,unknown,2025-01-03
ZA-02451,Gorilla,Gorilla gorilla,Mammal,Herbivore,Forest,Uganda,Coastal Aquarium & Zoo,CR,male,18.4,191.17,193.8,35,None,Healthy,Yes,181.31,2024-07-08
ZA-02951,Green Sea Turtle,Chelonia mydas,Reptile,Herbivore,Ocean,Pakistan,Highland Wildlife Reserve,EN,F,26.2,unknown,109.6,80,8.53,healthy,Yes,139.0,14/01/2024
ZA-02788,Nile Crocodile,Crocodylus niloticus,Reptile,Carnivore,Wetland,Kenya,Coastal Aquarium & Zoo,LC,Female,40.2,438.09,452.8,70,19.06,Healthy ,Yes,148.47,"April 07, 2025"
ZA-00708,Nile Crocodile,Crocodylus niloticus,Reptile,Carnivore,Wetland,Zambia,Riverside Zoo,Least Concern,MALE,41.9,496.93,468.3,70,12.12,Injured,False,530.08,03/07/2024
ZA-04343,Red Kangaroo,Osphranter rufus,Mammal,Herbivore,Desert,Australia,Riverside Zoo,Least Concern,Female,6.9,63.89,147.7,15,,Healthy,1,116.91,2023-05-16
ZA-04632,Asian Elephant,Elephas maximus,Mammal,Herbivore,Forest,Thailand,Safari Park North,EN,Female,44.2,na,487.8,60,208.21,Healthy,Yes,548.25,"September 06, 2024"
ZA-04426,Cheetah,Acinonyx jubatus,Mammal,Carnivore,Savanna,Botswana,Highland Wildlife Reserve,Vulnerable,Female,6.7,47.3,126.5,12,2.12,Healthy,Yes,$95.42,03-11-2022
ZA-02435,Asian Elephant,Elephas maximus,Mammal,Herbivore,Forest,Thailand,Coastal Aquarium & Zoo,Endangered,Female,,3616.99,-,60,-,Healthy,Yes,431.37,2023-10-14
ZA-01172,Bald Eagle,Haliaeetus leucocephalus,Bird,Carnivore,Forest,Canada,Greenfield Sanctuary,Least Concern,Female,17.8,None,82.5,25,0.17,Healthy,Yes,55.29,04-02-2025
ZA-01456,King Cobra,Ophiophagus hannah,Reptile,Carnivore,Forest,Thailand,Metro City Zoo,Vulnerable,M,7.9,5.58,410.8,20,0.22,Under Observation,Yes,94.09,07/09/2025
ZA-03470,Whale Shark,Rhincodon typus,Fish,Omnivore,Ocean,Mexico,Highland Wildlife Reserve,EN,M,19.9,9702.87,1010.9,70,534.8,Healthy,No,1429.79,12-09-2022
ZA-04898,Emperor Penguin,Aptenodytes forsteri,Bird,piscivore,Arctic,Antarctica,Safari Park North,NT,Male,4.7,26.59,116.3,20,1.21,Healthy,Yes,$71.34,2025-02-28
ZA-03764,African Elephant,Loxodonta africana,Mammal,Herbivore,Savanna,Tanzania,Highland Wildlife Reserve,VU,Male,16.4,4785.35 kg,594.8,60,282.06,Under Observation,1,"$1,405.31",2022-03-13
ZA-00327,Flamingo,Phoenicopterus roseus,Bird,Omnivore,Wetland,Kenya,Coastal Aquarium & Zoo,LC,MALE,9.4,3.14,118.0,30,na,N/A,Y,45.35,2025-03-18
ZA-03183,Scarlet Macaw,Ara macao,Bird,Herbivore,Forest,Peru,HIGHLAND WILDLIFE RESERVE,least concern,Female,33.6,0.96,76.4,50,0.07,Healthy,Yes,52.67,2024-08-08
ZA-00477,Komodo Dragon ,Varanus komodoensis,Reptile,Carnivore,Forest,Indonesia,Coastal Aquarium & Zoo,ENDANGERED,Female,3.2,43.09,173.9,30,,Healthy,Yes,90.47,01-16-2022
ZA-04172,Red Kangaroo,Osphranter rufus,Mammal,Herbivore,Desert,  Australia ,Metro City Zoo,LC,Male,3.0,61.85,131.9,15,3.75,Healthy,Yes,119.54,2023-02-27
ZA-02740,Leopard,Panthera pardus,Mammal,Carnivore,Forest,KENYA,Greenfield Sanctuary,VU,Male,6.0,64.49,172.9,14,na,Healthy,Yes,117.05,2023-11-19
ZA-02753,Clownfish,Amphiprion ocellaris,Fish,Omnivore,Ocean,Philippines,Riverside Zoo,Least Concern,Male,3.7,0.02,9.6,8,,Healthy,Yes,51.48,2023-02-13
ZA-03689,Saltwater Crocodile,Crocodylus porosus,Reptile,Carnivore,Wetland,India,None,LC,Female,59.6,N/A,427.1,70,18.22,Healthy,Yes,188.97,04-11-2024
ZA-04259,Flamingo,Phoenicopterus roseus,Bird,Omnivore,Wetland,kenya,Coastal Aquarium & Zoo,Least Concern,Male,22.8,3.44,124.9,30,0.19,Under Observation,Yes,,13/08/2024
ZA-01420,Saltwater Crocodile,Crocodylus porosus,Reptile,carnivore,Wetland,india,Riverside Zoo,LC,Male,21.8,536.8,496.7,70,22.81,Healthy,1,$133.14,28 Dec 2022
ZA-03895,Giant Panda,Ailuropoda melanoleuca,Mammal,Herbivore,Forest,China,Coastal Aquarium & Zoo,Vulnerable,Male,3.1,69.68 kg,134.9,20,3.22,Healthy,Yes,127.82 USD,2023-09-01
ZA-03953,Plains Zebra,Equus quagga,Mammal,Herbivore,Savanna,Tanzania,Riverside Zoo,NT,Female,11.9,289.55,217.0,25,19.35,Sick,Yes,422.68,2024-09-24
ZA-04010,Great White Shark,Carcharodon carcharias,Fish,Carnivore,ocean,Australia,Safari Park North,Vulnerable,Female,28.4 yrs,1059.78,427.5,70,43.5,Under Observation,1,$567.45,22/08/2023
ZA-00524,Emperor Penguin,Aptenodytes forsteri,Bird,Piscivore,Arctic,Antarctica,Safari Park North,NT,Female,2.7,17.84,92.0,20,1.06,Healthy,Yes,74.97,"December 06, 2024"
ZA-00993,Red-eyed Tree Frog,Agalychnis callidryas,Amphibian,insectivore,Forest,Mexico,Greenfield Sanctuary,LC,M,2.8,0.01,7.2,5,0.0,Under Observation,Yes,70.98,2022-02-18
ZA-04576,Snow Leopard,Panthera uncia,Mammal,Carnivore,Mountain,Mongolia,Safari Park North,Vulnerable,Male,8.2,46.47,137.3,15,1.7,Under Observation,No,144.98,2023-10-11
ZA-01831,orangutan,Pongo pygmaeus,Mammal,Omnivore,Forest,Malaysia,Riverside Zoo,CR,Female,31.1,59.83,106.0,35,2.38,Under Observation,Yes,188.4,05-07-2023
ZA-02298,Bald Eagle,Haliaeetus leucocephalus,Bird,Carnivore,Forest,Canada,Highland Wildlife Reserve,LC,Female,14.0,4.71,83.5,25,0.2,Healthy,0,63.13,2022-06-07
ZA-00731,Bald Eagle,Haliaeetus leucocephalus,Bird,Carnivore,Forest,USA,Greenfield Sanctuary,Least Concern,Female,11.9,5.67,80.9,25,0.27,Under Observation,No,$117.30,2025-02-17
ZA-03698,Nile Crocodile,Crocodylus niloticus,Reptile,carnivore,WETLAND,Tanzania,Riverside Zoo,least concern,Female,27.6 yrs,354.88,443.6,70,18.11,Healthy,Yes,-,20/06/2024
ZA-04284,Grey Wolf,Canis lupus,Mammal,Carnivore,Forest,Russia,coastal aquarium & zoo,LC,female,6.2,30.55,123.3,8,1.77,Healthy,Yes,122.28,10-05-2023
ZA-02367,Giraffe,Giraffa camelopardalis,Mammal,Herbivore,Savanna,Tanzania,Greenfield Sanctuary,vulnerable,Female,2.2,754.1,323.2,25,63.71,Healthy,Yes,430.73,2023-11-29
ZA-01454,Chimpanzee,Pan troglodytes,Mammal,Omnivore,Forest,Congo,Metro City Zoo,endangered,Female,26.7,36.78,93.8,40,1.65,Healthy,Yes,85.31,2022-07-09
ZA-01940,  King Cobra ,Ophiophagus hannah,  Reptile ,Carnivore,Forest,Indonesia,Riverside Zoo,Vulnerable,Female,7.5,14.2 lbs,394.0,20,0.26,Under Observation,Yes,$108.33,2025-06-23
ZA-01397,Bottlenose Dolphin,Tursiops truncatus,Mammal,Piscivore,Ocean,MEXICO,Metro City Zoo,Least Concern,Male,21.5,236.74,313.2,40,10.63,Healthy,Yes,288.21,2022-05-03
ZA-00752,Plains Zebra,Equus quagga,Mammal,Herbivore,Savanna,Botswana,Highland Wildlife Reserve,Near Threatened,Male,11.4,409.86,222.0,25,24.22,Sick,Yes,388.54,2024-02-20
ZA-03810,Chimpanzee,Pan troglodytes,Mammal,  Omnivore ,Forest,Uganda,Metro City Zoo,ENDANGERED,Female,28.8,42.7,85.7,40,1.85,Healthy ,Yes,109.95,24/02/2023
ZA-00489,Giraffe,Giraffa camelopardalis,Mammal,Herbivore,Savanna,Kenya,Coastal Aquarium & Zoo,Vulnerable,Female,na,1143.65,434.2,25,68.49,Healthy,Yes,$380.88,2022-04-14
ZA-02312,Brown Bear,Ursus arctos,Mammal,Omnivore,Forest,Canada,Greenfield Sanctuary,LC,Female,19.5,237.15,204.8,25,10.34,Healthy,No,173.26,16/02/2024
ZA-01017,Grey Wolf,Canis lupus,Mammal,Carnivore,Forest,Canada,Greenfield Sanctuary,least concern,Male,7.0,39.64,134.1,8,1.52,  Healthy ,No,135.63,09-25-2022
ZA-02107,Clownfish,Amphiprion ocellaris,Fish,Omnivore,Ocean,Indonesia,  Coastal Aquarium & Zoo ,Least Concern,Male,3.6,0.02,9.0,8,0.0,Healthy,0,52.07,2025-04-17
ZA-03399,Golden Eagle,Aquila chrysaetos,Bird,Carnivore,Mountain,Pakistan,Coastal Aquarium & Zoo,LC,Male,8.2 yrs,6.52,87.5,25,0.29,NULL,No,$64.45,2025-06-04
ZA-02576,Grey Wolf,Canis lupus,Mammal,Carnivore,Forest,U.S.A.,Metro City Zoo,LC,Male,3.0,33.5,129.2,8,N/A,Healthy,No,102.72 USD,10-01-2024
ZA-02655,Cheetah,Acinonyx jubatus,Mammal,Carnivore,Savanna,Botswana,Safari Park North,VU,MALE,3.5,45.43,134.7,12,2.55,Healthy,Y,205.95,12-03-2023
ZA-02004,Clownfish,Amphiprion ocellaris,Fish,Omnivore,Ocean,Indonesia,Metro City Zoo,LC,Female,1.9,0.02,7.7,8,0.0,Healthy,Yes,$46.97,12/11/2024
ZA-04497,King Cobra,Ophiophagus hannah,Reptile,Carnivore,Forest,india,Metro City Zoo,vulnerable,Female,8.5,4.96,394.5,20,0.18,Healthy,Y,72.24,2023-05-06
ZA-04196,Black Rhinoceros,Diceros bicornis,Mammal,Herbivore,Savanna,Namibia,Safari Park North,Critically Endangered,Female,13.1,982.12,346.9,40,,Injured,Yes,na,02/01/2025
ZA-03382,Ostrich,Struthio camelus,Bird,Omnivore,Savanna,Kenya,Coastal Aquarium & Zoo,LC,female,24.2,114.79,218.3,40,5.3,Under Observation,N,291.26,2024-01-27
ZA-00618,Golden Eagle,Aquila chrysaetos,Bird,Carnivore,Mountain,Pakistan,coastal aquarium & zoo,LC,Male,7.8,4.56,85.6,25,0.17,Healthy,1,62.81,2022-08-16
ZA-01725,Lion,Panthera leo,Mammal,Carnivore,Savanna,Tanzania,Riverside Zoo,VU,F,10.6,155.55,229.5,14,6.83,Healthy,None,173.75,20/07/2024
ZA-00011,African Elephant,Loxodonta africana,Mammal,Herbivore,Savanna,Botswana,Riverside Zoo,VU,Female,1.4,N/A,370.9,60,70.97,Healthy,Yes,382.86,01-09-2022
ZA-02201,Lion,Panthera leo,Mammal,Carnivore,Savanna,S. Africa,Riverside Zoo,VU,Female,,172.38,250.2,14,6.69,Healthy,Y,282.71,22/08/2025
ZA-02098,Saltwater Crocodile,Crocodylus porosus,Reptile,Carnivore,Wetland,Indonesia,Greenfield Sanctuary,Least Concern,Female,10.4,290.31,388.7,70,12.79,Injured,Yes,442.04,26/01/2023
ZA-00979,Red Kangaroo,Osphranter rufus,Mammal,Herbivore,Desert,Australia,Greenfield Sanctuary,Least Concern,Female,9.5,125.4 lbs,125.4,15,3.12,Healthy,No,108.41,13/01/2025
za-02273,Cheetah,Acinonyx jubatus,Mammal,Carnivore,Savanna,Botswana,Metro City Zoo,VU,Female,9.3,51.54,112.5,12,2.06,healthy,No,125.16,16/05/2024
ZA-00775,Red-eyed Tree Frog,agalychnis callidryas,  Amphibian ,Insectivore,FOREST,Mexico,Metro City Zoo,LC,Female,3.0,0.01,7.2,5,None,Sick,No,77.0,2024-04-25
ZA-00760,Komodo Dragon,Varanus komodoensis,Reptile,Carnivore,Forest,Indonesia,Safari Park North,endangered,Male,None,65.06,259.4,30,2.47,Healthy,Yes,94.18,2023-12-29
ZA-01612,Polar Bear,Ursus maritimus,Mammal,Carnivore,Arctic,USA,Riverside Zoo,VU,Female,13.4,389.39,247.3,25,16.32,Healthy,Yes,193.62,18/02/2023
ZA-04665,Giraffe,Giraffa camelopardalis,Mammal,Herbivore,Savanna,Kenya,Coastal Aquarium & Zoo,VU,Male,9.6,-,439.5,25,unknown,Injured,N,771.52,2023-06-22
ZA-02221,Clownfish,Amphiprion ocellaris,Fish,OMNIVORE,Ocean,Indonesia,Highland Wildlife Reserve,LC,Male,3.1,0.02,9.4,8,0.0,HEALTHY,Y,29.45,18/06/2023
ZA-04446,Saltwater Crocodile,Crocodylus porosus,Reptile,Carnivore,Wetland,IND,Greenfield Sanctuary,LC,Male,38.0,547.06,487.3,70,19.63,Healthy,Yes,311.18,10-18-2024
ZA-02076,Giant Panda,Ailuropoda melanoleuca,Mammal,Herbivore,Forest,China,Metro City Zoo,VU,Male,7.2,94.87,148.1,20,6.24,Healthy,Yes,73.03,"February 06, 2024"
ZA-00111,red-eyed tree frog,Agalychnis callidryas,Amphibian,Insectivore,Forest,Mexico,Riverside Zoo ,Least Concern,Male,2.6,0.01,None,5,0.0,Healthy,Y,44.47,04-04-2023
ZA-04680,Orangutan,Pongo pygmaeus,Mammal,Omnivore,FOREST,Indonesia,Riverside Zoo,Critically Endangered,Male,23.8,137.6 lbs,107.8,35,N/A,Healthy,Yes,134.42,2022-09-24
ZA-04395,Bald Eagle,Haliaeetus leucocephalus,Bird,Carnivore,Forest,Canada,Greenfield Sanctuary,LC,Female,3.8,3.66,69.6,25,0.21,HEALTHY,0,$48.66,2022-05-31
ZA-00491,Scarlet Macaw ,Ara macao,Bird,Herbivore,Forest,Costa Rica,Riverside Zoo,LC,M,30.0,0.95,89.2,50,0.05,Injured,Yes,88.37,2023-05-03
ZA-01191,Bald Eagle,Haliaeetus leucocephalus,Bird,Carnivore,forest,US,  Greenfield Sanctuary ,-,F,22.6,4.28,77.6,25,0.22,,True,77.83,2023-06-30
ZA-03912,Great White Shark,Carcharodon carcharias,Fish,Carnivore,Ocean,Australia,Highland Wildlife Reserve,Vulnerable,Female,24.1,928.08,462.1,70,45.32,sick,No,812.63,2022-02-20
ZA-04725,Giant Panda,Ailuropoda melanoleuca,Mammal,Herbivore,Forest,China,Coastal Aquarium & Zoo,Vulnerable,Female,9.0,77.15,149.5,20,3.87,Healthy,Yes,128.07,2023-03-11
ZA-01480,GIRAFFE,Giraffa camelopardalis,Mammal,Herbivore,Savanna,Kenya,Riverside Zoo,Vulnerable,female,5.8,1094.5,433.7,25,49.61,Injured,Yes,913.9,25/01/2025
ZA-02689,Green Iguana,iguana iguana,Reptile,Herbivore,Forest,Mexico,  Metro City Zoo ,LC,M,9.2,5.75,153.7,15,0.31,Healthy,Yes,53.38,08 Aug 2022
ZA-03034,King Cobra,Ophiophagus hannah,Reptile,  Carnivore ,  Forest ,India,Metro City Zoo,VU,Male,17.6,7.43,392.4,20,na,Healthy,Yes,73.69,"August 06, 2025"
ZA-01907,Axolotl,Ambystoma mexicanum,Amphibian,Carnivore,Wetland,  Mexico ,Coastal Aquarium & Zoo,critically endangered,Female,6.0,0.19,22.8,12,,Healthy,Yes,$39.96,31/10/2022
ZA-04537,Lion,Panthera leo,Mammal,Carnivore,Savanna,South Africa,Safari Park North,Vulnerable,Male,3.5,170.79,248.2,14,6.52,Healthy,Yes,147.5,08/06/2025
ZA-01299,Black Rhinoceros,Diceros bicornis,Mammal,Herbivore,Savanna,South Africa,Metro City Zoo,Critically Endangered,Male,22.7,1406.9,377.5,40,99.39,Healthy,Y,$480.99,12/02/2023
ZA-02073,  Golden Eagle ,Aquila chrysaetos,Bird,Carnivore,Mountain,usa,Coastal Aquarium & Zoo,Least Concern,Female,8.3,4.52,80.9,25,0.19,Injured,N/A,126.81,2024-12-24
ZA-04742,Axolotl,Ambystoma mexicanum,Amphibian,Carnivore,Wetland,Mexico,Greenfield Sanctuary,Critically Endangered,Female,7.1,0.21,22.8,12,0.01,Healthy,Yes,$59.30,2025-02-23
ZA-00072,Giraffe,Giraffa camelopardalis,Mammal,Herbivore,Savanna,Namibia,Greenfield Sanctuary,VU,Male,3.9,717.03,418.2,25,42.84,Healthy,Yes,202.62,04-29-2024
ZA-04992,Asian Elephant,Elephas maximus,Mammal,Herbivore,Forest,Sri Lanka,Coastal Aquarium & Zoo,EN,Female,unknown,2879.3,574.5,60,135.19,Sick,N,839.73,-
ZA-03814,Golden Eagle,Aquila chrysaetos,Bird,Carnivore,MOUNTAIN,Pakistan,Metro City Zoo,Least Concern,F,15.6,10.7 lbs,79.2,25,0.24,Healthy,1,$55.86,08-14-2022
ZA-01853,African Elephant,Loxodonta africana,Mammal,Herbivore,Savanna,Kenya,COASTAL AQUARIUM & ZOO,vulnerable,Male,7.7,2308.51,481.3,60,154.87,Healthy,No,$284.76,2023-12-09
ZA-01943,Polar Bear,Ursus maritimus,Mammal,Carnivore,Arctic,Canada,Safari Park North,VU,F,18.1,508.32,253.5,25,21.53,Healthy,Yes,355.65 USD,29/06/2024
ZA-01255,Black Rhinoceros,Diceros bicornis,Mammal,Herbivore,Savanna,South Africa,Coastal Aquarium & Zoo,CR,Male,18.6,1166.24,368.8,40,,Healthy,0,424.29,21/01/2024
ZA-02538,Leopard,Panthera pardus,Mammal,Carnivore,Forest,South Africa,Greenfield Sanctuary,VU,Female,7.6,58.73,170.3,14,2.21,Healthy,Yes,131.29,14 May 2023
ZA-00185,Axolotl,Ambystoma mexicanum,Amphibian,Carnivore,Wetland,N/A,Metro City Zoo,CR,M,2.4,0.19,23.2,12,0.01,Healthy,Y,66.1,03-03-2023
ZA-00825,Red-eyed Tree Frog,Agalychnis callidryas,Amphibian,Insectivore,Forest,Mexico,Highland Wildlife Reserve,Least Concern,Female,2.7,0.01,N/A,5,0.0,Healthy,Yes,na,01/01/2023
ZA-00387,Galapagos Tortoise,Chelonoidis niger,Reptile,Herbivore,Island,Ecuador,Coastal Aquarium & Zoo,VU,F,73.2,213.28,122.1,100,10.17,Healthy,1,152.45,2022-06-25
ZA-01720,Plains Zebra,Equus quagga,Mammal,Herbivore,Savanna,Tanzania,None,near threatened,Female,7.9,331.75,230.6,25,18.76,Healthy,Yes,$211.64,None
ZA-04890,Saltwater Crocodile,Crocodylus porosus,Reptile,carnivore,Wetland,Indonesia,Highland Wildlife Reserve,Least Concern,Female,23.8,513.77,469.4,70,18.46,Sick,Yes,311.55,25 Sep 2022
ZA-03925,Tiger,Panthera tigris,mammal,Carnivore,Forest,Indonesia,Greenfield Sanctuary,endangered,Male,4.1,237.57,292.4,16,None,Injured,Yes,$455.77,14/03/2025
ZA-03706,Polar Bear,Ursus maritimus,Mammal,carnivore,Arctic,USA,Greenfield Sanctuary,Vulnerable,male,13.8,466.09,242.5,25,19.2,Healthy,Yes,118.65,16/03/2022
ZA-00469,Leopard,Panthera pardus,Mammal,Carnivore,Forest,South Africa,Riverside Zoo,Vulnerable,Female,,47.98,153.0,14,1.9,Under Observation,Yes,277.8,2025-04-02
ZA-01419,Black Rhinoceros,Diceros bicornis,Mammal,Herbivore,Savanna,Namibia,Highland Wildlife Reserve,Critically Endangered,Male,21.1,1525.66,320.2,40,99.26,Healthy,Yes,$542.90,2025-05-21
ZA-03172,Nile Crocodile,Crocodylus niloticus,reptile,Carnivore,Wetland,Tanzania,Coastal Aquarium & Zoo,Least Concern,Female,16.1,337.24,436.1,70,None,Healthy,N,$258.38,2024-10-22
ZA-00537,Bald Eagle,Haliaeetus leucocephalus,Bird,Carnivore,Forest,Canada,Highland Wildlife Reserve,Least Concern,Female,15.7,4.38 kg,76.8,25,0.19,Healthy,1,66.36,2024-10-25
ZA-04691,Axolotl,Ambystoma mexicanum,Amphibian,Carnivore,Wetland,Mexico,Metro City Zoo,CR,M,5.5,0.18,25.0,12,0.01,Healthy,No,78.24,30 Jan 2022
ZA-00342,NILE CROCODILE,Crocodylus niloticus,Reptile,Carnivore,Wetland,Tanzania,Coastal Aquarium & Zoo,LC,Male,-,857.0 lbs,490.0,70,16.15,unknown,Yes,478.09,2024-06-15
ZA-04263,Hippopotamus,hippopotamus amphibius,Mammal,Herbivore,Wetland,Kenya,Metro City Zoo,vulnerable,Male,17.3,151025.0,343.3,40,69.72,Healthy,1,370.42,"June 30, 2025"
ZA-03062,Whale Shark,Rhincodon typus,Fish,Omnivore,Ocean,Pakistan,Metro City Zoo,EN,Female,51.4,10199.2,1054.2,70,,Healthy,1,911.07,06 Jun 2025
ZA-04048,Lion,Panthera leo,Mammal,Carnivore ,Savanna,S. Africa,Coastal Aquarium & Zoo,VU,MALE,8.5,196.18,263.3,14,7.06,Healthy,Y,254.92,2022-02-01
ZA-01996,Great White Shark,Carcharodon carcharias,Fish,Carnivore,Ocean,USA,Coastal Aquarium & Zoo,VU,M,21.3,1103.49 kg,509.0,70,,Healthy,Y,357.2,2023-07-21
ZA-02606,Komodo Dragon,Varanus komodoensis,Reptile,Carnivore,Forest,Indonesia,Coastal Aquarium & Zoo,EN,Male,,79.06,273.7,30,,Healthy,Yes,,2022-05-25
ZA-01620,Cheetah,Acinonyx jubatus,Mammal,Carnivore,Savanna,Namibia,Metro City Zoo,Vulnerable,F,6.9,57.57,123.1,12,2.06,Sick,Yes,$215.75,2023-02-12
ZA-03522,Red-eyed Tree Frog,agalychnis callidryas,Amphibian,Insectivore,Forest,Mexico,Metro City Zoo,LC,Female,3.1,0.01,6.9,5,0.0,Healthy,True,37.68,2025-03-18
ZA-04541,Nile Crocodile,Crocodylus niloticus,Reptile,Carnivore,Wetland,Zambia,Coastal Aquarium & Zoo,LC,Female,30.6,417.43,478.3,70,19.85,Sick,Yes,397.68,03/11/2023
ZA-03042,Ostrich,Struthio camelus,Bird,Omnivore,Savanna,Kenya,  Metro City Zoo ,least concern,male,13.3,102660 g,220.1,40,,Healthy,Yes,92.93,2025-07-16
ZA-04698,Snow Leopard,Panthera uncia,Mammal,Carnivore,Mountain,Mongolia,Safari Park North,Vulnerable,Male,12.9,52.3,136.5,15,2.03,Healthy,No,$84.33,2024-09-15
ZA-01928,RED KANGAROO,Osphranter rufus,Mammal,Herbivore,Desert,Australia,Greenfield Sanctuary,Least Concern,male,6.3,68.5,156.1,15,6.17,Healthy,,106.81,2022-09-11
ZA-02660,Flamingo,Phoenicopterus roseus,Bird,Omnivore,Wetland,Spain,Riverside Zoo,LC,Female,17.7,2.83,119.4,30,0.15,N/A,No,56.86,06-10-2023
ZA-00720,Peacock,Pavo cristatus,BIRD,Omnivore,Forest,Pakistan,Metro City Zoo,Least Concern,F,15.8,6.35,190.9,20,0.26,Healthy,No,64.73,12-30-2022
ZA-01084,Chimpanzee,Pan troglodytes,mammal,Omnivore,Forest,Tanzania,Greenfield Sanctuary,EN,Male,27.1,60.65,87.9,40,2.69,Healthy,Yes,$133.96,2024-10-30
ZA-03621,Red-eyed Tree Frog,Agalychnis callidryas,Amphibian,Insectivore,Forest,Mexico,  Coastal Aquarium & Zoo ,Least Concern,F,3.8,0.01,7.6,5,0.0,Injured,Y,86.55,2024-12-15
ZA-02924,Polar Bear,Ursus maritimus,Mammal,Carnivore,Arctic,Russia,Coastal Aquarium & Zoo,VU,Female,N/A,258.41,192.6,25,9.83,Healthy,Yes,191.7,07-25-2023
ZA-00750,Grey Wolf,Canis lupus,Mammal,Carnivore,Forest,USA,Highland Wildlife Reserve,Least Concern,,5.6,43.19,129.7,8,2.18,Injured,Yes,210.92,2025-01-28
ZA-03314,Koala,Phascolarctos cinereus,Mammal,Herbivore,Forest,Australia,Riverside Zoo,VU,Male,3.5,8.39,73.4,13,0.51,Healthy,Yes,75.95 USD,21/11/2024
ZA-03024,Black Rhinoceros,Diceros bicornis,Mammal,Herbivore,Savanna,Kenya,Highland Wildlife Reserve,CR,Female,11.1,926.38,309.2,40,55.94,Under Observation,Yes,621.84,24/02/2022
ZA-02865,Emperor Penguin,Aptenodytes forsteri,Bird,Piscivore,Arctic,Antarctica,Highland Wildlife Reserve,Near Threatened,Female,6.6,29.68,113.3,20,1.45,Healthy,No,107.52,11-03-2024
ZA-01559,Giant Panda,Ailuropoda melanoleuca,Mammal,HERBIVORE,Forest,China,Safari Park North,VU,FEMALE,6.0,103.85,137.8,20,5.81,Healthy,Yes,$108.52,2025-07-17
ZA-01082,Galapagos Tortoise ,Chelonoidis niger,Reptile,  Herbivore ,Island,Ecuador,Highland Wildlife Reserve,VULNERABLE,M,58.5,269.85,119.7,100,14.9,healthy,No,172.25,12-19-2024
ZA-00921,Orangutang,Pongo pygmaeus,Mammal,Omnivore,Forest,Malaysia,Highland Wildlife Reserve,CR,Female,5.3,110.9 lbs,86.9,35,2.54,Healthy,No,na,07-11-2024
ZA-02790,Brown Bear,Ursus arctos,Mammal,Omnivore,Forest,USA,Metro City Zoo,LC,male,21.3,311.49,220.4,25,11.41,Healthy,Yes,168.74,23 Dec 2024
ZA-01854,Plains Zebra,Equus quagga,Mammal,Herbivore,Savanna,Tanzania,Safari Park North,NT,Male,three,341.51,248.0,25,17.9,Healthy,No,NULL,2022-03-06
ZA-04145,Nile Crocodile,Crocodylus niloticus,Reptile,Carnivore,Wetland,None,Safari Park North,LC,Male,21.8,417.2,490.5 cm,70,18.14,Healthy,N,NULL,09-13-2023
ZA-04899,Cheetah,Acinonyx jubatus,Mammal,Carnivore,Savanna,Botswana,Coastal Aquarium & Zoo,VULNERABLE,Male,9.9,53.56,131.3,12,2.35,Injured,Yes,236.68,2025-06-16
ZA-00849,Flamingo,Phoenicopterus roseus,bird,Omnivore,Wetland,Spain,Coastal Aquarium & Zoo,LEAST CONCERN,male,9.9,3.28,unknown,30,0.14,Healthy,N,75.37,2023-12-20
ZA-01604,Cheetah,Acinonyx jubatus,Mammal,Carnivore,Savanna,Botswana,Highland Wildlife Reserve,Vulnerable,Male,5.1,63.08,146.5,12,2.3,Healthy,Yes,,2023-01-07
ZA-04585,Emperor Penguin,Aptenodytes forsteri,Bird,Piscivore ,Arctic,Antarctica,Coastal Aquarium & Zoo,Near Threatened,Male,11.4,73.3 lbs,123.1,20,1.73,Healthy,Yes,90.14,01-15-2025
ZA-04362,African Elephant,Loxodonta africana,Mammal,Herbivore,Savanna,Tanzania,Coastal Aquarium & Zoo,vulnerable,Male,30.7,4619.66,596.3,60,293.72,Healthy,Yes,840.23,02-29-2024
ZA-02622,Gorilla,Gorilla gorilla,Mammal,Herbivore,forest,Uganda,Greenfield Sanctuary,Critically Endangered,Female,25.8,137.28,163.8,35,9.28,Injured,True,219.0,2023-07-04
ZA-03111,Golden Eagle,Aquila chrysaetos,Bird,Carnivore,Mountain,Pakistan,Coastal Aquarium & Zoo,Least Concern,Female,12.5,unknown,81.9,25,,Healthy,No,66.72,2023-09-13
ZA-04534,Galapagos Tortoise,Chelonoidis niger,Reptile,Herbivore,Island,Ecuador,Highland Wildlife Reserve,VU,F,6.6,110.49,86.8,100,6.45,Healthy,Yes,-,2023-12-16
ZA-03770,Bald Eagle,Haliaeetus leucocephalus,Bird,Carnivore,Forest,USA,Coastal Aquarium & Zoo,Least Concern,M,15.8,5.62,83.5,25,0.26,Healthy,Y,$58.08,2023-05-01
ZA-04616,Green Iguana,Iguana iguana,Reptile,Herbivore,Forest,Brazil,greenfield sanctuary,least concern,Male,,4.25,156.1,15,0.25,Sick,Yes,168.75,2023-06-25
ZA-04980,  Axolotl ,Ambystoma mexicanum,Amphibian,Carnivore,Wetland,Mexico,Safari Park North,Critically Endangered,Male,8.3,0.25,24.1,12,0.01,Healthy,No,28.03,27 Jul 2024
ZA-04638,Lionn,Panthera leo,Mammal,Carnivore,Savanna,Tanzania,RIVERSIDE ZOO,Vulnerable,Female,3.0,388.7 lbs,248.9,14,7.68,Healthy,False,181.55,02-01-2022
ZA-01295,King Cobra,Ophiophagus hannah,Reptile,Carnivore,Forest,Thailand,Metro City Zoo,Vulnerable,Female,4.3,4.6,356.8,20,0.24,Under Observation,1,122.39,27 Oct 2022
ZA-02190,Hippopotamus,Hippopotamus amphibius,Mammal,Herbivore,Wetland,Kenya,Highland Wildlife Reserve,Vulnerable,Male,25.3,1710.28,360.3,40,104.91,healthy,Yes,295.85,2025-04-22
ZA-01532,Sea Otter,Enhydra lutris,Mammal,Carnivore,Ocean,Russia,Safari Park North,EN,Female,9.0,22.21,114.8,15,0.72,Healthy,Yes,80.34,2022-02-04
ZA-02959,Tiger,Panthera tigris,Mammal,Carnivore,Forest,Indonesia,Coastal Aquarium & Zoo,EN,MALE,13.8,289.28,289.6,16,10.26,Healthy,Yes,None,07/07/2022
ZA-01388,Nile Crocodile,Crocodylus niloticus,reptile,Carnivore,Wetland,Zambia,Riverside Zoo,,Male,57.7,412.05,473.0,70,15.79,Injured,True,426.9,2025-01-13
ZA-02513,Great White Shark,Carcharodon carcharias,Fish,Carnivore,Ocean,Australia,Safari Park North,Vulnerable,Female,27.3,984.01,432.0,70,34.34,Healthy,Yes,,2023-04-30
ZA-02348,Komodo Dragon,Varanus komodoensis,Reptile,Carnivore,Forest,Indonesia,Riverside Zoo,Endangered,MALE,24.2,94.03,240.5,30,na,Healthy,Yes,127.47,2023-01-17
ZA-01252,Sea Otter,Enhydra lutris,Mammal,Carnivore,Ocean,Russia,COASTAL AQUARIUM & ZOO,EN,Male,3.3 yrs,22.71,115.2,15,unknown,Healthy,Yes,100.17,2022-12-02
ZA-01893,Nile Crocodile,Crocodylus niloticus,Reptile,Carnivore,Wetland,Zambia,Highland Wildlife Reserve,Least Concern,Male,38.2,399.11,492.3,70,16.59,Sick,No,299.42,2025-07-16
ZA-00569,Orangutang,Pongo pygmaeus,Mammal,Omnivore,Forest,Indonesia,Metro City Zoo,CR,Female,13.3,61.79,106.4,35,2.71,Healthy,0,82.69,2025-04-04
ZA-03365,Nile Crocodile,Crocodylus niloticus,Reptile,Carnivore,Wetland,Kenya,Safari Park North,None,Male,47.4,475.62,497.8,70,21.66,Healthy,Yes,194.48,03-08-2024
ZA-00437,Golden Eagle,Aquila chrysaetos,Bird,Carnivore,Mountain,USA,Coastal Aquarium & Zoo,LC,Female,16.7,4.14,81.7,25,NULL,Healthy,True,54.43,10/07/2023
ZA-01560,Axolotl,Ambystoma mexicanum,  Amphibian ,Carnivore,Wetland,Mexico,Safari Park North,Critically Endangered,Female,10.1,0.19,24.5,12,0.01,Sick,Yes,80.39,2023-06-01
ZA-04918,Hipopotamus,Hippopotamus amphibius,Mammal,Herbivore,Wetland,Kenya,Highland Wildlife Reserve,vulnerable,Male,35.8,1660.35,383.6,40,89.7,Healthy,No,255.96,2022-05-24
ZA-00656,Komodo Dragon,Varanus komodoensis,Reptile,Carnivore,Forest,Indonesia,Highland Wildlife Reserve,EN,Female,11.1 yrs,62.39,244.8,30,2.87,Healthy,Yes,84.53,2022-01-28
ZA-04988,GOLDEN EAGLE,Aquila chrysaetos,Bird,Carnivore,Mountain,Pakistan,Greenfield Sanctuary,least concern,Male,17.6,6.04,80.8,25,0.26,Healthy,Yes,$48.93,2024-05-08
ZA-00781,Golden Eagle,Aquila chrysaetos,Bird,Carnivore,Mountain,NULL,Metro City Zoo,Least Concern,male,20.1,5.02,81.1,25,0.19,Healthy,1,na,30/09/2023
ZA-04897,Komodo Dragon,Varanus komodoensis,Reptile,Carnivore,Forest,Indonesia,Greenfield Sanctuary,Endangered,Male,13.5,87.02,271.1,30,3.97,-,,284.67,08/05/2022
ZA-04744,Whale Shark,Rhincodon typus,Fish,Omnivore,Ocean,Pakistan,Metro City Zoo,Endangered,M,23.4,8469.24,1050.4,70,279.77,Healthy,Yes,955.95,21/08/2023
ZA-03841,Axolotl,Ambystoma mexicanum,Amphibian,Carnivore,Wetland,Mexico,Metro City Zoo,Critically Endangered,Male,4.6,0.19,25.4,12,0.01,Healthy,False,39.79,2023-09-23
ZA-01198,cheetah,Acinonyx jubatus,Mammal,Carnivore,Savanna,Namibia,Riverside Zoo,VULNERABLE,Female,2.8,37.31,113.3,12,1.42,Healthy,No,58.28,2022-01-03
ZA-02688,Gorilla ,Gorilla gorilla,Mammal,Herbivore,Forest,Gabon,None,critically endangered,Male,29.0,166.3,183.2,-1,11.91,Healthy,1,188.03,2024-09-22
ZA-03420,Red Kangaroo,Osphranter rufus,Mammal,Herbivore,Desert,Australia,Greenfield Sanctuary,Least Concern,Male,10.8,90.57,148.5,15,unknown,Healthy,Yes,148.67,2024-11-22
ZA-01988,Bottlenose Dolphin,Tursiops truncatus,Mammal,Piscivore,Ocean,Mexico,Metro City Zoo,LC,Female,17.4,216.47,305.2,40,12.18,Healthy,Yes,,03-01-2022
ZA-00846,Gorilla,Gorilla gorilla,Mammal,herbivore,Forest,Gabon,coastal aquarium & zoo,Critically Endangered,female,18.9,148.61,170.0,35,7.47,Healthy,No,95.91,01-13-2025
ZA-00603,Brown Bear,Ursus arctos,Mammal,Omnivore,Forest,Canada,Coastal Aquarium & Zoo,Least Concern,Female,3.3,220.35,151.9,25,6.7,healthy,False,241.98,"June 24, 2023"
ZA-03800,Flamingo,Phoenicopterus roseus,bird,Omnivore,Wetland,India,Safari Park North,LC,Female,13.7,3.75,112.4,30,0.17,Healthy,Y,53.58,2024-12-14
ZA-02706,Grey Wolf,Canis lupus,Mammal,Carnivore,Forest,United States,Metro City Zoo,LC,Male,4.9,43.08,132.5,8,,Healthy,Yes,$90.36,2025-03-07
ZA-02617,Bald Eagle,Haliaeetus leucocephalus,BIRD,Carnivore,Forest,Canada,Coastal Aquarium & Zoo,Least Concern,F,,4.03,70.8,25,0.14,Healthy,No,60.04,2024-02-09
ZA-00109,African Elephant,Loxodonta africana,Mammal,Herbivore,Savanna,south africa,Highland Wildlife Reserve,Vulnerable,Male,25.8,5019.47 kg,645.9 cm,60,265.78,Healthy,Yes,511.03,2022-09-13
ZA-04392,Green Sea Turtle,Chelonia mydas,Reptile,Herbivore,Ocean,Pakistan,riverside zoo,EN,Male,26.2,172.22,103.7,80,9.95,Healthy,Yes,169.91,2024-02-14
ZA-04706,Orangutan,Pongo pygmaeus,Mammal,Omnivore,Forest,Malaysia,Greenfield Sanctuary,CR,Female,25.2,81.26,101.2,35,3.11,-,1,112.15,2023-12-20
ZA-04370,Black Rhinoceros,Diceros bicornis,Mammal,Herbivore,Savanna,Kenya,Greenfield Sanctuary,CRITICALLY ENDANGERED,Male,22.2,1236.91,361.3,40,79.87,Healthy,No,345.25,2023-09-27
ZA-01303,Bald Eagle,Haliaeetus leucocephalus,Bird,Carnivore,Forest,USA,Highland Wildlife Reserve,LC,Male,17.9,5.14,87.4,25,0.23,Healthy,Yes,51.91,2024-06-28
ZA-00829,Grey Wolf,canis lupus,Mammal,Carnivore,Forest,,Greenfield Sanctuary,LC,Female,5.4,42.85,na,8,1.65,Healthy,Yes,126.87,11/06/2025
ZA-00152,Leopard,Panthera pardus,Mammal,Carnivore,Forest,india,Coastal Aquarium & Zoo,Vulnerable,Female,7.5,67.25,163.2,14,,Healthy,Yes,158.03,2022-06-03
ZA-03875,giraffe,Giraffa camelopardalis,Mammal,Herbivore,Savanna,Kenya,Metro City Zoo,Vulnerable,Female,21.2,1137.81,456.1,25,None,Under Observation,Yes,737.56,2025-07-03
ZA-04113,Red Kangaroo,Osphranter rufus,Mammal,Herbivore,Desert,Australia,Highland Wildlife Reserve,least concern,Male,7.6,92.05,143.0,15,4.89,Injured,No,288.87,06-04-2025
ZA-02718,Flamingo,Phoenicopterus roseus,Bird,Omnivore,Wetland,Kenya,Highland Wildlife Reserve,LC,Female,7.7,2.43,118.3,30,,Healthy,No,unknown,04-27-2025
ZA-04486,Komodo Dragon,Varanus komodoensis,Reptile,Carnivore,Forest,Indonesia,Greenfield Sanctuary,EN,Male,20.2,76.39,262.6,30,2.84,Healthy,No,119.08,-
ZA-02085,Black Rhinoceros,Diceros bicornis,Mammal,Herbivore,savanna,NULL,Safari Park North,CR,female,11.0,1001.58,320.4,40,52.76,Under Observation,No,512.01,28 Aug 2022
ZA-02074,African Elephant,Loxodonta africana,Mammal,Herbivore,Savanna,Tanzania,Riverside Zoo,Vulnerable,Male,8.0,2625.16,477.5,60,143.64,Healthy,Yes,422.94,2024-06-10
ZA-03813,Black Rhinoceros,Diceros bicornis,Mammal,Herbivore,Savanna,Namibia,Highland Wildlife Reserve,Critically Endangered,FEMALE,11.4,1079.29,355.3,40,97.49,Healthy,1,428.77 USD,05-27-2024
ZA-00398,Komodo Dragon,Varanus komodoensis,Reptile,Carnivore,Forest,Indonesia,Safari Park North,EN,Female,12.7,55.51,236.0,30,2.51,Healthy,Yes,84.9,2024-05-02
ZA-00167,FLAMINGO,Phoenicopterus roseus,Bird,Omnivore,Wetland,Kenya,Coastal Aquarium & Zoo,LC,Female,23.5,2.3,110.6,30,0.1,Healthy,Yes,39.41,2022-06-24
ZA-03088,Flamingo,Phoenicopterus roseus,Bird,Omnivore,Wetland ,Spain,Greenfield Sanctuary,LC,Male,7.5,2.41,114.3,30,0.1,Healthy,Yes,55.95,01-02-2023
ZA-01226,Cheetah,Acinonyx jubatus,Mammal,Carnivore,Savanna,Kenya,Coastal Aquarium & Zoo,VULNERABLE,Male,,52.78,129.5,12,2.52,Healthy,N,$94.01,2024-07-11
ZA-01797,Chimpanzee,Pan troglodytes,Mammal,Omnivore,Forest,Congo,Safari Park North,EN,Female,24.1,52.11,92.0,40,1.94,HEALTHY,Yes,84.47,2024-12-14
ZA-01643,Giraffe,Giraffa camelopardalis,Mammal,Herbivore,Savanna,Kenya,Highland Wildlife Reserve,vulnerable,Male,7.7,1171.79,491.5,25,52.57,Healthy,Yes,386.99,2025-03-20
ZA-00143,Plains Zebra,Equus quagga,Mammal,Herbivore,Savanna,Tanzania,Coastal Aquarium & Zoo,NT,Female,two,394.89,None,25,24.48,Healthy,Yes,$327.61,07-29-2025
ZA-01241,Gorilla,gorilla gorilla,Mammal,Herbivore,Forest,Congo,Highland Wildlife Reserve,CR,Female,18.2,150.47,151.3,35,7.64,Healthy,Yes,149.66,2025-07-04
ZA-01987,black rhinoceros,Diceros bicornis,Mammal,Herbivore,Savanna,Kenya,Coastal Aquarium & Zoo,CRITICALLY ENDANGERED,Female,35.6,1088.8,364.7,40,87.44,Healthy,No,350.1,20/10/2023
ZA-03339,Whale Shark,Rhincodon typus,Fish,Omnivore,Ocean,Australia,Greenfield Sanctuary,EN,M,32.9,9306.61,1149.4,70,408.84,Healthy,Yes,961.25,04/04/2024
ZA-02224,bald eagle,Haliaeetus leucocephalus,Bird,Carnivore,Forest,Canada,Safari Park North,LC,Male,10.7,6.2,87.6,25,None,Under Observation,Yes,103.02,2023-12-01
ZA-00238,King Cobra,Ophiophagus hannah,Reptile,Carnivore,Forest,india,Riverside Zoo,VU,Male,17.1,6.26,404.0,20,0.24,Healthy,Yes,87.85,16 Nov 2022
ZA-00990,Bald Eagle,Haliaeetus leucocephalus,Bird,Carnivore,Forest,United States,Coastal Aquarium & Zoo,LC,Female,12.6,None,85.1,25,0.18,Healthy,Yes,54.79,22/07/2024
ZA-04321,Sea Otter,Enhydra lutris,Mammal,Carnivore ,Ocean,Russia,Coastal Aquarium & Zoo,EN,Male,1.9,13.89,99.4,15,0.49,Healthy,Yes,77.64,2022-06-08
ZA-01759,Golden Eagle,aquila chrysaetos,Bird,carnivore,Mountain,Pakistan,Greenfield Sanctuary,LC,Female,7.6 yrs,4.91,82.0,25,0.26,Healthy,Yes,45.66,2022-12-04
ZA-02842,Sea Otter,Enhydra lutris,Mammal,Carnivore,Ocean,USA,Greenfield Sanctuary,Endangered,female,5.3,23.97,122.8,15,0.79,Injured,Yes,NULL,2023-08-19
ZA-01022,Polar Bear,Ursus maritimus,Mammal,Carnivore,Arctic,USA,Highland Wildlife Reserve,VU,Male,18.3,512.33,255.8,25,16.92,Sick,Yes,315.02,2023-08-12
ZA-04254,Nile Crocodile,Crocodylus niloticus,Reptile,Carnivore,Wetland,Kenya,Greenfield Sanctuary,LC,Male,27.3,509.58,491.6,70,21.83,Healthy,Yes,240.27,28/01/2025
ZA-00867,Tiger,Panthera tigris,Mammal,Carnivore,Forest,Russian Federation,Highland Wildlife Reserve,Endangered,FEMALE,11.0,,264.7,16,9.55,Healthy,True,156.5,2024-12-17
ZA-04574,Plains Zebra,Equus quagga,Mammal ,Herbivore,Savanna,Botswana,Riverside Zoo,NT,Male,9.8,365700 g,239.9,25,22.64,Healthy,Yes,NULL,12-15-2024
ZA-02457,Grey Wolf,Canis lupus,Mammal,Carnivore,Forest,Canada,Riverside Zoo,least concern,Male,5.8,46.48,136.3,8,1.68,Healthy,Yes,unknown,2024-04-05
ZA-04752,Giant Panda,Ailuropoda melanoleuca,Mammal,Herbivore,Forest,China,Coastal Aquarium & Zoo,Vulnerable,Male,5.7,116680 g,153.5,20,8.24,Healthy,Yes,174.8,01/06/2023
ZA-02586,Bald Eagle,haliaeetus leucocephalus,Bird,Carnivore,Forest,United States,Metro City Zoo,Least Concern,Male,18.0,na,80.0,25,0.2,Healthy,Yes,53.07,20/05/2022
ZA-01698,Bottlenose Dolphin,Tursiops truncatus,Mammal,  Piscivore ,Ocean,Mexico,Riverside Zoo,Least Concern,male,29.0,181.21,296.1,40,6.52,Under Observation,True,278.79,19/04/2022
ZA-02554,Giraffe,Giraffa camelopardalis,Mammal,Herbivore,Savanna,Namibia,Riverside Zoo,VU,Female,12.3,1369.95 kg,448.8,25,N/A,Healthy,None,369.03,12/03/2023
ZA-02218,Lion,Panthera leo,Mammal,Carnivore,Savanna,S. Africa,metro city zoo,Vulnerable,-,8.2,187.26,257.4,14,6.51,Healthy,Yes,165.3,17/12/2022
ZA-03204,leopard,Panthera pardus,Mammal,Carnivore,Forest,Kenya,Highland Wildlife Reserve,vulnerable,Male,10.2,57.91,165.4,14,2.23,Healthy,No,na,2023-09-01
ZA-03381,Hippopotamus,Hippopotamus amphibius,Mammal,Herbivore,-,Zambia,Highland Wildlife Reserve,VU,Female,23.5,1758.02,333.4,40,112.13,Under Observation,No,809.64,06-28-2023
ZA-04314,Green Iguana,Iguana iguana,Reptile,Herbivore,Forest,Brazil,Safari Park North,LC,Female,3.1,10.3 lbs,131.8,15,0.33,Healthy,Yes,$52.65,06-19-2022
ZA-01583,Tiger,Panthera tigris,Mammal,Carnivore,Forest,Indonesia,Metro City Zoo,Endangered,Female,10.5,190.85,282.5,16,6.83,Healthy,True,214.2,12-17-2022
ZA-00804,Tiger,Panthera tigris,Mammal,Carnivore,NULL,Indonesia,Safari Park North,EN,Female,NULL,199.47,287.5,16,9.48,Healthy,Yes,187.06,2024-01-15
ZA-01227,Clownfish,Amphiprion ocellaris,Fish,Omnivore,Ocean,Australia,Metro City Zoo,LC,Male,4.8,0.02,9.2,8,0.0,Healthy,Yes,$34.52,2024-12-18
ZA-01204,Hippopotamus,Hippopotamus amphibius,Mammal,Herbivore,Wetland,Tanzania,Riverside Zoo,unknown,F,27.1,unknown,346.7,40,74.16,Healthy,Yes,-,2023-10-16
ZA-03343,Bald Eagle,Haliaeetus leucocephalus,Bird,Carnivore,Forest,USA,na,Least Concern,F,18.3,4.89,85.1,25,0.21,Healthy,False,55.36,06-30-2025
ZA-03342,Axolotl ,Ambystoma mexicanum,Amphibian,Carnivore,Wetland,Mexico,Safari Park North,critically endangered,F,8.1,0.17,22.3,12,0.01,injured,No,169.78,27/03/2024
ZA-02844,Sea Otter,Enhydra lutris,Mammal,Carnivore,Ocean,Canada,Safari Park North,Endangered,F,2.9,19.18,98.0,15,0.71,Healthy,Yes,86.21,2023-06-27
ZA-03002,Saltwater Crocodile,Crocodylus porosus,Reptile,Carnivore,Wetland,Australia,Safari Park North,Least Concern,Male,17.5,1008.1 lbs,461.8,70,na,Healthy,No,199.34,2023-05-19
ZA-02393,Plains Zebra,Equus quagga,Mammal,Herbivore,Savanna,Botswana,Safari Park North,near threatened,Female,7.9,338.95,216.9,25,19.26,Healthy,Yes,N/A,2023-07-31
ZA-04838,Black Rhinoceros,Diceros bicornis,Mammal,Herbivore,Savanna,Kenya,Safari Park North,critically endangered,Female,24.1,862.09,337.2,40,47.03,Healthy,Yes,455.32,15 Mar 2022
ZA-00402,KOMODO DRAGON,Varanus komodoensis,Reptile,Carnivore,FOREST,Indonesia,Highland Wildlife Reserve,Endangered,M,25.0,76.7,256.2,30,3.53,Healthy,Yes,$54.08,03-19-2025
ZA-04208,Grey Wolf,Canis lupus,Mammal,Carnivore,  Forest ,Russia,Safari Park North,Least Concern,Female,3.3,unknown,121.6,8,,Under Observation,Yes,197.45,2023-08-17
ZA-04080,Whale Shark,Rhincodon typus,fish,Omnivore,Ocean,Mexico,Coastal Aquarium & Zoo,EN,Female,24.6,8930.01 kg,916.2,70,382.8,Healthy,No,$866.33,2023-03-07
ZA-02392,Bald Eagle,Haliaeetus leucocephalus,Bird,Carnivore,FOREST,United States,Coastal Aquarium & Zoo,LC,Male,18.8,5.86,86.5,25,0.25,Healthy,Yes,53.56,2022-02-12
ZA-01268,Lion,Panthera leo,Mammal,Carnivore,Savanna,Tanzania,Metro City Zoo ,VU,Female,1.6,95.59,185.6,14,3.14,Healthy,Yes,104.24,2025-04-15
ZA-00806,Gorilla,Gorilla gorilla,Mammal,Herbivore,Forest,DRC,Safari Park North,CR,Female,7.9,142300 g,-,35,,Healthy,True,$194.69,19 Dec 2024
ZA-01444,Emperor Penguin,Aptenodytes forsteri,Bird,Piscivore,Arctic,Antarctica,Greenfield Sanctuary,Near Threatened,Female,8.3,30.19,119.7,20,1.26,  Healthy ,0,66.26,2023-04-22
ZA-00960,Lion,panthera leo,Mammal,Carnivore,Savanna,South Africa,RIVERSIDE ZOO,VU,male,0.9,87.59 kg,192.2,14,3.55,Healthy ,Yes,99.52,12/06/2024
ZA-04454,Giant Panda,Ailuropoda melanoleuca,Mammal,Herbivore,Forest,China ,Highland Wildlife Reserve,VU,Female,2.0,51.02,116.5,20,2.13,Healthy,Yes,97.34,2023-02-04
ZA-00186,African Elephant,Loxodonta africana,Mammal,Herbivore,Savanna,South Africa,Highland Wildlife Reserve,VU,M,,4105.25,630.5,500,184.48,Under Observation,Yes,unknown,2024-10-10
ZA-02736,Emperor Penguin,Aptenodytes forsteri,Bird ,Piscivore,Arctic,Antarctica,Coastal Aquarium & Zoo,NEAR THREATENED,Female,4.4,21.97,100.1,20,1.18,Sick,Yes,$149.95,12-22-2022
ZA-02086,Hippopotamus,Hippopotamus amphibius,Mammal,Herbivore,Wetland,Zambia,Safari Park North,Vulnerable,Male,20.1,1667.8,324.7,40,100.25,Healthy,1,405.17,27/11/2024
ZA-00097,koala,Phascolarctos cinereus,Mammal,Herbivore,Forest,Australia,Highland Wildlife Reserve,Vulnerable,Female,9.8,8.03,74.8,13,0.41,Under Observation,Yes,107.17,2024-09-26
ZA-03577,Snow Leopard,Panthera uncia,Mammal,Carnivore,Mountain,China,Greenfield Sanctuary,VU,Male,N/A,33.62,121.2,15,1.1,Healthy,True,111.64,2022-05-14
ZA-04872,Black Rhinoceros,Diceros bicornis,Mammal,Herbivore,unknown,South Africa,Riverside Zoo,Critically Endangered,Male,26.5,1269.03,364.8,40,58.83,Healthy,Yes,$233.46,02/02/2025
ZA-02120,Orangutan,Pongo pygmaeus,Mammal ,Omnivore,Forest,Indonesia,Riverside Zoo,CR,Female,13.6,68.04,109.9,35,2.92,Sick,Yes,225.85,na
ZA-04440,Red Kangaroo,osphranter rufus,Mammal,Herbivore,Desert,Australia,Riverside Zoo,LEAST CONCERN,Female,13.2,62.9,128.8,15,3.62,Healthy,Yes,143.46,2023-07-26
ZA-02644,Giraffe,Giraffa camelopardalis,Mammal,Herbivore,Savanna,Namibia,Highland Wildlife Reserve,VU,Female,17.1,1088.01,411.0,25,None,Healthy,Yes,$309.43,2025-08-04
ZA-00670,CLOWNFISH,Amphiprion ocellaris,Fish,Omnivore,Ocean,Philippines,Riverside Zoo,Least Concern,Female,7.0,unknown,9.3,8,0.0,Healthy,Yes,45.47,2023-11-25
ZA-01753,Flamingo,Phoenicopterus roseus,Bird,Omnivore,Wetland,India,Metro City Zoo,LC,Female,8.1,3.01,117.0,0,,Sick,No,98.29,12-27-2023
ZA-04682,Giant Panda,Ailuropoda melanoleuca,Mammal,Herbivore,Forest,China,Riverside Zoo,Vulnerable,Male,9.8,100.1,154.9,20,6.93,Healthy,Yes,154.99,2024-08-17
ZA-04022,Cheetah,Acinonyx jubatus,Mammal,Carnivore,Savanna,Kenya,safari park north,Vulnerable,Male,5.8,63.63,147.4,12,2.32,Healthy,Yes,107.29 USD,2023-11-11
ZA-03930,Whale Shark,Rhincodon typus,Fish,Omnivore,Ocean,Australia,  Highland Wildlife Reserve ,EN,Male,12.3,7092.86,892.9,70,258.12,Healthy,1,na,2024-09-09
ZA-01660,Axolotl,Ambystoma mexicanum,Amphibian,Carnivore,Wetland,Mexico,,CR,female,-,0.22,24.9,12,0.01,Healthy,1,31.32,2022-07-09
ZA-03573,Green Iguana,Iguana iguana,Reptile,Herbivore,Forest,Brazil,Riverside Zoo,LC,Female,4.6,3.99,151.3,15,0.3,Under Observation,1,$73.60,"September 12, 2022"
ZA-03176,Hippopotamus,Hippopotamus amphibius,Mammal,Herbivore,Wetland,Kenya,Riverside Zoo,Vulnerable,Male,29.6,1758.03,373.2,40,109.97,N/A,-,None,2023-11-30
ZA-02778,ORANGUTAN,Pongo pygmaeus,Mammal,Omnivore,Forest,Malaysia,Greenfield Sanctuary,CR,Male,27.1,unknown,107.3,35,3.95,Sick,Yes,$240.08,2023-03-28
ZA-04758,Galapagos Tortoise,Chelonoidis niger,Reptile,Herbivore,Island,Ecuador,Greenfield Sanctuary,VU,M,15.0,176.05,106.9,100,8.48,Healthy,Yes,152.44,2024-02-18
ZA-01378,Red-eyed Tree Frog,Agalychnis callidryas,Amphibian,Insectivore,Forest,Costa Rica,Coastal Aquarium & Zoo,LC,Male,2.2,0.01,7.4,5,0.0,Healthy,1,34.17 USD,07/08/2023
ZA-04073,Koala,Phascolarctos cinereus,Mammal,Herbivore,Forest,australia,Greenfield Sanctuary,VU,M,2.7,7.28,71.7,13,unknown,Healthy,Yes,76.62,"March 02, 2024"
ZA-02906,Plains Zebra,Equus quagga,Mammal,Herbivore,Savanna,Tanzania,Riverside Zoo,NT,M,8.2,391.29,258.2,25,28.71,Healthy,No,265.85,17/07/2022
ZA-03424,Saltwater Crocodile,Crocodylus porosus,Reptile,Carnivore,Wetland,Indonesia,Coastal Aquarium & Zoo,Least Concern,female,18.0,422.54,446.1,70,16.73,Healthy,N/A,$267.41,2023-03-21
ZA-02713,Lyon,panthera leo,Mammal,Carnivore,Savanna,Kenya,Greenfield Sanctuary,VU,M,9.1,227.34,264.5,14,9.96,Healthy,Yes,na,29/03/2023
ZA-03873,Black Rhinoceros,Diceros bicornis,Mammal,Herbivore,Savanna,South Africa,COASTAL AQUARIUM & ZOO,Critically Endangered,Female,31.3,1116.97,350.2,40,68.3,Healthy,Y,$345.29,2023-07-03
ZA-04726,Ostrich,Struthio camelus,Bird,Omnivore,Savanna,Namibia,Coastal Aquarium & Zoo,LC,Female,27.3,-,203.7,40,4.92,Healthy,Yes,154.77,22/11/2024
ZA-04285,Sea Otter,Enhydra lutris,Mammal,Carnivore,Ocean,USA,Safari Park North,endangered,Male,4.4,29.67 kg,130.1,15,1.08,Healthy,No,115.46,09-25-2024
ZA-02423,Golden Eagle,Aquila chrysaetos,Bird,Carnivore,Mountain,Mongolia,Greenfield Sanctuary,Least Concern,Male,11.6,4.38,84.7,25,0.21,Sick,Yes,88.83,2025-09-01
ZA-02839,African Elephant,Loxodonta africana,Mammal,Herbivore,Savanna,Botswana,Metro City Zoo,VU,Female,29.0,4438.74,581.7,60,272.3,Healthy,Yes,704.98,15 Dec 2022
ZA-04763,Red Kangaroo,Osphranter rufus,Mammal,Herbivore,Desert,unknown,Metro City Zoo,Least Concern,Male,7.7,72.66,None,15,5.53,Healthy,Y,$133.95,2023-04-11
ZA-03565,African Elephant,Loxodonta africana,Mammal,  Herbivore ,Savanna ,Kenya,Riverside Zoo,VU,Male,10.2,7942.8 lbs,526.4,60,242.21,Healthy,Yes,482.15,2024-06-11
ZA-00944,Snow Leopard,Panthera uncia,Mammal,Carnivore,Mountain,China,Coastal Aquarium & Zoo,Vulnerable,Male,9.0,48.75,135.0,15,1.8,healthy,No,$114.94,01-23-2023
ZA-04333,Cheetah,Acinonyx jubatus,Mammal,Carnivore,Savanna,N/A,Greenfield Sanctuary,Vulnerable,Male,4.0,48.12,126.1,12,1.98,Sick,Y,$217.91,2023-11-05
ZA-02709,Asian Elephant,Elephas maximus,Mammal,Herbivore,Forest,India,Riverside Zoo,EN,Male,24.8,3844.26,593.4,60,162.73,Healthy,0,493.45,18/04/2023
ZA-00242,Polar Bear,Ursus maritimus,Mammal ,Carnivore,Arctic,USA,Safari Park North,Vulnerable,Female,11.2,361.34,243.9,25,,Under Observation,No,-,2022-10-13
ZA-01790,Red Kangaroo,Osphranter rufus,Mammal,Herbivore,DESERT,Australia,Safari Park North,LEAST CONCERN,Female,5.9,75.32,140.5,15,None,Healthy,No,103.79,2024-09-29
ZA-01927,Galapagos Tortoise,Chelonoidis niger,Reptile,Herbivore,Island,Ecuador,Riverside Zoo,Vulnerable,Female,51.6,425.6 lbs,120.7,100,10.55,Injured,No,582.77,01-23-2023
ZA-00527,Lion,Panthera leo,Mammal,Carnivore,na,South Africa,  Greenfield Sanctuary ,Vulnerable,Male,5.4,220.91,293.1,14,9.56,  Sick ,Yes,353.25,16/05/2024
ZA-01866,Orangutan,Pongo pygmaeus,Mammal,Omnivore,Forest,Indonesia,Riverside Zoo,Critically Endangered,FEMALE,18.5,88.06,99.5,35,3.57,Healthy,Yes,126.24,2024-04-10
ZA-03402,Asian Elephant,Elephas maximus,Mammal,Herbivore,Forest,India,Greenfield Sanctuary,ENDANGERED,Male,29.4,3966.96,564.2,60,183.89,Healthy,Yes,333.78,2023-03-18
ZA-02686,Nile Crocodile,Crocodylus niloticus,Reptile,Carnivore,Wetland,kenya,Highland Wildlife Reserve,LC,Female,20.6,344.96,453.1,70,15.32,Healthy,No,215.46,05-23-2022
ZA-02253,Giraffe,Giraffa camelopardalis,Mammal,Herbivore,Savanna,Namibia,Highland Wildlife Reserve,Vulnerable,Female,15.3,1189.34,431.1,25,54.16,Healthy,Yes,312.36,23/09/2024
ZA-04207,African Elephant,Loxodonta africana,Mammal,Herbivore,  Savanna ,Kenya,Metro City Zoo,vulnerable,female,12.3,3828.16,495.1,60,275.2,Healthy,Yes,640.18,2024-03-27
ZA-02137,Green Sea Turtle,Chelonia mydas,Reptile,Herbivore,Ocean,Pakistan,Safari Park North,endangered,Female,70.0,155.57,105.6,80,9.54,Injured,NULL,$452.64,07-04-2025
ZA-04945,Plains Zebra,Equus quagga,Mammal,  Herbivore ,Savanna,Botswana,riverside zoo,NT,F,15.0,312.96,224.4,25,22.38,Healthy,N/A,289.79,2024-05-31
ZA-00430,Gorilla,Gorilla gorilla,Mammal,Herbivore,Forest,DRC,Greenfield Sanctuary,CR,Female,4.2,252.7 lbs,127.3,35,7.67,Healthy,Yes,98.99,07/10/2022
ZA-02514,Giraffe,Giraffa camelopardalis,Mammal,Herbivore,Savanna,Kenya,Riverside Zoo,Vulnerable,female,10.8,2264.4 lbs,400.9,25,58.16,Healthy,Yes,$258.02,2022-02-02
ZA-02067,Clownfish,Amphiprion ocellaris,Fish,Omnivore,Ocean,Indonesia,Highland Wildlife Reserve,unknown,Male,4.0,0.02,8.9,8,0.0,Healthy,Yes,64.87,07-12-2024
ZA-02326,Giant Panda,Ailuropoda melanoleuca,Mammal,  Herbivore ,Forest,china,Greenfield Sanctuary,Vulnerable,Male,6.4,96.68,165.8,20,6.52,Healthy ,Y,134.38,2025-04-27
ZA-04002,Snow Leopard,panthera uncia,Mammal,Carnivore,Mountain,Mongolia,Highland Wildlife Reserve,VU,N/A,8.7,32.59,,15,1.07,Healthy,Yes,$137.13,2025-08-27
ZA-04278,King Cobra,Ophiophagus hannah,  Reptile ,Carnivore,N/A,  Indonesia ,COASTAL AQUARIUM & ZOO,VU,Male,11.6,7.38,407.5,20,0.29,Healthy,Yes,81.31,2025-03-05
ZA-01479,Grey Wolf,Canis lupus,Mammal,Carnivore,Forest,USA,Coastal Aquarium & Zoo,LC,Male,6.3,44.09,130.1,8,1.82,Under Observation,Yes,245.41,2022-01-23
ZA-00339,Komodo Dragon,Varanus komodoensis,Reptile,Carnivore,Forest,Indonesia,COASTAL AQUARIUM & ZOO,,F,11.1,68.74,241.7,30,2.31,Under Observation,Yes,257.98,31/07/2023
ZA-02075,Axolotl,Ambystoma mexicanum,Amphibian,Carnivore,Wetland,Mexico,Highland Wildlife Reserve,CR,Female,3.6,0.2,24.3,12,0.01,Injured,1,86.74,2022-02-28
ZA-02012,RED KANGAROO,Osphranter rufus,Mammal,HERBIVORE,Desert,Australia,Coastal Aquarium & Zoo,LC,Male,3.9,79.13,146.2,15,5.27,Healthy,Yes,170.18,06 May 2023
ZA-00254,Galapagos Tortoise,Chelonoidis niger,Reptile,Herbivore,Island,,Greenfield Sanctuary,VU,female,25.1,238.09,109.0,100,13.43,SICK,Yes,249.68,2022-11-02
ZA-00321,Leopard,Panthera pardus,Mammal,Carnivore,Forest,india,Greenfield Sanctuary,vulnerable,Female,9.6,65.82,166.8,14,2.2,Healthy,Yes,105.13,2022-01-17
ZA-02049,Red Kangaroo,Osphranter rufus,Mammal,Herbivore,Desert,Australia,Riverside Zoo,Least Concern,Female,6.6,56.09,140.7,15,3.43,Under Observation,1,$266.18,03-30-2022
ZA-00947,Asian Elephant,Elephas maximus,Mammal,Herbivore,Forest,Sri Lanka,Safari Park North,NULL,Male,46.4,4108.77,573.1,60,171.65,Healthy,Y,768.84,08-09-2024
ZA-02651,Black Rhinoceros,Diceros bicornis,Mammal,Herbivore,Savanna,S. Africa,Greenfield Sanctuary,critically endangered,Female,14.1,1031.72 kg,361.6,40,49.28,Sick,Y,757.93,2023-03-07
ZA-02456,Sea Otter,Enhydra lutris,Mammal,Carnivore,Ocean,Russia,Highland Wildlife Reserve,Endangered,Male,12.2,35.65,130.8,15,1.17,Healthy,Yes,109.29,"December 26, 2024"
ZA-01085,Sea Otter,Enhydra lutris,Mammal,Carnivore,Ocean,Canada,Greenfield Sanctuary,Endangered,Female,five,25.52,116.4,15,na,Sick,None,214.94,2025-04-21
ZA-01192,Grey Wolf,Canis lupus,Mammal,Carnivore,Forest,Russia ,Metro City Zoo,LC,Male,4.1,38.25 kg,128.9,8,1.56,Healthy,Yes,,2023-03-05
ZA-00621,Green Iguana,Iguana iguana,Reptile,Herbivore,Forest,Costa Rica,Highland Wildlife Reserve,Least Concern,Male,12.2,5.34,143.9,15,0.32,Under Observation,Y,71.65 USD,31 Jul 2022
ZA-02099,Galapagos Tortoise,Chelonoidis niger,Reptile,Herbivore,Island,Ecuador,Riverside Zoo,VU,F,60.2,-,116.0,100,,Healthy,Yes,$200.62,25 Apr 2023
ZA-00751,Chimpanzee,Pan troglodytes,Mammal,Omnivore,Forest,Congo,Metro City Zoo,Endangered,MALE,13.5,47.24,97.9,40,2.08,Healthy,Yes,None,12-06-2022
ZA-03074,Red Kangaroo,Osphranter rufus,Mammal,Herbivore,Desert,Australia,Greenfield Sanctuary,least concern,Female,9.7,56880 g,135.1,15,2.88,Sick,Yes,294.33,2025-04-03
ZA-04071,Green Sea Turtle,Chelonia mydas,Reptile,Herbivore,Ocean,Pakistan,Riverside Zoo,Endangered,Female,36.2,152.76,103.7,80,,HEALTHY,Y,185.26,19/11/2023
ZA-01865,Orangutan,Pongo pygmaeus,Mammal,Omnivore,  Forest ,Malaysia,Coastal Aquarium & Zoo,Critically Endangered,Male,11.4,93.43,-,35,4.26,Injured,No,289.1,2022-01-29
ZA-01959,Bottlenose Dolphin,Tursiops truncatus,Mammal,Piscivore,Ocean,Australia,Safari Park North,LC,Male,34.6,188.79,323.8,40,8.09,Healthy,Yes,224.28,02-02-2022
ZA-03130,Clownfish,Amphiprion ocellaris,Fish,Omnivore,Ocean,Indonesia,GREENFIELD SANCTUARY,Least Concern,unknown,2.0,0.02,9.4,8,0.0,Healthy,No,33.46,"August 25, 2022"
ZA-03820,Red Kangaroo,Osphranter rufus,Mammal,Herbivore,Desert,Australia,Safari Park North,LC,unknown,9.4,67.36,143.0,15,3.25,Healthy,Yes,$104.23,2025-06-09
ZA-01778,Koala,Phascolarctos cinereus,Mammal,herbivore,Forest,Australia,Metro City Zoo,Vulnerable,Male,6.6,11.33,86.1,13,0.68,Healthy,Yes,unknown,2024-11-22
ZA-00578,Leopad,Panthera pardus,mammal,Carnivore,Forest,Kenya,Greenfield Sanctuary,VU,Male,7.7,71.35,183.2,14,3.59,Sick,Yes,190.95,15 Jan 2025
ZA-01668,King Cobra,Ophiophagus hannah,Reptile,Carnivore,Forest,Indonesia,Metro City Zoo,Vulnerable,male,11.3,7.48,393.0,20,0.29,sick,No,104.91,2024-05-04
ZA-01396,Grey Wolf,Canis lupus,Mammal,Carnivore,Forest,Canada,Safari Park North,LC,Female,2.8,40.46,132.4,8,1.67,Under Observation,No,135.43,03-24-2023
ZA-02184,Red-eyed Tree Frog,Agalychnis callidryas,Amphibian,Insectivore,Forest,Mexico,Metro City Zoo,LC,Female,2.5,0.01,6.6,5,0.0,Healthy,Yes,32.09,2025-07-09
ZA-01806,Plains Zebra,Equus quagga,Mammal,Herbivore,Savanna,Botswana,Coastal Aquarium & Zoo,NT,na,11.6,315.34,229.3,25,20.19,Healthy,Yes,161.41 USD,03-11-2025
ZA-04473,Leopard,Panthera pardus,Mammal,Carnivore,Forest,South africa,Greenfield Sanctuary,Vulnerable,Male,5.9,61.71,178.1,14,2.41,Healthy,Y,109.36,12/08/2024
ZA-00271,Chimpanzee,Pan troglodytes,Mammal,Omnivore,Forest,Tanzania,Coastal Aquarium & Zoo,EN,male,31.0,54.74,98.1,40,2.68,Under Observation,1,202.72,18/08/2023
ZA-00171,Bald Eagle,Haliaeetus leucocephalus,Bird,Carnivore,Forest,  USA ,Greenfield Sanctuary,Least Concern,Female,11.8 yrs,5.47,84.0,25,0.19,  Healthy ,0,61.97,17 Dec 2022
ZA-02042,Flamingoe,Phoenicopterus roseus,Bird,Omnivore,Wetland,India,Safari Park North,LC,Male,4.9,2.53,97.3,30,N/A,Sick,Y,$109.66,10 Dec 2023
ZA-04804,Gorilla,Gorilla gorilla,Mammal,Herbivore,Forest,Congo,Metro City Zoo,CR,F,18.2,136.19,160.5,35,8.76,Healthy,True,122.22,05/12/2024
ZA-03697,Komodo Dragon,Varanus komodoensis,Reptile,Carnivore,Forest,Indonesia,Greenfield Sanctuary,EN,Male,-,49.55,197.8,30,1.76,Healthy,Yes,75.01,22/07/2024
ZA-01816,Brown Bear,Ursus arctos,Mammal,Omnivore,forest,USA,Metro City Zoo,LC,M,5.5,276.11,200.4,25,11.9,Healthy,Yes,252.68,2024-12-24
ZA-03773,Lion,Panthera leo,Mammal,Carnivore,Savanna,Tanzania,Highland Wildlife Reserve,Vulnerable,Female,2.0,127.96,203.8,14,5.54,Healthy,No,$142.89,17/04/2023
ZA-04727,Bald Eagle,Haliaeetus leucocephalus,Bird,Carnivore,Forest,Canada,Riverside Zoo,LC,Male,18.0,,94.3,25,0.16,Healthy,1,$64.09,2024-07-30
ZA-03735,Koala,Phascolarctos cinereus,Mammal,Herbivore,Forest,Australia,Greenfield Sanctuary,Vulnerable,F,4.5,10.96,74.4,13,0.39,Healthy,No,61.51,2022-07-31
ZA-01497,Komodo Dragon,Varanus komodoensis,Reptile,Carnivore,Forest,Indonesia,Metro City Zoo,EN,Female,11.1,62.88,241.1,30,3.63,Sick,Yes,273.98,25/08/2024
ZA-03881,King Cobra,Ophiophagus hannah,Reptile,Carnivore,Forest,Thailand,Riverside Zoo,VU,MALE,14.2,6.48,441.5,20,0.28,Injured,No,117.85,12-01-2024
ZA-01276,Bald Eagle,Haliaeetus leucocephalus,Bird,Carnivore,Forest,Canada,Safari Park North,least concern,Female,13.6,4.79,83.6,25,0.23,Healthy,Yes,60.62,17/12/2022
ZA-04031,Emperor Penguin,Aptenodytes forsteri,Bird,Piscivore,Arctic,Antarctica,Greenfield Sanctuary,NT,M,6.3,30.38,116.6,20,1.3,Healthy,No,100.25,2024-10-29
ZA-01787,Koala,Phascolarctos cinereus,Mammal,Herbivore,Forest,Australia,Safari Park North,VU,Male,,8.65,77.5,13,0.49,Sick,,114.55,2024-03-24
ZA-03144,Lion,Panthera leo,Mammal,Carnivore,Savanna,Tanzania,Metro City Zoo,VU,FEMALE,8.4,199.58,259.3,14,9.22,Sick,True,None,2023-02-02
ZA-03940,Tiger,Panthera tigris,Mammal,CARNIVORE,Forest,Russia,Greenfield Sanctuary,Endangered,M,5.8,258.79,316.0,16,8.47,Healthy,True,153.29,03-27-2023
ZA-03409,Green Sea Turtle,chelonia mydas,Reptile,Herbivore,Ocean,Mexico,Greenfield Sanctuary,EN,Male,49.1,167.43,N/A,80,8.96,Healthy,N,160.36,2022-01-22
ZA-04077,King Cobra,Ophiophagus hannah,Reptile,Carnivore,Forest,IND,Metro City Zoo,VU,Male,1.8,3.85,355.1,20,0.14,Healthy,Yes,65.26,2025-04-03
ZA-02171,Red Kangaroo,Osphranter rufus,Mammal,Herbivore,Desert,AUSTRALIA,Riverside Zoo,LC,Female,6.0,63.83,139.0,15,3.86,Healthy,No,$129.81,2023-04-18
ZA-02302,Komodo Dragon,Varanus komodoensis,Reptile,Carnivore,Forest,Indonesia,Riverside Zoo,EN,M,26.7,74.8,264.8,30,3.2,Healthy,No,177.19,2022-10-05
ZA-02594,Bottlenose Dolphin,Tursiops truncatus,Mammal,Piscivore,  Ocean ,Australia,Greenfield Sanctuary,Least Concern,Male,35.1 yrs,216.63,292.7,40,9.34,Healthy,No,117.7,2023-07-05
ZA-03460,Chimpanzee,Pan troglodytes,Mammal,Omnivore,Forest,DRC,Highland Wildlife Reserve,endangered,Male,19.3,NULL,90.1,40,2.47,Healthy,Yes,-,2025-09-04
ZA-00296,Tiger,Panthera tigris,Mammal,Carnivore,Forest,Indonesia,Highland Wildlife Reserve,ENDANGERED,F,8.6,201.54,265.1,16,10.52,Sick,1,228.0,2024-06-26
ZA-01071,Chimpanzee,Pan troglodytes,Mammal,Omnivore,Forest,Congo,Metro City Zoo,EN,NULL,27.7,61.67,None,40,3.36,Under Observation,Yes,217.77,26/10/2024
ZA-00054,Giraffe,Giraffa camelopardalis,Mammal,Herbivore,Savanna,Kenya,Riverside Zoo,vulnerable,Male,12.1,1239.62,428.6,25,51.55,Healthy,Yes,299.47,2024-08-22
ZA-04790,Golden Eagle,Aquila chrysaetos,Bird,Carnivore,Mountain,Pakistan,Riverside Zoo,Least Concern,M,20.4,6.89,94.7,25,0.29,Healthy,No,58.71,12/02/2022
ZA-04620,Flamingo,Phoenicopterus roseus,Bird,Omnivore,WETLAND,Spain,Highland Wildlife Reserve,least concern,Male,11.3,2.95,119.8,30,,Healthy,Y,42.63,30/11/2024
ZA-03171,SCARLET MACAW,Ara macao,Bird,Herbivore,Forest,Costa Rica,Riverside Zoo,LC,Female,13.4,NULL,unknown,50,0.06,Under Observation,Yes,76.14 USD,06-08-2024
ZA-02868,Axolotl,Ambystoma mexicanum,Amphibian,Carnivore,Wetland,Mexico,Riverside Zoo,Critically Endangered,Male,6.8,0.2,26.6,12,0.01,Healthy,Yes,-,2024-04-19
ZA-02007,Sea Otter,Enhydra lutris,Mammal,Carnivore,Ocean,Canada,Coastal Aquarium & Zoo,Endangered,female,,20.53,106.7,15,0.94,HEALTHY,Y,,09 Feb 2024
ZA-00302,Nile Crocodile,Crocodylus niloticus,Reptile,Carnivore,Wetland,Zambia,coastal aquarium & zoo,LC,female,27.6,338.78,470.7,70,14.13,Healthy,Yes,148.41,04/05/2025
ZA-00366,Giraffe,Giraffa camelopardalis,Mammal,Herbivore,Savanna,Kenya,RIVERSIDE ZOO,Vulnerable,M,5.9,957.91,None,25,66.97,Healthy,0,313.54,2024-05-19
ZA-03926,KOALA,Phascolarctos cinereus,Mammal,Herbivore,Forest,Australia,Greenfield Sanctuary,vulnerable,Female,7.4,8.33,76.1,13,0.42,Healthy,True,74.39,06 Aug 2023
ZA-00103,Bald Eagle,Haliaeetus leucocephalus,Bird,Carnivore,Forest,Canada,Greenfield Sanctuary,least concern,-,19.6,5.08,81.8,25,0.18,Sick,Yes,111.76 USD,17 Dec 2022
ZA-04601,African Elephant,Loxodonta africana,Mammal,Herbivore,Savanna,Kenya,Safari Park North,VU,Male,24.0,3593.3,648.8,60,193.96,Healthy,Y,476.84,2024-11-18
ZA-02601,Saltwater Crocodile,Crocodylus porosus,Reptile,Carnivore,Wetland,India,Highland Wildlife Reserve,LEAST CONCERN,Female,,394.19,461.3,70,15.61,Sick,Yes,424.96,2024-06-08
ZA-03274,Giraffe,Giraffa camelopardalis,Mammal,Herbivore,Savanna,Namibia,Coastal Aquarium & Zoo,VU,Female,11.5,1421.1,445.0,25,101.45,  Injured ,No,967.9,2023-07-24
ZA-02878,Asian Elephant,Elephas maximus,Mammal,Herbivore,Forest,  Sri Lanka ,Highland Wildlife Reserve,EN,Male,32.6,4271.15,523.4,60,200.07,Healthy,Yes,560.35,2024-05-27
ZA-02719,Bottlenose Dolphin,Tursiops truncatus,Mammal,Piscivore,Ocean,Mexico,Greenfield Sanctuary,LC,Female,11.5,197.28,281.5,40,7.91,Healthy,Yes,211.25,2023-06-27
ZA-03650,Asian Elephant,Elephas maximus,Mammal,Herbivore,FOREST,India,Metro City Zoo,Endangered,Male,8.8,2358.31,514.2,60,117.88,Injured,Yes,860.01,17/05/2022
ZA-01488,Snow Leopard,Panthera uncia,Mammal,Carnivore,Mountain,Mongolia,Metro City Zoo,VU,M,4.8,44.21,124.6,15,1.78,Healthy,Yes,72.52,06-30-2024
ZA-04413,Ostrich,Struthio camelus,Bird,  Omnivore ,None,South Africa,Riverside Zoo,LC,Male,31.6,132.62,202.3,40,6.46,Healthy,Yes,150.65,17/09/2023
ZA-00375,Polar Bear,Ursus maritimus,Mammal ,Carnivore,Arctic,Russian Federation,Highland Wildlife Reserve,Vulnerable,Male,16.9,450.1,271.5,25,18.81,Sick,True,377.32,25/07/2025
ZA-01214,Leopard,Panthera pardus,Mammal,Carnivore,Forest,Kenya,Highland Wildlife Reserve,VULNERABLE,Male,5.4,62.54,na,14,3.06,Healthy,Yes,$86.68,2023-11-10
ZA-00545,Emperor Penguin,Aptenodytes forsteri,Bird,Piscivore,Arctic,Antarctica,Riverside Zoo,NT,Male,0.6,10.38,84.6,20,0.38,Healthy,0,77.99,None
ZA-01352,Leopard,Panthera pardus,Mammal,  Carnivore ,Forest,South Africa,Greenfield Sanctuary,Vulnerable,Female,7.8,44.91,177.7,14,2.02,Injured,Yes,226.77,2022-07-11
ZA-00292,Scarlet Macaw,Ara macao,Bird,Herbivore,FOREST,Costa Rica,Metro City Zoo,Least Concern,Male,20.6,1.15,87.1,50,0.08,Sick,No,69.35,09/11/2023
ZA-04694,Axolotl,Ambystoma mexicanum,Amphibian,Carnivore,Wetland,Mexico,Greenfield Sanctuary,critically endangered,M,5.1,0.22,26.1,12,0.01,Healthy,Yes,NULL,07-25-2023
ZA-00390,Axolotl,Ambystoma mexicanum,Amphibian,Carnivore,Wetland,Mexico,Coastal Aquarium & Zoo,CR,Female,7.3,0.16,23.8,12,0.01,Healthy,Yes,32.63,18 Sep 2023
ZA-04883,Green Iguana,Iguana iguana,Reptile,Herbivore,Forest,Costa Rica,Riverside Zoo,LEAST CONCERN,MALE,7.9,5.34,152.9,15,0.32,Sick,Yes,$157.79,"June 12, 2025"
ZA-02681,Nile Crocodile,Crocodylus niloticus,Reptile,Carnivore,Wetland,Zambia,Safari Park North,Least Concern,Male,43.1,430.13,548.4,70,,Injured,1,700.52,16 Feb 2022
ZA-01871,Cheetah,Acinonyx jubatus,Mammal,Carnivore,Savanna,Botswana,Highland Wildlife Reserve,VU,Female,1.7,30.11,103.6,12,1.01,Healthy,Y,79.41,2022-02-08
ZA-03533,Orangutan,Pongo pygmaeus,Mammal,Omnivore,Forest,Indonesia,Riverside Zoo,Critically Endangered,Male,16.5,97.71 kg,117.3,35,4.37,Healthy,Yes,100.69,2023-12-08
ZA-00248,Bottlenose Dolphin,Tursiops truncatus,Mammal,Piscivore,Ocean,USA,Highland Wildlife Reserve,LC,Female,20.7,188.04,306.6,40,7.68,Healthy,Yes,114.61,2022-04-23
ZA-02901,Brown Bear,Ursus arctos,Mammal,Omnivore ,Forest,USA,Greenfield Sanctuary,least concern,Female,9.4,293.72,196.4,25,13.57,Healthy,Yes,$181.85,19/04/2022
ZA-02165,Bald Eagle,Haliaeetus leucocephalus,Bird,Carnivore,Forest,Canada,Greenfield Sanctuary,Least Concern,Male,8.1,6.71,82.1,25,0.26,Healthy,No,85.12,01/06/2022
ZA-03598,Nile Crocodile,Crocodylus niloticus,Reptile,Carnivore,Wetland,Tanzania,Safari Park North,Least Concern,female,41.6,316.49 kg,450.0,70,12.34,NULL,Yes,$208.75,06-13-2022
ZA-04811,Komodo Dragon,Varanus komodoensis,Reptile,CARNIVORE,Forest,Indonesia,Safari Park North,endangered,female,NULL,69.77,239.8,30,2.8,Healthy,Yes,unknown,2023-01-15
ZA-04791,Giraffe,Giraffa camelopardalis,Mammal,Herbivore,Savanna,tanzania,Riverside Zoo,Vulnerable,Female,22.2,1199.73 kg,432.7,25,67.44,Healthy,Yes,$365.57,07/09/2024
ZA-00411,Green Iguana,Iguana iguana,Reptile,Herbivore,Forest,Costa Rica,Metro City Zoo,Least Concern,Male,10.9,N/A,157.9,15,0.31,Under Observation,Yes,81.86,2023-01-10
ZA-02006,Orangutan,Pongo pygmaeus,Mammal,Omnivore,Forest,malaysia,Coastal Aquarium & Zoo,CR,Female,4.6,97.8 lbs,84.3,35,2.29,Healthy,No,105.82,02-22-2025
ZA-04438,Green Sea Turtle,Chelonia mydas,Reptile,Herbivore,Ocean,Australia,Coastal Aquarium & Zoo,Endangered,M,25.3,202.26,109.4,80,10.85,healthy,Yes,255.48,2025-02-21
ZA-01895,Tiger,Panthera tigris,Mammal,Carnivore,Forest,Indonesia,Highland Wildlife Reserve,Endangered,FEMALE,N/A,124.34,197.2,16,4.71,Healthy,Y,117.02,2024-11-19
ZA-01185,Green Iguana,Iguana iguana,Reptile,Herbivore,Forest,Costa Rica,unknown,N/A,Male,,12.7 lbs,0,15,0.35,Healthy,Yes,39.9,2024-07-24
ZA-03685,Nile Crocodile,Crocodylus niloticus,Reptile,Carnivore,NULL,Zambia,Metro City Zoo,Least Concern,Male,47.4,381.28,507.7,70,14.33,Healthy,Yes,218.53,2024-08-18
ZA-00833,Black Rhinoceros,Diceros bicornis,Mammal,Herbivore,Savanna,Kenya,Safari Park North,CR,Male,18.5,1085.25,360.5,40,55.69,Sick,Yes,874.13,28/04/2022
ZA-02228,Komodo Dragon,Varanus komodoensis,Reptile,Carnivore,FOREST,Indonesia,Highland Wildlife Reserve,Endangered,Male,2.9,42.44,201.5,30,1.86,Healthy,Yes,122.11,20/04/2025
ZA-01804,Cheetah,Acinonyx jubatus,Mammal,Carnivore,Savanna,Kenya,Greenfield Sanctuary,VU,Male,2.0,38.29,102.0,12,1.4,Sick,Yes,$197.97,02-25-2023
ZA-00691,Asian Elephant,Elephas maximus,Mammal,Herbivore,Forest,India,Safari Park North,Endangered,Female,6.2,unknown,416.8,60,109.38,Injured,Yes,1111.76,2023-08-08
ZA-04226,Chimpanze,Pan troglodytes,Mammal,Omnivore,Forest,DRC,Safari Park North,Endangered,F,7.3,26.95,74.5,40,1.32,Healthy,1,74.73,03-16-2023
ZA-02519,Asian Elephant,Elephas maximus,Mammal,Herbivore,Forest,Sri Lanka,Riverside Zoo,EN,Female,8.5,2020.83,451.7,60,86.85,Under Observation,Yes,1408.58,2022-05-20
ZA-03440,Orangutan,Pongo pygmaeus,Mammal ,Omnivore,Forest,Malaysia,Metro City Zoo ,Critically Endangered,Male,16.0,76.84,114.6,35,3.66,Healthy,No,148.69,2025-06-25
ZA-03237,Bottlenose Dolphin,Tursiops truncatus,Mammal,Piscivore,Ocean,USA,Coastal Aquarium & Zoo,Least Concern,Male,26.3,242.89,298.5,40,9.93,Sick,No,260.68,08-10-2025
ZA-04515,Komodo Dragon,Varanus komodoensis,REPTILE,Carnivore,Forest,Indonesia,Greenfield Sanctuary,Endangered,FEMALE,16.6,55.41,243.4,30,1.79,Injured,Yes,238.48,04/09/2024
ZA-04336,Komodo Dragon,Varanus komodoensis,Reptile,Carnivore,Forest,Indonesia,Greenfield Sanctuary,NULL,Male,14.4,66.65,258.5,30,2.7,Healthy,No,na,07-08-2024
ZA-01076,Snow Leopard,Panthera uncia,Mammal,Carnivore,Mountain,Mongolia,Metro City Zoo,Vulnerable,Female,5.0,35.55,138.2,15,None,Healthy,Yes,123.35,02/02/2025
ZA-04676,Hippopotamus,Hippopotamus amphibius,Mammal,Herbivore,Wetland,Kenya,Safari Park North,,Male,14.0,1692.05 kg,342.6,40,97.71,Healthy,Yes,463.74,2023-02-15
ZA-03446,Flamingo,Phoenicopterus roseus,Bird,Omnivore,Wetland,Kenya,metro city zoo,Least Concern,Female,9.8,3.22,114.9,30,0.13,Under Observation,No,91.66,09 Jul 2024
ZA-02440,Koala,Phascolarctos cinereus,Mammal,Herbivore,Forest,Australia,Safari Park North,VU,female,3.8,8.85,69.9,13,0.49,Under Observation,Yes,$94.41,31 Dec 2022
ZA-02112,Saltwater Crocodile,Crocodylus porosus,Reptile,Carnivore,Wetland,India,Safari Park North,Least Concern,Male,,255.0,428.5,70,9.14,INJURED,Yes,432.45,2025-08-13
ZA-00770,African Elephant,Loxodonta africana,Mammal,Herbivore,Savanna,South Africa,Highland Wildlife Reserve,VU,F,34.9,5255.79,571.0,60,285.36,Healthy,Yes,645.85,05-27-2025
ZA-02994,Clownfish,Amphiprion ocellaris,Fish,Omnivore,Ocean,Indonesia,Metro City Zoo,LC,Female,5.8,0.02,8.0,8,0.0,Healthy,No,37.05,2023-09-03
ZA-04096,Koala,Phascolarctos cinereus,Mammal,herbivore,Forest,Australia,Greenfield Sanctuary,Vulnerable,M,4.2,21.6 lbs,na,13,0.66,Under Observation,NULL,None,2023-02-09
ZA-02603,King Cobra,ophiophagus hannah,Reptile,Carnivore,Forest,Indonesia,Coastal Aquarium & Zoo,VU,male,13.4,5.57,377.1,20,0.27,Healthy,No,68.54,20/08/2023
ZA-01947,Scarlet Macaw,Ara macao,Bird,Herbivore,Forest,Peru,Coastal Aquarium & Zoo,Least Concern,Female,1.3,-,55.9,50,0.02,Healthy,Yes,43.26,2023-08-29
ZA-00555,Giant Panda,Ailuropoda melanoleuca,Mammal,Herbivore,Forest,China,Greenfield Sanctuary,VU,Male,1.7,45.17,115.2,20,2.4,Healthy,Yes,71.45,30/12/2023
ZA-00753,Lion,Panthera leo,Mammal,Carnivore,Savanna,Kenya,Highland Wildlife Reserve,VU,Male,,188.06,242.9,14,8.46,Healthy,Yes,247.12,04-10-2025
ZA-04090,Komodo Dragon,Varanus komodoensis,Reptile,Carnivore,Forest,Indonesia,Greenfield Sanctuary,Endangered,Female,7.5,58.54,N/A,30,1.79,Healthy,Yes,93.73,07/01/2022
ZA-04109,Chimpanzee,Pan troglodytes,Mammal,Omnivore,Forest,Uganda,Riverside Zoo,EN,Male,None,54.07,89.2,40,2.42,Healthy,Yes,,10/07/2025
ZA-01042,Axolotl,Ambystoma mexicanum,Amphibian,Carnivore,wetland,Mexico,Riverside Zoo,CR,Male,5.5,0.22,26.5,12,0.01,Healthy,Yes,54.90 USD,2025-07-02
ZA-04129,  Red Kangaroo ,Osphranter rufus,mammal,Herbivore,Desert,Australia,Coastal Aquarium & Zoo,LC,Male,2.3,54.25,124.5,15,3.84,Under Observation,Yes,186.24,07-20-2022
ZA-04855,Koala,Phascolarctos cinereus,Mammal,Herbivore,Forest,Australia,Safari Park North,VU,Female,5.9,7.62,73.2,13,0.43,Healthy,N,69.09,2025-01-04
ZA-00364,Clownfish,Amphiprion ocellaris,Fish,Omnivore,Ocean,Australia,Riverside Zoo,Least Concern,Male,5.2,0.02,9.7,8,0.0,Healthy,Y,46.93,2024-10-20
ZA-03859,Grey Wolf,canis lupus,Mammal,Carnivore,Forest,Russia,Coastal Aquarium & Zoo,Least Concern,Female,,NULL,109.4,8,0.88,Injured,Yes,$182.24,N/A
ZA-01136,Red Kangaroo,Osphranter rufus,Mammal,Herbivore,Desert,Australia,Coastal Aquarium & Zoo,LC,Male,6.6,73.41,136.8 cm,15,3.12,Healthy,Yes,98.32,12-09-2024
ZA-03491,African Elephant,Loxodonta africana,Mammal,Herbivore,Savanna,Tanzania,Greenfield Sanctuary,Vulnerable,MALE,22.6,4245.56,598.4,60,243.25,Under Observation,No,1000.8,2023-06-24
ZA-01680,African Elephant,Loxodonta africana,Mammal,Herbivore,  Savanna ,South Africa,Coastal Aquarium & Zoo,VU,male,5.8,2644.26,460.1,60,134.58,Healthy,No,736.62,2024-07-15
ZA-00551,Orangutan,Pongo pygmaeus,Mammal,Omnivore,Forest,Malaysia,Riverside Zoo,critically endangered,Female,5.3,39.71 kg,87.3,35,1.65,Healthy,No,N/A,2025-07-18
ZA-03188,Emperor Penguin,Aptenodytes forsteri,Bird,Piscivore,Arctic,Antarctica,Riverside Zoo,NT,Female,9.7,23.99,111.2,20,1.3,Sick,Yes,135.93,2023-12-05
ZA-03149,Giraffe,Giraffa camelopardalis,Mammal,Herbivore,Savanna,Kenya ,Safari Park North,vulnerable,female,14.8,1162.34,438.3,25,66.69,None,Yes,404.31,03-22-2022
ZA-01623,Grey Wolf,Canis lupus,Mammal,Carnivore,Forest,NULL,Highland Wildlife Reserve ,LC,Male,5.6,47.89,137.8,8,1.84,Under Observation,Yes,$249.77,2024-10-07
ZA-02521,Flamingo,Phoenicopterus roseus,Bird,Omnivore,Wetland,Spain,Coastal Aquarium & Zoo,LC,Female,18.0,6.8 lbs,125.5,30,unknown,Under Observation,NULL,84.65,2023-11-30
ZA-02335,Snow Leopard,Panthera uncia,Mammal,Carnivore,Mountain,Pakistan,Safari Park North,Vulnerable,Female,7.4,32.03,121.4,15,1.21,Healthy,True,64.09,12 Sep 2024
ZA-02781,Flamingo,Phoenicopterus roseus,Bird,Omnivore,Wetland,Kenya,Metro City Zoo,LEAST CONCERN,Female,5.2,None,98.6,30,0.12,Healthy,True,43.23,2024-07-04
ZA-03968,Cheetah,Acinonyx jubatus,Mammal,Carnivore,Savanna,Botswana,METRO CITY ZOO,Vulnerable,Male,8.7,51.38 kg,130.0,12,,Healthy,Yes,115.0,unknown
ZA-04098,Peacock,Pavo cristatus,Bird,Omnivore,Forest,Sri Lanka,Safari Park North,LC,-,9.1,5.06,200.3,20,0.16,Healthy,N/A,77.37 USD,05-08-2023
ZA-00843,Red Kangaroo,Osphranter rufus,Mammal,Herbivore,Desert,Australia,Metro City Zoo,LC,Male,3.0,64.19,124.3 cm,15,4.58,Healthy,No,132.38,"July 18, 2023"
ZA-02496,Nile Crocodile,Crocodylus niloticus,Reptile,CARNIVORE,Wetland,Zambia,Riverside Zoo,Least Concern,MALE,48.0,429.88,453.2,70,16.32,Healthy,Yes,$200.01,23/03/2023
ZA-02069,Cheetah,Acinonyx jubatus,Mammal,Carnivore,Savanna,Namibia,Riverside Zoo,vulnerable,Male,6.2,58.45,127.4,12,2.51,Healthy,Yes,102.87,06 Sep 2022
ZA-04130,Whale Shark,Rhincodon typus,Fish,Omnivore,Ocean,Australia,Riverside Zoo,Endangered,Male,30.0,10952.5,1008.9,70,513.77,Healthy,Yes,unknown,2022-05-21
ZA-00880,Tiger,Panthera tigris,Mammal,Carnivore,Forest,Indonesia,Metro City Zoo,EN,Male,five,242.42,306.0,16,10.87,Sick,Y,354.45,2022-09-05
ZA-04634,Ostrich,Struthio camelus,Bird,Omnivore,Savanna,Namibia,Greenfield Sanctuary,Least Concern,Male,19.6,111.87,214.5,40,5.77,Healthy,Yes,127.12,"August 19, 2025"
ZA-02894,Ostrich,Struthio camelus,Bird,Omnivore,Savanna,Namibia,Metro City Zoo,Least Concern,Female,,82.86,210.6,40,3.65,Healthy,N/A,149.72,06-10-2022
ZA-00864,Whale Shark,Rhincodon typus,Fish,Omnivore,Ocean,Australia,Safari Park North,EN,Female,13.0,6579.44,833.9,-1,321.24,Under Observation,Yes,1209.13,2022-04-25
ZA-03774,Chimpanzee,Pan troglodytes,Mammal,Omnivore,Forest,Tanzania,Greenfield Sanctuary,EN,Female,18.8,53.32,91.1,40,2.34,Sick,Yes,N/A,2022-02-02
ZA-03790,Red Kangaroo,Osphranter rufus,Mammal,Herbivore,Desert,Australia,Greenfield Sanctuary,LC,Female,5.9,54.54,139.4,15,3.44,Healthy,Yes,84.79,2024-12-29
ZA-02403,Sea Otter,Enhydra lutris,Mammal,Carnivore ,-,Russian Federation,Metro City Zoo,EN,Male,,12.53,93.4,15,0.57,Under Observation,Yes,107.26,2023-06-13
ZA-02060,Komodo Dragon,Varanus komodoensis,Reptile,Carnivore ,Forest,Indonesia,Metro City Zoo,EN,Female,2.5,29.32,162.1,30,1.27,Healthy,Yes,None,02/06/2024
ZA-04093,Bottlenose Dolphin,Tursiops truncatus,Mammal,Piscivore,Ocean,Mexico,metro city zoo,Least Concern,MALE,17.5,280.21,288.0,40,13.68,Healthy,Y,179.17 USD,2024-05-09
ZA-02578,Green Sea Turtle,Chelonia mydas,Reptile,Herbivore,Ocean,Mexico,Metro City Zoo,ENDANGERED,M,32.8,190.19,119.6,80,12.25,Injured,True,None,01-30-2022
ZA-01912,  Saltwater Crocodile ,Crocodylus porosus,reptile,Carnivore,Wetland,Indonesia,Safari Park North,LC,Female,53.8,N/A,421.8,70,17.79,Healthy,Yes,unknown,2024-08-21
ZA-02646,Polar Bear,Ursus maritimus,Mammal,Carnivore,arctic,Canada,Metro City Zoo,Vulnerable,Male,7.8,451.86,,25,-,Healthy,Y,$248.35,2023-01-26
ZA-02890,golden eagle,Aquila chrysaetos,Bird,Carnivore,Mountain,Mongolia,Safari Park North,Least Concern,Female,15.5,,75.9,25,0.16,Healthy,False,$100.91,2022-12-03
ZA-04218,Whale Shark,Rhincodon typus,Fish,Omnivore,Ocean,Australia,Coastal Aquarium & Zoo,EN,Female,23.0,8402.02,932.6 cm,70,418.32,Healthy,No,616.4,26/07/2022
ZA-01074,Clownfish,Amphiprion ocellaris,Fish,Omnivore,Ocean,Indonesia ,Safari Park North,LC,Female,2.2,0.02,9.1,8,0.0,Under Observation,Yes,62.0,08-08-2023
ZA-01754,Axolotl,Ambystoma mexicanum,AMPHIBIAN,Carnivore,Wetland,Mexico,Safari Park North,CR,Female,3.7,0.18,25.0,12,0.01,Injured,True,82.13,2022-02-26
ZA-01160,Bald Eagle,Haliaeetus leucocephalus,Bird,Carnivore,Forest,USA,Metro City Zoo,Least Concern,M,5.8,3.86,87.4,25,0.15,Healthy,Yes,78.06,19/01/2023
ZA-00059,Whale Shark,Rhincodon typus,Fish,Omnivore,Ocean,Pakistan,Highland Wildlife Reserve,EN,Male,48.5,7984.16,1067.7,70,483.53,Injured,Yes,1429.32,30 Nov 2023
ZA-01327,Snow Leopard,Panthera uncia,Mammal,Carnivore,Mountain,Pakistan,Coastal Aquarium & Zoo,VU,Female,8.0,36.46,131.0,15,1.62,Healthy,No,85.66,20 Mar 2022
ZA-04384,Golden Eagle,Aquila chrysaetos,Bird,Carnivore,Mountain,USA,Highland Wildlife Reserve,LC,MALE,,5.71,87.6,25,0.2,Under Observation,1,98.63,2022-09-08
ZA-02295,Flamingo,Phoenicopterus roseus,Bird,Omnivore,Wetland,Spain,Highland Wildlife Reserve,LC,Female,12.0,2.4,133.4,30,NULL,Healthy,Yes,39.12,2022-01-20
ZA-04081,Nile Crocodile,Crocodylus niloticus,Reptile,Carnivore,Wetland,Zambia,Greenfield Sanctuary,LC,Male,21.3,466.75,490.5,70,19.46,Healthy,Yes,$327.28,2024-09-08
za-01239,Bald Eagle,Haliaeetus leucocephalus,  Bird ,Carnivore,Forest,Canada,Metro City Zoo,LC,Female,6.0,3.79,76.4,25,0.15,Healthy,Yes,$58.20,11 Dec 2024
ZA-02399,Saltwater Crocodile,Crocodylus porosus,Reptile,Carnivore,Wetland,Australia,Greenfield Sanctuary,Least Concern,Female,35.8,465.34,457.8,70,17.31,Healthy,No,116.83,2025-04-14
ZA-02683,Chimpanzee,Pan troglodytes,Mammal,Omnivore,-,Congo,Riverside Zoo,EN,Male,20.2,58.43 kg,94.1,40,2.71,Under Observation,Yes,217.37,2024-01-14
ZA-02530,African Elephant,Loxodonta africana,Mammal,Herbivore,Savanna,Botswana,Highland Wildlife Reserve,VU,Male,20.9,4826.04,607.8,60,243.82,Healthy,No,577.67,06-13-2022
ZA-04517,Komodo Dragon,Varanus komodoensis,Reptile,Carnivore,Forest,Indonesia,Greenfield Sanctuary,Endangered,M,5.6,70.78,212.8,30,3.07,Healthy,No,100.44,12-30-2023
ZA-04986,Orangutan,Pongo pygmaeus,Mammal,Omnivore,Forest,Indonesia,Riverside Zoo,CR,Male,,95.09,104.0,35,4.32,Injured,No,193.97 USD,24/03/2024
ZA-01514,Polar Bear,Ursus maritimus,Mammal,Carnivore,Arctic,Canada,Safari Park North,VU,Female,7.5,359.67 kg,248.5,25,15.22,Healthy,0,210.49,2023-08-21
ZA-02197,Plains Zebra,Equus quagga,mammal,Herbivore,Savanna,Tanzania,Metro City Zoo,Near Threatened,Male,4.7,299.17,219.3,25,20.59,Healthy,Yes,160.48,23/01/2023
ZA-04560,Emperor Penguin,Aptenodytes forsteri,Bird,Piscivore,Arctic,Antarctica,Metro City Zoo,Near Threatened,Male,7.4,27.66,119.1,20,1.25,Healthy,Yes,104.06 USD,2023-03-15
ZA-03707,King Cobra,Ophiophagus hannah,Reptile,Carnivore,Forest,Thailand,Metro City Zoo,VU,MALE,,7.27,395.9,20,0.37,Under Observation,Yes,$115.33,2023-04-29
ZA-04225,Bottlenose Dolphin,Tursiops truncatus,Mammal,Piscivore,Ocean,Mexico,Highland Wildlife Reserve,LC,Female,16.1,167.46,283.5,40,7.57,Injured,Yes,615.8,11-28-2023
ZA-01069,Grey Wolf,Canis lupus,Mammal,Carnivore,Forest,USA,Safari Park North,LC,Male,5.2,49.33,144.7,8,2.23,healthy,Yes,81.32,2024-07-29
ZA-02196,Snow Leopard,Panthera uncia,Mammal,Carnivore,Mountain ,China,Highland Wildlife Reserve,Vulnerable,M,6.4,46.06,121.9,15,2.15,Healthy,Yes,82.28,07-31-2022
ZA-04062,Bald Eagle,Haliaeetus leucocephalus,Bird,Carnivore,Forest,Canada,Safari Park North,Least Concern,Male,8.6,6.23,94.3,25,0.27,Healthy,Yes,81.19,13/03/2023
ZA-00077,Peacock,Pavo cristatus,Bird,Omnivore,Forest,Sri Lanka,Safari Park North,na,Female,3.3,-,171.7,20,0.15,Healthy,1,41.11,2024-09-30
ZA-00517,Koala,Phascolarctos cinereus,Mammal,Herbivore,Forest,Australia,Safari Park North,VU,Female,1.9,4.99,61.9,13,0.26,HEALTHY,1,43.69,10-01-2024
ZA-02797,Giant Panda,Ailuropoda melanoleuca,Mammal,Herbivore,Forest,China,Safari Park North,VU,Male,14.4,103.49,143.6,20,5.13,Healthy,Y,144.51,06/08/2022
ZA-01800,Asian Elephant,Elephas maximus,Mammal,HERBIVORE,Forest,sri lanka,Coastal Aquarium & Zoo,ENDANGERED,Female,37.7,3063.38,568.4,60,206.14,-,Yes,510.36,2022-09-24
ZA-03785,Sea Otter,Enhydra lutris,Mammal,Carnivore,Ocean,USA,Metro City Zoo,Endangered,Male,6.8,31.26,136.9,15,1.39,Healthy,No,131.41,2025-08-22
ZA-04257,Bald Eagle,Haliaeetus leucocephalus,Bird,Carnivore,Forest,Canada,Coastal Aquarium & Zoo,Least Concern,MALE,20.7,5.55,98.3,25,0.23,Healthy,N,55.13,07 Jul 2024
ZA-02501,Orangutang,Pongo pygmaeus,Mammal,Omnivore,Forest,Indonesia,Metro City Zoo,CR,Female,6.0,49.68,89.2,35,1.72,Healthy,Yes,114.16,30/09/2023
ZA-04981,Galapagos Tortoise,Chelonoidis niger,Reptile,Herbivore,Island,Ecuador,Coastal Aquarium & Zoo,VU,female,63.8,203.79,107.0,100,12.31,Healthy,No,208.82,2024-07-11
ZA-05000,Polar Bear,Ursus maritimus,Mammal,CARNIVORE,Arctic,Russia,Greenfield Sanctuary,VULNERABLE,Female,14.4,448.65,246.4,25,18.99,Healthy,1,349.22,2024-02-11
ZA-00193,Golden Eagle,Aquila chrysaetos,Bird,Carnivore,Mountain,USA,Highland Wildlife Reserve,least concern,Male,11.7,4.89,,25,0.17,Healthy,Yes,,07/04/2024
ZA-02929,Cheetah,Acinonyx jubatus,Mammal,  Carnivore ,Savanna,na,Highland Wildlife Reserve,Vulnerable,Male,7.7,41.56,142.8,12,1.51,Healthy,No,90.24,17/02/2022
ZA-01039,Plains Zebra,Equus quagga,Mammal,Herbivore,Savanna,Tanzania,Safari Park North,NT,M,19.5,440.1,228.9 cm,25,33.97,Healthy,Yes,243.92,N/A
ZA-02179,Plains Zebra,Equus quagga,Mammal,Herbivore,SAVANNA,Botswana,Metro City Zoo,NT,Male,16.9,495.53,251.5,25,37.18,Healthy,0,330.93,05-10-2023
ZA-01960,Galapagos Tortoise,Chelonoidis niger,Reptile,Herbivore,Island,Ecuador,Highland Wildlife Reserve,vulnerable,Female,two,279.51,113.6,100,19.99,HEALTHY,Y,$259.56,01/11/2022
ZA-04673,Red-eyed Tree Frog,Agalychnis callidryas,Amphibian,Insectivore,Forest,Costa Rica,metro city zoo,LC,Female,1.2,0.01,6.1,5,0.0,Healthy,No,36.28,09-27-2024
ZA-02682,Hippopotamus,Hippopotamus amphibius,Mammal,Herbivore,Wetland,Kenya,Safari Park North,Vulnerable,Female,23.0,1491.75,340.1,40,96.14,Healthy,True,325.95,2024-01-25
ZA-04779,SEA OTTER,Enhydra lutris,Mammal,Carnivore,Ocean,unknown,Highland Wildlife Reserve,Endangered,Female,9.0,24.9,108.0,15,0.86,Healthy,Yes,73.61,31/01/2023
ZA-02506,Whale Shark,rhincodon typus,Fish,  Omnivore ,Ocean,Pakistan,Safari Park North,Endangered,F,37.6,-,952.5,70,NULL,Injured,Yes,2239.89,"September 08, 2025"
ZA-01304,Clownfish,Amphiprion ocellaris,Fish,Omnivore,Ocean,Australia,Safari Park North,LC,Female,5.9,0.02,unknown,8,na,Under Observation,Yes,$55.60,30/05/2023
ZA-00627,Clownfish,Amphiprion ocellaris,Fish,Omnivore,Ocean,Australia,Greenfield Sanctuary,LC,NULL,3.9,unknown,8.2,8,N/A,Healthy,Yes,$35.48,13/12/2024
ZA-03228,Whale Shark,Rhincodon typus,Fish,Omnivore,Ocean,Australia,Riverside Zoo,Endangered,Female,21.8,6195.27,937.4,70,329.12,HEALTHY,True,,31/02/2023
ZA-03006,Red Kangaroo,Osphranter rufus,Mammal,Herbivore,Desert,Australia,METRO CITY ZOO,LC,Female,3.5,74.89,131.9,15,3.31,HEALTHY,Yes,,2025-08-16
ZA-01100,Hippopotamus,Hippopotamus amphibius,Mammal,Herbivore,Wetland,Zambia,Greenfield Sanctuary,VU,Male,,4277.0 lbs,358.1,40,103.68,Sick,True,$771.25,09-29-2022
ZA-04649,Komodo Dragon,Varanus komodoensis,Reptile,Carnivore,Forest,Indonesia,Riverside Zoo,Endangered,Male,9.3,73.48,262.5,30,2.37,Healthy,Yes,87.0,03 Jan 2023
ZA-01909,Axolotl,Ambystoma mexicanum,Amphibian,Carnivore,Wetland,MEXICO,Coastal Aquarium & Zoo,Critically Endangered,Male,7.8,0.23,25.3,12,0.01,Healthy,No,64.68,02 Mar 2023
ZA-04447,Leopard,Panthera pardus,Mammal,Carnivore,unknown,South Africa,Greenfield Sanctuary,VULNERABLE,Female,2.3,41.63,149.9,14,1.31,Healthy,Yes,112.83,19 Sep 2022
ZA-04535,Grey Wolf,canis lupus,Mammal,Carnivore,Forest,Russia,Riverside Zoo,LC,F,2.2,32.74,143.9,8,1.39,Healthy,Yes,72.75,2023-08-12
ZA-04684,Lion,Panthera leo,Mammal,Carnivore,Savanna,Tanzania,Metro City Zoo,Vulnerable,Female,,162.49,NULL,14,5.36,-,Yes,$207.30,16/11/2022
ZA-01911,African Elephant,Loxodonta africana,Mammal,Herbivore,Savanna,S. Africa,Metro City Zoo,Vulnerable,Female,34.0,4207.49,600.4,60,272.2,Sick,0,1141.89,2024-11-16
ZA-02199,Sea Otter,Enhydra lutris,Mammal,Carnivore,Ocean,Russia,Riverside Zoo,EN,Female,-,25.12,119.9,15,0.8,Injured,Yes,251.17,2024-06-19
ZA-04570,King Cobra,Ophiophagus hannah,Reptile,Carnivore,Forest,None,Coastal Aquarium & Zoo,VU,Male,11.9,6.45,434.0,20,unknown,Sick,Yes,193.07,2025-09-06
ZA-03056,tiger,Panthera tigris,Mammal,Carnivore,Forest,India,Metro City Zoo,None,female,4.0,177.95,268.9,16,7.02,Healthy,Yes,202.1,2023-01-22
ZA-03706,Polar Bear,Ursus maritimus,Mammal,carnivore,Arctic,USA,Greenfield Sanctuary,Vulnerable,male,13.8,466.09,242.5,25,19.2,Healthy,Yes,118.65,16/03/2022
ZA-00310,Golden Eagle,Aquila chrysaetos,Bird,Carnivore,Mountain,USA,Highland Wildlife Reserve,Least Concern,Female,3.7,3.5,71.5,25,0.16,Healthy,No,68.68 USD,23 Nov 2022
ZA-01413,Great White Shark,Carcharodon carcharias,Fish,Carnivore,Ocean,Australia,Coastal Aquarium & Zoo,Vulnerable,Female,35.9,1076.78,419.7,70,57.46,Healthy,Yes,$420.14,06-09-2025
ZA-00776,Green Iguana,Iguana iguana,Reptile,Herbivore,Forest,Costa Rica,Coastal Aquarium & Zoo,LC,Female,2.4,None,130.0,15,0.24,Sick,Y,$141.91,07/07/2022
ZA-00485,Hippopotamus,Hippopotamus amphibius,MAMMAL,Herbivore,Wetland,Tanzania,Riverside Zoo,VU,Male,23.5,1611.59,340.7,40,96.22,Healthy,Yes,$445.69,13/12/2022
ZA-04378,African Elephant,Loxodonta africana,Mammal,herbivore,Savanna,Botswana,Coastal Aquarium & Zoo,Vulnerable,Female,45.5,3903.54,540.3,60,225.07,Under Observation,True,None,29/03/2025
ZA-00368,tiger,Panthera tigris,Mammal,Carnivore,Forest,India,Highland Wildlife Reserve,Endangered,Male,11.5,None,280.6,16,10.34,Healthy,-,N/A,2025-07-01
ZA-00571,Ostrich,Struthio camelus,Bird,Omnivore,Savanna,Kenya,Metro City Zoo,LC,FEMALE,22.7,311.6 lbs,195.0,40,5.75,Healthy,Yes,$177.31,04/07/2025
ZA-03210,Whale Shark,Rhincodon typus,Fish,Omnivore,Ocean,Mexico,Metro City Zoo,EN,Male,38.2,10162.6,1057.4,70,457.72,sick,No,2044.18,20 Nov 2024
ZA-00650,Giraffe,Giraffa camelopardalis,Mammal,Herbivore,Savanna,unknown,Metro City Zoo,VU,Female,4.0,691.37,,25,44.96,Healthy,Yes,309.13,14/08/2023
ZA-03731,Whale Shark,Rhincodon typus,Fish,Omnivore,Ocean,Australia,Greenfield Sanctuary,endangered,Male,45.1,11544.52,1055.4,70,538.16,Healthy,Yes,1017.19,08 Jan 2025
ZA-00442,Bald Eagle,Haliaeetus leucocephalus,Bird,Carnivore ,Forest,United States,Coastal Aquarium & Zoo,LC,Female,19.8,4.68,82.1,25,0.21,Healthy,Yes,64.51,05-24-2022
ZA-01594,Clownfish,Amphiprion ocellaris,Fish,Omnivore,Ocean,Indonesia,Coastal Aquarium & Zoo,least concern,Female,4.3,0.02,8.9,8,0.0,Sick,No,$84.51,2023-03-28
ZA-02264,Orangutan,Pongo pygmaeus,Mammal,Omnivore,Forest,Indonesia,Greenfield Sanctuary,Critically Endangered,Male,8.0,76.74,107.2,35,3.71,Healthy,Yes,125.67,2023-12-17
ZA-00897,LEOPARD,Panthera pardus,Mammal,Carnivore,Forest,Kenya,Greenfield Sanctuary,VU,F,0.3,19.75,102.4,14,0.98,Sick,Y,125.84,2022-08-31
ZA-04045,Axolotl,Ambystoma mexicanum,Amphibian,Carnivore,Wetland,Mexico,Riverside Zoo,Critically Endangered,Male,0.5,0.08,18.0,12,0.0,Healthy,False,34.02,2024-04-09
ZA-01542,Gorilla,Gorilla gorilla,Mammal,Herbivore,Forest,DRC,Highland Wildlife Reserve,CR,Male,8.3,-,166.6,35,12.26,Under Observation,No,384.42,03-05-2025
ZA-01405,  Bald Eagle ,Haliaeetus leucocephalus,Bird,Carnivore,Forest,USA,Greenfield Sanctuary,LC,Male,11.4 yrs,4.65,91.2,25,0.18,Healthy,na,45.28,06/03/2025
ZA-03439,Bald Eagle,Haliaeetus leucocephalus,Bird,Carnivore,Forest,usa,Highland Wildlife Reserve,LC,female,12.6,5.12 kg,79.3,25,0.28,Healthy,N,50.37,2025-05-14
ZA-03051,AXOLOTL,Ambystoma mexicanum,Amphibian,Carnivore,Wetland,Mexico,Riverside Zoo,CR,Female,-,190 g,24.1,12,0.01,Healthy,Yes,66.72,2023-04-18
ZA-04347,Snow Leopard,Panthera uncia,Mammal,Carnivore,Mountain,Mongolia,Metro City Zoo,Vulnerable,FEMALE,2.9,25.92,117.8,15,1.08,Healthy,Yes,70.67,2025-02-09
ZA-03957,RED KANGAROO,Osphranter rufus,Mammal,Herbivore,Desert,Australia,Safari Park North,Least Concern,Male,4.9,67600 g,,15,3.81,Healthy,None,$153.55,"August 01, 2024"
ZA-03945,Lion,panthera leo,Mammal,CARNIVORE,Savanna,Kenya,Riverside Zoo,None,unknown,0.5,66.7,174.1,14,2.08,Healthy,No,$121.41,2025-02-26
ZA-03068,Cheetah,Acinonyx jubatus,Mammal,Carnivore,Savanna,Kenya,Riverside Zoo,VU,M,5.1,68.22,133.6,12,2.6,Sick,Yes,249.29,2024-09-03
ZA-02032,Giraffe,Giraffa camelopardalis,  Mammal ,Herbivore,Savanna,NULL,Coastal Aquarium & Zoo,Vulnerable,Male,13.7,1490.08,465.4,25,87.71,Healthy,No,$387.35,27/07/2024
ZA-00946,Hippopotamus,Hippopotamus amphibius,Mammal,Herbivore,Wetland,Tanzania,Coastal Aquarium & Zoo,VULNERABLE,Male,12.0,1777.47,399.5,40,91.95,Under Observation,Yes,unknown,2023-06-22
ZA-01690,Great White Shark,Carcharodon carcharias,Fish,CARNIVORE,Ocean,South Africa,Greenfield Sanctuary,Vulnerable,M,52.9,995.5,507.2,70,50.51,Injured,Yes,590.3,04/09/2022
ZA-04352,Bottlenose Dolphin,Tursiops truncatus,Mammal,Piscivore,Ocean,Australia,Safari Park North,LEAST CONCERN,Female,15.1,160.57,305.9,40,10.04,Healthy,Y,226.51,2024-10-23
ZA-00073,Bald Eagle,Haliaeetus leucocephalus,Bird,Carnivore,Forest,Canada,Metro City Zoo,Least Concern,Male,22.2,5.7,83.0,25,,Healthy,Yes,46.1,"November 06, 2022"
ZA-04299,Nile Crocodile,crocodylus niloticus,Reptile,carnivore,Wetland,Kenya,Highland Wildlife Reserve,Least Concern,,36.3,380670 g,513.5,70,16.94,Healthy,No,153.65,04-03-2024
ZA-03322,Bald Eagle,Haliaeetus leucocephalus,Bird,Carnivore,Forest,Canada,Highland Wildlife Reserve,LC,female,7.2,5.27,84.6,25,,Healthy,Yes,51.0,10/09/2025
ZA-00995,Emperor Penguin,Aptenodytes forsteri,Bird,Piscivore,Arctic,Antarctica,Metro City Zoo,NT,male,1.3,13.79,84.2,20,0.69,Healthy,Yes,79.33,2024-09-01
ZA-00763,Golden Eagle,Aquila chrysaetos,Bird,Carnivore,Mountain,Pakistan,Metro City Zoo,,Female,11.8,3.8,83.0,0,0.16,Healthy,True,45.84,2024-03-30
ZA-02138,Polar Bear,Ursus maritimus,Mammal,Carnivore,Arctic,Russian Federation,Highland Wildlife Reserve,VU,Female,15.8,392.11,246.5,25,14.88,Healthy,Yes,259.43,2024-06-19
ZA-00174,Peacock,Pavo cristatus,Bird,Omnivore,FOREST,Pakistan,Coastal Aquarium & Zoo,least concern,male,4.0,2.96,178.2,20,0.12,Healthy,1,43.75,2023-12-04
ZA-02066,Peacock,Pavo cristatus,Bird,Omnivore,Forest,Pakistan,Highland Wildlife Reserve,Least Concern,M,6.9,6.19,227.9,20,0.3,Sick,No,106.09,04/10/2024
ZA-01735,Bottlenose Dolphin,Tursiops truncatus,Mammal,Piscivore,Ocean,Australia,Coastal Aquarium & Zoo,LC,F,,166.67,310.1,40,8.84,Healthy,No,185.08,26/12/2024
ZA-04623,Lion,Panthera leo,Mammal ,Carnivore,  Savanna ,South Africa,Riverside Zoo,vulnerable,Female,6.3,-,0,14,7.83,Healthy,Yes,,2025-06-21
ZA-04123,Gorilla,gorilla gorilla,Mammal,Herbivore,Forest,Congo,Safari Park North,Critically Endangered,F,3.8,77.79,126.0,35,3.79,healthy,NULL,169.35,2022-04-15
ZA-02512,Emperor Penguin,Aptenodytes forsteri,Bird,Piscivore,Arctic,Antarctica,Coastal Aquarium & Zoo,NEAR THREATENED,Female,10.4,35.29,108.5,20,2.22,Sick,No,162.72,02 Sep 2022
ZA-03018,Grey Wolf,Canis lupus,Mammal,Carnivore,Forest,USA,Safari Park North,Least Concern,Male,1.6,40.45 kg,113.3,8,1.35,Healthy,1,134.79,2025-01-26
ZA-02352,Hippopotamus,Hippopotamus amphibius,Mammal,Herbivore,Wetland,Tanzania,Riverside Zoo,vulnerable,Female,17.2,1304.49,342.6,40,83.1,Injured,Y,848.29,07/09/2025
ZA-01776,Saltwater Crocodile,Crocodylus porosus,Reptile,Carnivore,Wetland,india,Metro City Zoo,LC,F,37.1,449.87,428.8,70,20.33,Healthy,Yes,N/A,2025-05-28
ZA-01535,Brown Bear,Ursus arctos,Mammal,omnivore,Forest,USA,Metro City Zoo,LC,Male,9.4,329.41,189.0,25,13.46,Healthy,Yes,97.93,21/09/2022
ZA-00839,Bald Eagle,Haliaeetus leucocephalus,Bird,Carnivore,Forest,United States,Greenfield Sanctuary,LC,Female,6.0,4.2,80.5,25,N/A,Healthy,1,$69.89,N/A
ZA-00865,Ostrich,Struthio camelus,Bird,Omnivore,Savanna,Kenya,Coastal Aquarium & Zoo,Least Concern,Female,24.7,92.78 kg,190.4,40,4.05,  Healthy ,Yes,$152.74,2022-02-18
ZA-03544,Axolotl,Ambystoma mexicanum,Amphibian,Carnivore,Wetland,  Mexico ,Highland Wildlife Reserve,critically endangered,male,2.2,None,23.3,12,0.01,Healthy,Yes,$48.70,05-26-2023
ZA-03643,Koala,Phascolarctos cinereus,Mammal,Herbivore,Forest,  Australia ,Riverside Zoo,VU,M,5.7,9.72,84.2,13,0.7,Healthy,Yes,63.92,2022-01-02
ZA-01904,Green Sea Turtle,Chelonia mydas,Reptile,Herbivore,Ocean,Mexico,Greenfield Sanctuary,Endangered,Female,33.6,165.95,110.3,80,10.98,Healthy,unknown,135.51,23/10/2023
ZA-00299,Great White Shark,Carcharodon carcharias,Fish,Carnivore,Ocean,Australia,Greenfield Sanctuary,Vulnerable,Female,42.4,,N/A,70,48.8,Injured,Yes,766.73,07 Jan 2022
ZA-00372,Tiger,Panthera tigris,Mammal,Carnivore,Forest,Indonesia,Greenfield Sanctuary,EN,Male,1.7,137.22,219.4,16,6.36,Healthy,Yes,146.56,None
ZA-01900,Brown Bear,Ursus arctos,mammal,OMNIVORE,Forest,usa,Safari Park North,Least Concern,Male,7.9,347940 g,208.2,25,15.75,Healthy,Yes,224.43,22 May 2024
ZA-01294,Whale Shark,Rhincodon typus,Fish,Omnivore,Ocean,Pakistan,Coastal Aquarium & Zoo,EN,Male,42.5,-,1026.1,70,420.08,Healthy,Yes,1104.12,2022-05-08
ZA-00267,Emperor Penguin,Aptenodytes forsteri,Bird,Piscivore,ARCTIC,Antarctica,Safari Park North,NT,Female,7.7,24.78,109.1,500,1.12,Under Observation,True,287.78,02/07/2023
ZA-04831,Polar Bear,Ursus maritimus,MAMMAL,Carnivore,Arctic,USA,Metro City Zoo,VU,FEMALE,14.8,391.33,234.8,25,15.17,Healthy,NULL,267.24,2022-06-22
ZA-01785,Lion,Panthera leo,Mammal,Carnivore,Savanna,Kenya,Highland Wildlife Reserve,VU,Female,9.1,175.47,247.5,14,5.88,Healthy,Yes,$178.64,2023-03-12
ZA-01030,King Cobra,Ophiophagus hannah,Reptile,Carnivore,forest,N/A,Coastal Aquarium & Zoo,VU,Female,4.6,5.18,355.5,20,0.2,Injured,Yes,114.01,22/12/2024
ZA-00520,Tiger,Panthera tigris,Mammal,Carnivore,Forest,Russian Federation,Safari Park North,Endangered,F,7.4,181.86,260.4,16,7.05,Healthy,Yes,120.97,2023-09-06
ZA-02807,Lionn,Panthera leo,MAMMAL,Carnivore,Savanna,South Africa,Highland Wildlife Reserve,Vulnerable,Female,4.6,179.32,245.4,14,6.93,Healthy,No,$193.48,07-15-2022
ZA-02447,  Nile Crocodile ,Crocodylus niloticus,Reptile,Carnivore,Wetland,Zambia,Metro City Zoo,LC,Female,25.4,343.65,441.0,70,12.76,Healthy,N/A,$148.36,NULL
ZA-02857,Grey Wolf,Canis lupus,Mammal,Carnivore,Forest,United States,Safari Park North,LC,F,N/A,36.72,122.2,8,1.74,Healthy,Yes,61.44,04-08-2023
ZA-01915,Whale Shark,Rhincodon typus,Fish,Omnivore,Ocean,Mexico,Coastal Aquarium & Zoo,EN,Male,41.2,9706.8,1004.3,70,457.51,Healthy,No,939.52,18/04/2024
ZA-03022,Polar Bear,Ursus maritimus,Mammal,Carnivore,Arctic,Canada,Safari Park North,VU,Male,13.1,447.44,264.4,25,20.82,Under Observation,No,488.96,18/04/2025
ZA-03911,Whale Shark,Rhincodon typus,Fish,Omnivore,Ocean,Australia,Safari Park North,EN,Female,-,7766.07,968.8 cm,70,374.28,Healthy,Yes,928.96,12-16-2023
ZA-01610,Giant Panda,Ailuropoda melanoleuca,Mammal,Herbivore,Forest,China,Highland Wildlife Reserve,VU,Female,9.2,0.0,154.0,20,6.38,Healthy,Y,207.62,12-28-2023
ZA-03030,African Elephant,Loxodonta africana,Mammal,Herbivore,Savanna,Tanzania,Coastal Aquarium & Zoo,Vulnerable,Male,48.7,4611.17,635.8,60,214.24,NULL,Yes,$705.44,2024-07-25
ZA-03632,Giraffe,Giraffa camelopardalis,  Mammal ,Herbivore,Savanna,Namibia,Metro City Zoo,Vulnerable,Male,14.8,1456.67,na,25,85.87,Injured,Yes,643.42,2022-12-18
ZA-00396,Leopard,panthera pardus,Mammal,Carnivore,Forest,Kenya,Greenfield Sanctuary,VU,male,two,49.64,166.8,14,1.84,Healthy,Yes,$135.78,"January 08, 2023"
ZA-00095,African Elephant,Loxodonta africana,Mammal,Herbivore,Savanna,Kenya,Coastal Aquarium & Zoo,vulnerable,F,27.1,4058.29,529.9,60,275.99,Healthy,N,438.96,2025-07-12
ZA-04297,African Elephant,Loxodonta africana,  Mammal ,Herbivore,SAVANNA,Botswana,Safari Park North,VU,Female,20.4,4157.97,613.4,60,209.23,Healthy,No,572.36,09/07/2024
ZA-03915,Golden Eagle,aquila chrysaetos,Bird,Carnivore,Mountain,Pakistan,Highland Wildlife Reserve,least concern,Female,16.6,4.89,84.0,25,0.13,Healthy,Yes,76.9,05-22-2023
ZA-01786,Bottlenose Dolphin,Tursiops truncatus,Mammal,Piscivore,Ocean,usa,Highland Wildlife Reserve,Least Concern,Male,18.4,174.22,314.7,40,11.22,Sick,No,286.51,2023-12-06
ZA-01984,Red Kangaroo,Osphranter rufus,Mammal,Herbivore,Desert,Australia,Riverside Zoo,LC,Male,1.7,38.64,116.7,15,2.37,Healthy,Yes,110.03,07-12-2023
ZA-01937,Great White Shark,Carcharodon carcharias,Fish,Carnivore,Ocean,USA,GREENFIELD SANCTUARY,VU,Male,36.2,1087.65,493.3,70,40.82,Under Observation,Yes,880.05,30/03/2025
ZA-00902,Cheetah,Acinonyx jubatus,Mammal,Carnivore,Savanna ,Namibia,Coastal Aquarium & Zoo,VU,Female,7.6,43.43,147.6,12,unknown,Healthy,No,107.68,21 Feb 2025
ZA-04650,Red Kangaroo,Osphranter rufus,Mammal,Herbivore,Desert,Australia,Metro City Zoo,Least Concern,Male,8.1,71.49,130.6,15,4.26,Healthy,Y,116.85,2024-04-22
ZA-03387,Green Iguana,Iguana iguana,Reptile,Herbivore,Forest,,Metro City Zoo,LC,NULL,4.6,,138.7,15,0.39,Healthy,Yes,50.86,2022-07-17
ZA-02997,African Elephant,Loxodonta africana,Mammal,Herbivore,Savanna,Kenya,Riverside Zoo,Vulnerable,Female,24.0,4868.27,623.0,60,265.68,Healthy,Yes,918.74,2022-01-02
ZA-03401,Cheetah,Acinonyx jubatus,Mammal,Carnivore,Savanna,  Namibia ,Highland Wildlife Reserve,VU,Male,2.2,40.21,122.6,12,1.81,Injured,No,170.75,2023-01-25
ZA-04843,Hippopotamus,Hippopotamus amphibius,Mammal,Herbivore,Wetland,Kenya,Coastal Aquarium & Zoo,VULNERABLE,Female,-,1397.56,351.6,40,91.26,Healthy,No,325.59,03/05/2025
ZA-03352,Whale Shark,Rhincodon typus,Fish,Omnivore,Ocean,Pakistan,Greenfield Sanctuary,endangered,Female,31.6,9187.09,965.0,70,401.14,Healthy,Yes,1278.01,"July 08, 2025"
ZA-04622,Red Kangaroo,Osphranter rufus,Mammal,Herbivore,Desert,Australia,Metro City Zoo,LC,M,4.8 yrs,83.88,147.3,15,5.11,Healthy,Yes,139.94,02/10/2023
ZA-04582,Emperor Penguin,Aptenodytes forsteri,Bird,Piscivore,Arctic,ANTARCTICA,Metro City Zoo,NT,Female,11.5,unknown,107.1,20,1.94,Healthy,No,83.7,2022-06-26
ZA-00882,Golden Eagle,Aquila chrysaetos,Bird,Carnivore,Mountain,Pakistan,Riverside Zoo,Least Concern,Male,10.5,5.5,86.8,25,,Under Observation,Yes,NULL,2025-02-18
ZA-01432,Tiger,Panthera tigris,Mammal,Carnivore,Forest,Russia,Coastal Aquarium & Zoo,Endangered,Male,8.2,285.13,284.3,16,9.24,Healthy,N/A,170.73,2025-02-20
ZA-04774,Chimpanzee,Pan troglodytes,Mammal,Omnivore,Forest,Tanzania,Coastal Aquarium & Zoo,EN,Male,17.7,57.17,89.4,40,2.26,Injured,Yes,$203.04,15 Feb 2025
ZA-03214,Asian Elephant,Elephas maximus,Mammal,Herbivore,Forest,India,Greenfield Sanctuary,endangered,Male,40.9,3813.12,525.5,60,na,Healthy,Yes,641.42,17/09/2023
ZA-04059,Red-eyed Tree Frog,Agalychnis callidryas,Amphibian,Insectivore,Forest,Costa Rica,Riverside Zoo,LEAST CONCERN,M,1.1,0.01,6.1,5,0.0,Under Observation,Yes,134.18,2023-06-04
ZA-00113,Sea Otter,Enhydra lutris,Mammal,Carnivore,None,USA,Riverside Zoo,EN,Female,11.1,23.55,124.8 cm,15,,Under Observation,Yes,135.73,18/05/2024
ZA-02366,Sea Otter,Enhydra lutris,Mammal,Carnivore,Ocean,Canada,Riverside Zoo,Endangered,Male,8.4,26.51,unknown,15,1.25,Injured,No,208.00 USD,2024-01-21
ZA-01322,GOLDEN EAGLE,Aquila chrysaetos,Bird,Carnivore ,Mountain,None,Greenfield Sanctuary,least concern,Male,9.5 yrs,5.16,92.8,25,0.21,Injured,No,156.01,2022-11-16
ZA-03498,Snow Leopard,Panthera uncia,Mammal,Carnivore,Mountain,China,Metro City Zoo,VU,Female,7.9,42.88,130.6,15,1.69,Healthy,Yes,113.12,2022-02-07
ZA-02577,King Cobra,Ophiophagus hannah,Reptile,Carnivore,Forest,India,Metro City Zoo,Vulnerable,Male,2.7,4.41,341.3,20,0.22,Healthy,Yes,101.15,17/01/2022
ZA-00948,Hippopotamus,Hippopotamus amphibius,Mammal,Herbivore,Wetland,Zambia,Highland Wildlife Reserve,VULNERABLE,Male,10.5,1375.6,344.2,40,105.83,Healthy,Yes,$392.33,14/10/2022
ZA-04418,Asian Elephant,Elephas maximus,Mammal,Herbivore,Forest,India,Safari Park North,Endangered,Female,,N/A,573.5,60,172.13,Healthy,Yes,$558.08,24 Jun 2022
ZA-01588,Grey Wolf,Canis lupus,Mammal,Carnivore,Forest,Canada,Coastal Aquarium & Zoo,LC,FEMALE,2.4,42.71,126.0,8,2.01,Under Observation,No,309.53,2023-12-18
ZA-01178,Flamingo,Phoenicopterus roseus,Bird,Omnivore,Wetland,India,Highland Wildlife Reserve,na,M,5.7,2.6,108.2,30,0.1,Sick,No,132.32,2025-07-03
ZA-02642,Snow Leopard,Panthera uncia,Mammal,Carnivore,Mountain,Pakistan,Riverside Zoo,Vulnerable,Female,5.1,32.56,144.7,15,1.45,Healthy,Yes,66.5,2023-03-03
ZA-02941,Giant Panda,Ailuropoda melanoleuca,Mammal,Herbivore,Forest,China,Coastal Aquarium & Zoo,VULNERABLE,Male,13.4,112.4,164.2,20,6.25,Healthy,True,129.17,2023-05-13
ZA-02593,Emperor Penguin,Aptenodytes forsteri,Bird,Piscivore,Arctic,Antarctica,Safari Park North,NT,female,5.7,34.78,109.4,20,1.49,Healthy,Yes,N/A,29 Aug 2022
ZA-00631,Bald Eagle,Haliaeetus leucocephalus,Bird,carnivore,Forest,USA,Metro City Zoo,least concern,Female,17.0,6.26,88.7,25,,na,Yes,66.48,23/05/2023
ZA-04597,Flamingo,Phoenicopterus roseus,Bird,omnivore,Wetland,Kenya,Coastal Aquarium & Zoo,LC,Female,15.5,2.97,113.5,30,0.14,Healthy,True,$61.66,2025-03-28
ZA-03728,Ostrich,Struthio camelus,Bird,omnivore,Savanna,Namibia,Coastal Aquarium & Zoo,LC,MALE,33.1,127780 g,213.3,40,6.58,Under Observation,Yes,241.9,2023-04-21
ZA-04764,Green Sea Turtle,Chelonia mydas,Reptile,Herbivore,Ocean,  Australia ,Safari Park North,EN,Male,55.2,158.63,115.2,80,8.92,under observation,Y,267.86,2023-03-23
ZA-02684,Cheetah,Acinonyx jubatus,mammal,CARNIVORE,Savanna,Kenya ,Highland Wildlife Reserve,VU,Female,NULL,56.19,119.1,12,None,Healthy,unknown,116.8,2022-08-17
ZA-01615,Gorilla,gorilla gorilla,Mammal,Herbivore,Forest,Congo,Greenfield Sanctuary,CR,Female,19.9,164.19,168.0,35,8.19,Injured,Y,421.08,2022-11-27
ZA-04349,Bald Eagle,Haliaeetus leucocephalus,Bird,Carnivore,Forest,Canada,Highland Wildlife Reserve,LC,Female,11.7,4.53,80.0,25,0.16,Healthy,unknown,$56.77,2024-01-02
ZA-01574,Galapagos Tortoise,Chelonoidis niger,Reptile,Herbivore,Island,Ecuador,Metro City Zoo,VU,Male,14.6,156.49 kg,105.7,100,10.66,Healthy,Yes,93.96 USD,2022-01-11
ZA-02157,Bottlenose Dolphin,Tursiops truncatus,Mammal,Piscivore,Ocean,MEXICO,Highland Wildlife Reserve,Least Concern,Male,13.5,211800 g,305.3,40,10.44,Healthy,Yes,151.49,11/05/2024
ZA-01743,Snow Leopard,Panthera uncia,Mammal,Carnivore,Mountain,Pakistan,Greenfield Sanctuary,VU,Female,1.9,22.77,105.2,15,1.27,Healthy,No,75.91,26/10/2023
ZA-03831,Grey Wolf,Canis lupus,Mammal,Carnivore,Forest,Russia,Highland Wildlife Reserve,Least Concern,M,unknown,37.79,144.1,8,-,Healthy,Yes,81.33,2024-07-22
ZA-03636,Plains Zebra,Equus quagga,Mammal,Herbivore,Savanna,Botswana,Riverside Zoo,NT,male,,200.91,151.9,25,15.68,Sick,Yes,410.62,03/10/2024
ZA-01878,Golden Eagle,Aquila chrysaetos,bird,Carnivore,Mountain,Pakistan,Highland Wildlife Reserve,Least Concern,Female,10.8,5.68,80.2,25,0.25,Healthy,No,94.18,08-05-2024
ZA-03700,Grey Wolf,Canis lupus,mammal,Carnivore,Forest,Canada,Metro City Zoo,LEAST CONCERN,Female,4.3,-,125.6,8,1.44,Healthy,Yes,108.61,2025-08-03
ZA-02090,Grey Wolf,Canis lupus,Mammal,Carnivore,FOREST,Russia,Riverside Zoo,Least Concern,Female,2.9,38.89,116.1,8,1.79,Healthy,Yes,79.26 USD,12 Nov 2024
ZA-04586,Galapagos Tortoise,Chelonoidis niger,Reptile,Herbivore,Island,Ecuador,Safari Park North,VU,F,64.2,230.35,111.5,100,16.23,Healthy,Yes,123.63,2023-06-16
ZA-02163,Cheetah,Acinonyx jubatus,Mammal,Carnivore,Savanna,Namibia,Riverside Zoo,vulnerable,Male,,36.82,124.5,12,1.34,Healthy,True,85.36,2022-06-04
ZA-03864,Black Rhinoceros,Diceros bicornis,Mammal,Herbivore,Savanna,NAMIBIA,Highland Wildlife Reserve,CR,male,19.7,1110.53,357.7,40,72.52,Healthy,Y,364.14,02/10/2024
ZA-01924,Komodo Dragon,Varanus komodoensis,Reptile,Carnivore,Forest,Indonesia,Riverside Zoo,ENDANGERED,F,15.0,45.65,236.4,30,1.74,Healthy,Yes,112.62,2022-10-04
ZA-04421,chimpanzee,Pan troglodytes,mammal,Omnivore,Forest,Uganda,Highland Wildlife Reserve,EN,Female,13.9,46.4,91.5,40,2.12,Healthy,Yes,137.78,"May 10, 2022"
ZA-00288,Emperor Penguin,Aptenodytes forsteri,Bird,Piscivore,Arctic,Antarctica,Coastal Aquarium & Zoo,NT,Male,11.3,60.5 lbs,110.9,20,NULL,Healthy,No,71.12,02/04/2024
ZA-03084,Grey Wolf,Canis lupus,Mammal,Carnivore,Forest,Russia,Metro City Zoo,Least Concern,Female,2.0,87.5 lbs,126.7,8,1.37,Healthy,Yes,96.69,01/05/2023
ZA-04465,Gorilla,Gorilla gorilla,Mammal,Herbivore,Forest,DR Congo,Greenfield Sanctuary,Critically Endangered,Female,5.3,220.6 lbs,126.9,35,5.27,Healthy,Yes,156.05,2022-09-27
ZA-04877,Ostrich,Struthio camelus,Bird,Omnivore,Savanna,Kenya,Highland Wildlife Reserve,least concern,Male,9.0,N/A,200.5,40,3.31,Healthy,-,104.35,2022-08-02
ZA-02370,Flamingo,Phoenicopterus roseus,Bird,Omnivore,Wetland,India,Highland Wildlife Reserve,Least Concern,Male,9.8,3.0,134.8,30,0.12,Sick,Yes,50.84 USD,2024-03-16
ZA-04434,Koala,Phascolarctos cinereus,Mammal,Herbivore,Forest,Australia,Greenfield Sanctuary,unknown,F,8.1,8.64 kg,71.0,13,0.65,Healthy,Yes,116.89,2023-09-28
ZA-03384,Snow Leopard,Panthera uncia,Mammal,Carnivore,NULL,China,Greenfield Sanctuary,VU,female,1.6,20.07,102.3,15,0.88,Healthy,Yes,92.13,03/05/2024
ZA-01110,Snow Leopard,Panthera uncia,Mammal,Carnivore,Mountain,Mongolia,Greenfield Sanctuary,Vulnerable,Female,9.2,36.26,N/A,15,na,Under Observation,No,168.61,28/08/2024
ZA-01225,Nile Crocodile,Crocodylus niloticus,reptile,Carnivore,Wetland,Zambia,Riverside Zoo,Least Concern,MALE,18.9,454.38,445.0,0,19.36,Healthy,Yes,139.68,2023-11-29
ZA-02973,Scarlet Macaw,Ara macao,Bird,Herbivore,Forest,Peru,Riverside Zoo,LC,Male,17.9,1.13,89.9,50,0.06,Healthy,0,51.33,2025-08-31
ZA-03520,Peacock,Pavo cristatus,Bird,Omnivore,Forest,Pakistan,Highland Wildlife Reserve,LC,Male,3.0,3.97,171.4,20,N/A,  Healthy ,Yes,65.28,2024-05-14
ZA-03678,Great White Shark,Carcharodon carcharias,Fish,Carnivore,Ocean,Australia,Metro City Zoo,VU,Male,30.8,unknown,445.4,70,35.32,Injured,1,976.66,2023-07-27
ZA-00526,Saltwater Crocodile,crocodylus porosus,Reptile,Carnivore,Wetland,INDONESIA,Coastal Aquarium & Zoo,LC,M,47.6,1010.1 lbs,462.8,70,16.92,Healthy,Yes,372.29 USD,26 Jan 2023
ZA-04919,Peacock,Pavo cristatus,Bird,Omnivore,Forest,  Pakistan ,Safari Park North,LC,Male,4.8,4.39,194.3,20,0.18,Healthy,N,81.72,2023-03-18
ZA-04516,Saltwater Crocodile,Crocodylus porosus,Reptile,Carnivore,Wetland,India,Safari Park North,LC,Female,5.9,201.58 kg,331.3,70,-,Healthy,0,144.00 USD,04-19-2025
ZA-03178,Girafe,Giraffa camelopardalis,Mammal,Herbivore,Savanna,Tanzania,Riverside Zoo,vulnerable,F,,965.06,436.8,25,62.21,SICK,Yes,653.42,18/02/2025
ZA-00507,Lion,Panthera leo,Mammal,Carnivore,Savanna,South Africa,Riverside Zoo,vulnerable,Female,4.9,157.78,250.1 cm,14,6.56,Healthy,Yes,$166.87,18 Aug 2023
ZA-02983,Bald Eagle,Haliaeetus leucocephalus,Bird,Carnivore,FOREST,USA,Greenfield Sanctuary,Least Concern,Male,11.8,5.54,86.9,25,0.2,Healthy,True,47.88,02-04-2025
ZA-02063,Great White Shark,Carcharodon carcharias,Fish,Carnivore,ocean,Australia,Safari Park North,VU,Male,23.4,889.53,527.5,70,42.74,Healthy,Yes,$361.67,27 Mar 2024
ZA-01224,Bald Eagle,Haliaeetus leucocephalus,Bird,Carnivore,Forest,Canada,Highland Wildlife Reserve,LC,Female,2.7,2.92,63.5,25,0.14,Injured,Y,None,25 Apr 2024
ZA-02445,Black Rhinoceros,Diceros bicornis,Mammal,Herbivore,Savanna,Kenya,Safari Park North,CRITICALLY ENDANGERED,Male,20.2,1233.1,347.0,40,-,Healthy,No,706.55,12/01/2024
za-04187,Cheetah,Acinonyx jubatus,Mammal,Carnivore,Savanna,Namibia,Greenfield Sanctuary,VU,Male,7.7,56.58,134.8,12,1.97,Sick,True,201.76,2023-05-05
ZA-02946,Lyon,Panthera leo,Mammal,Carnivore,  Savanna ,South Africa,Safari Park North,VU,Female,11.2,172.43,238.9,14,6.65,Healthy,Yes,219.76,02/07/2024
ZA-01696,Green Iguana,Iguana iguana,Reptile,Herbivore,Forest,Brazil,Riverside Zoo,LC,Female,,4.84,141.3,15,0.34,Healthy,1,51.8,13/08/2024
ZA-01450,Lion,Panthera leo,Mammal,Carnivore,Savanna,Tanzania,  Coastal Aquarium & Zoo ,vulnerable,Male,N/A,222.62,244.1,14,7.79,Healthy,No,,03 Sep 2022
ZA-01627,Brown Bear,Ursus arctos,Mammal,Omnivore,Forest,Russia,Riverside Zoo,least concern,Male,14.9,353.25,200.2,25,16.44,Healthy,Yes,197.46,22/03/2023
ZA-01265,Axolotl,Ambystoma mexicanum,Amphibian,Carnivore,Wetland,Mexico,Metro City Zoo,Critically Endangered,female,7.2,0.18,23.7,12,,Healthy,Yes,$43.64,2024-01-27
ZA-04544,Flamingo,Phoenicopterus roseus,Bird,Omnivore,Wetland,Spain,Metro City Zoo,Least Concern,MALE,14.3,6.7 lbs,125.9,30,0.12,Healthy,Yes,72.29,2023-06-17
ZA-00878,Giraffe,Giraffa camelopardalis,Mammal,Herbivore,Savanna,Namibia,Riverside Zoo,VU,Female,,972.59,,25,54.27,Healthy,Yes,303.43,2022-09-11
ZA-04416,Snow Leopard,Panthera uncia,Mammal,Carnivore,Mountain,Mongolia,Highland Wildlife Reserve,Vulnerable,Female,6.6,44.01,129.7,15,1.77,Healthy,Yes,107.89,na
ZA-03019,Giant Panda,Ailuropoda melanoleuca,Mammal,Herbivore,Forest,China,Coastal Aquarium & Zoo,VU,Male,3.3,78.85,126.1,20,4.77,Healthy,Yes,,2024-10-02
ZA-00014,Scarlet Macaw,Ara macao,Bird,Herbivore,Forest,Peru,RIVERSIDE ZOO,least concern,Female,15.0,1.01,85.0,50,0.07,Healthy,Yes,45.14 USD,04/12/2024
ZA-00482,Snow Leopard,Panthera uncia,Mammal,Carnivore,Mountain,Pakistan,Safari Park North,VU,Male,6.4,40.31,138.4,15,1.65,Healthy,0,123.15,02-12-2024
ZA-03158,Snow Leopard,Panthera uncia,Mammal,Carnivore,Mountain,Mongolia,Greenfield Sanctuary,Vulnerable,Male,4.4,45.96,129.5,15,1.6,Under Observation,Yes,129.64,"August 31, 2022"
ZA-04317,Plains Zebra,Equus quagga,Mammal,Herbivore,Savanna,Kenya,Coastal Aquarium & Zoo,NT,Female,9.1,na,227.9,25,,Healthy,Yes,216.35,2023-04-29
ZA-03245,Emperor Penguin,Aptenodytes forsteri,Bird,Piscivore,Arctic,Antarctica,Metro City Zoo,NT,Female,3.7,21.05,96.9,20,0.94,Healthy,NULL,$125.41,2024-08-01
ZA-02425,Komodo Dragon,Varanus komodoensis,Reptile,Carnivore,Forest,Indonesia,Safari Park North,EN,MALE,22.6,73.9,240.3,30,3.19,Healthy,No,98.28,2025-08-11
ZA-04401,Plains Zebra,Equus quagga,Mammal,herbivore,Savanna,Kenya,Safari Park North,NT,Male,7.9,357.39,253.4,25,22.23,Under Observation,No,491.43,2025-08-06
ZA-03694,Cheetah,Acinonyx jubatus,Mammal,Carnivore,Savanna,Botswana,Safari Park North,VU,Male,3.6,61.86,137.4,12,None,Healthy,Yes,102.48,2023-05-01
ZA-04718,Lion,Panthera leo,Mammal,Carnivore,Savanna,South Africa,Highland Wildlife Reserve,Vulnerable,Female,3.6,151.52 kg,238.6,14,6.1,Healthy,Yes,83.51,2024-09-10
ZA-00858,Cheetah,Acinonyx jubatus,Mammal,Carnivore,Savanna,Namibia,None,VU,na,5.2,107.3 lbs,129.4,12,1.45,Healthy,No,150.99,2025-07-16
ZA-02552,Ostrich,Struthio camelus,Bird,Omnivore,Savanna,Namibia,HIGHLAND WILDLIFE RESERVE,Least Concern,Female,11.2,82.67,203.1,40,3.32,Healthy,Yes,na,07-31-2025
ZA-00047,Red Kangaroo,Osphranter rufus,Mammal,Herbivore,Desert,Australia,Metro City Zoo,least concern,Male,2.4,54.99,124.4,15,2.53,Healthy,Yes,53.7,2024-04-10
ZA-02315,Nile Crocodile,Crocodylus niloticus,Reptile,Carnivore,Wetland,Tanzania,Highland Wildlife Reserve,LC,Female,56.3,-,455.9,70,20.65,Healthy,Y,$182.42,"August 02, 2023"
ZA-03642,Chimpanzee,Pan troglodytes,Mammal,Omnivore,Forest,Tanzania,Safari Park North,Endangered,FEMALE,22.1,49.64,83.2,40,2.24,Healthy,1,130.7,2025-04-25
ZA-02386,Lyon,Panthera leo,Mammal,Carnivore,Savanna,South Africa,Greenfield Sanctuary,VU,Male,6.3,205.87,263.5,14,9.09,Healthy,True,140.23,2022-08-19
ZA-00900,Giant Panda,Ailuropoda melanoleuca,Mammal,Herbivore,Forest,China,Safari Park North,VU,Male,2.1,81.04,126.5,20,4.98,Healthy,Yes,124.83,2024-09-22
ZA-01023,Emperor Penguin,Aptenodytes forsteri,Bird,Piscivore,Arctic,Antarctica,Coastal Aquarium & Zoo,near threatened,M,6.1,39.04,114.6,20,-,Healthy,Y,86.13,03 Oct 2023
ZA-00233,Golden Eagle,Aquila chrysaetos,Bird,Carnivore,Mountain,Pakistan,Safari Park North,LC,Female,5.2,3.81,74.5,25,0.15,Healthy,Yes,48.47,2024-08-15
ZA-00942,Komodo Dragon,Varanus komodoensis,Reptile,Carnivore,Forest,Indonesia,Metro City Zoo,EN,F,15.2,,230.7,30,3.78,Under Observation,True,273.29,"November 08, 2023"
ZA-04796,Lion,Panthera leo,Mammal,Carnivore,Savanna,  Kenya ,Coastal Aquarium & Zoo,Vulnerable,Male,5.9,195.37 kg,266.8,14,8.44,HEALTHY,None,154.71,08/02/2022
ZA-04869,Grey Wolf,Canis lupus,mammal,Carnivore,Forest,Russia,Greenfield Sanctuary,LC,MALE,2.7,39.68,132.7,8,1.37,Healthy,N,83.15 USD,2024-08-08
ZA-01725,Lion,Panthera leo,Mammal,Carnivore,Savanna,Tanzania,Riverside Zoo,VU,F,10.6,155.55,229.5,14,6.83,Healthy,None,173.75,20/07/2024
ZA-04329,Chimpanzee,Pan troglodytes,Mammal,Omnivore,Forest,Uganda,Metro City Zoo,Endangered,Female,-,42.53,86.4,40,1.8,Healthy,Yes,74.0,2022-05-16
ZA-03769,Nile Crocodile,Crocodylus niloticus,Reptile,Carnivore,Wetland,Tanzania,Highland Wildlife Reserve,least concern,Male,30.0,379.36,465.3,70,12.97,Healthy,Yes,205.22,2024-05-27
ZA-03116,Lion,Panthera leo,Mammal ,Carnivore,Savanna,Kenya,  Coastal Aquarium & Zoo ,Vulnerable,M,1.9,106.87,204.7,14,4.79,Healthy,Yes,$112.26,2023-11-19
ZA-02678,African Elephant,Loxodonta africana,Mammal,Herbivore,Savanna,Kenya,Greenfield Sanctuary,VU,Male,37.8,,618.5,60,278.18,Under Observation,Yes,None,04/02/2022
ZA-02222,Red Kangaroo,Osphranter rufus,Mammal,Herbivore,Desert,Australia,Highland Wildlife Reserve,LC,na,7.6,72.99,131.0,15,3.39,Healthy,Yes,105.49,10-10-2022
ZA-01166,Golden Eagle,Aquila chrysaetos,Bird,Carnivore,Mountain,pakistan,Riverside Zoo,Least Concern,Female,13.1,4.48,80.7,25,0.17,Healthy,Y,84.66,05-01-2025
ZA-00205,King Cobra,Ophiophagus hannah,Reptile ,Carnivore,Forest,indonesia,Metro City Zoo,VU,Female,9.3,5.72,389.8,20,0.19,HEALTHY,Yes,41.36,04/05/2023
ZA-04223,Green Sea Turtle,Chelonia mydas,Reptile,Herbivore,Ocean,Pakistan,Safari Park North,EN,Male,18.1,NULL,108.1,80,,  Under Observation ,Yes,412.78,19 Jun 2024
ZA-03905,GREEN IGUANA,Iguana iguana,Reptile,Herbivore,Forest,Brazil,Riverside Zoo,least concern,Male,8.8,5.06,158.0,15,0.25,Sick,Yes,$148.46,2022-06-19
ZA-04571,Giraffe,Giraffa camelopardalis,Mammal,Herbivore,Savanna,Kenya,Metro City Zoo,Vulnerable,M,9.0,1207.09,448.4,25,68.71,Sick,-,962.53,10-26-2024
ZA-01163,Peacock,Pavo cristatus,Bird,Omnivore,Forest,Sri Lanka,Riverside Zoo,Least Concern,Female,9.3,5.01,190.2,-1,0.16,Under Observation,1,146.71,None
ZA-03893,Asian Elephant,Elephas maximus,Mammal,Herbivore,Forest,Sri Lanka,GREENFIELD SANCTUARY,Endangered,Female,11.6,2140.81,498.0,60,97.43,Healthy ,N,476.53,28/05/2023
ZA-02730,Chetah,Acinonyx jubatus,MAMMAL,Carnivore ,Savanna,Kenya,Greenfield Sanctuary,VU,Female,4.8,44.57 kg,127.8,12,1.96,Healthy,Yes,75.81,05 Jun 2023
ZA-01601,Tiger,Panthera tigris,Mammal,Carnivore,Forest,India,Coastal Aquarium & Zoo,EN,female,1.6,103.56,208.3,16,4.26,Under Observation,Yes,209.81,2022-04-18
ZA-00087,Snow Leopard,Panthera uncia,Mammal,Carnivore,  Mountain ,China,  Safari Park North ,Vulnerable,FEMALE,7.0,37.43,140.6,15,1.76,Healthy,Yes,74.77,2022-06-18
ZA-01870,African Elephant,Loxodonta africana,Mammal,Herbivore,Savanna,Kenya,Greenfield Sanctuary,Vulnerable,M,44.4,4672.91,594.9,500,253.22,Healthy,Yes,,2023-09-13
ZA-02927,Giraffe,Giraffa camelopardalis,Mammal,Herbivore,Savanna,Kenya,Metro City Zoo,VU,Female,3.9,646.89,unknown,25,32.75,Healthy,Yes,231.3,-
ZA-02208,Black Rhinoceros,Diceros bicornis,Mammal,Herbivore,Savanna,South Africa,Highland Wildlife Reserve,CR,Female,18.5,1031.19,316.2,40,64.02,Under Observation,Yes,372.03,04-20-2024
ZA-03416,Great White Shark,Carcharodon carcharias,Fish,Carnivore,Ocean,South africa,Highland Wildlife Reserve,VU,Male,15.6,1132.52,494.7,70,54.64,healthy,Yes,304.0,09/03/2025
ZA-00622,Cheetah,Acinonyx jubatus,Mammal,Carnivore,Savanna,Botswana,Metro City Zoo,Vulnerable,F,6.9,46.8,113.1,12,1.49,Healthy,Yes,78.24,2024-12-02
ZA-03616,Snow Leopard,Panthera uncia,Mammal,Carnivore,  Mountain ,China,Riverside Zoo,Vulnerable,Male,10.2,40.35,127.6,15,1.37,Healthy,Yes,123.39,2022-01-16
ZA-02977,Tiger,Panthera tigris,  Mammal ,Carnivore,Forest,IND,Greenfield Sanctuary,EN,Male,5.6,226.24,289.1,16,10.35,Healthy,True,290.6,03-31-2023
ZA-04054,Grey Wolf,Canis lupus,Mammal,Carnivore,Forest,Russia,Safari Park North,LC,Female,5.2,37.84,130.3,8,1.07,Healthy,True,49.7,2023-09-16
ZA-00365,Green Iguana,Iguana iguana,Reptile,Herbivore,Forest,Mexico,Safari Park North,Least Concern,Male,6.8,5.44,None,15,0.37,Healthy,Yes,35.87,02/06/2023
ZA-03041,Leopard,Panthera pardus,Mammal,Carnivore,Forest,India,  Metro City Zoo ,VU,Male,2.4,41.97,139.1,14,1.83,Sick,0,146.27,2023-01-17
ZA-03989,Red-eyed Tree Frog,Agalychnis callidryas,Amphibian,Insectivore,Forest,Costa Rica,Coastal Aquarium & Zoo,Least Concern,Female,,0.01,7.1,5,0.0,Healthy,Yes,,2024-07-19
ZA-01293,WHALE SHARK,Rhincodon typus,Fish,Omnivore,Ocean,Mexico,Safari Park North,Endangered,Female,8.6,4907.74,747.0,70,196.12,Healthy,Yes,680.68,2024-12-29
ZA-03132,Peacock,Pavo cristatus,Bird,Omnivore,Forest,Pakistan,-,least concern,Female,8.5,4.92,204.8,20,None,Healthy,Yes,$69.94,13/02/2022
ZA-03097,Lionn,Panthera leo,Mammal,Carnivore,SAVANNA,Tanzania,Metro City Zoo,Vulnerable,Male,3.8,509.8 lbs,242.1,14,8.76,Injured,Yes,417.17,01-14-2025
ZA-04103,Black Rhinoceros,Diceros bicornis,Mammal ,Herbivore,Savanna,Namibia,Riverside Zoo,NULL,Female,14.1,883.1,367.7,40,57.66,Healthy,No,366.77,26/10/2024
ZA-03335,Chimpanzee,Pan troglodytes,Mammal,Omnivore,Forest,Tanzania,Greenfield Sanctuary,EN,female,11.2,55.45,88.3,40,2.45,Healthy,Yes,$96.12,2024-01-19
ZA-01037,Koala,Phascolarctos cinereus,Mammal,Herbivore,Forest,Australia,Safari Park North,Vulnerable,male,,7.94,74.6,13,0.47,Healthy,Yes,unknown,2022-07-09
ZA-04613,Leapord,Panthera pardus,Mammal,CARNIVORE,Forest,IND,Highland Wildlife Reserve,VU,Female,7.5,54.11,164.7,14,2.02,Sick,No,186.98,08/07/2023
ZA-01654,Flamingoe,Phoenicopterus roseus,Bird,Omnivore,Wetland,Spain,Riverside Zoo,Least Concern,Female,13.1,2.64,117.1,30,0.1,Healthy,Yes,82.21,26/04/2024
ZA-04631,Girafe,Giraffa camelopardalis,Mammal,Herbivore,Savanna,Tanzania,Metro City Zoo,Vulnerable,Female,N/A,1377.21,461.9,25,75.15,Sick,Yes,733.99 USD,2022-05-20
ZA-03883,Axolotl,Ambystoma mexicanum,Amphibian,Carnivore,Wetland,MEXICO,Greenfield Sanctuary,Critically Endangered,F,2.5,0.13,21.6 cm,12,0.01,Healthy,No,52.29,2023-09-18
ZA-03206,HIPPOPOTAMUS,Hippopotamus amphibius,Mammal,Herbivore,Wetland,Tanzania,Greenfield Sanctuary,Vulnerable,Male,25.1,1429.9,354.7,40,85.74,Sick,Yes,555.42,06-03-2022
ZA-02695,Red Kangaroo,Osphranter rufus,Mammal,Herbivore,Desert,Australia,Highland Wildlife Reserve,LC,Female,7.9,139.3 lbs,146.0,15,4.23,Injured,No,$182.60,14/11/2023
ZA-03356,Lion,Panthera leo,Mammal,Carnivore,Savanna,Kenya,Safari Park North,VU,female,2.4,123.61,216.2,14,4.99,Healthy,No,157.4,2024-05-12
ZA-04350,GREY WOLF,Canis lupus,Mammal,Carnivore,Forest,USA,Coastal Aquarium & Zoo,LC,Male,2.7,43.03,131.5,8,1.63,Healthy,Y,$111.87,2022-11-12
ZA-00221,Green Sea Turtle,Chelonia mydas,Reptile,Herbivore,Ocean,Mexico,Safari Park North,endangered,male,32.9,160.33,115.5,80,8.82,Healthy,No,89.72,2023-02-02
ZA-02402,Grey Wolf,Canis lupus,Mammal,Carnivore,Forest,Russia,Riverside Zoo,LC,na,3.3,40.87,134.2,8,1.47,Healthy,Yes,124.14,2022-07-16
ZA-04171,Hippopotamus,Hippopotamus amphibius,Mammal,Herbivore,Wetland,Tanzania,Metro City Zoo,VU,Female,1.3,479.18,200.3,40,26.88,Under Observation,Yes,364.27,2025-03-05
ZA-01057,Green Sea Turtle,Chelonia mydas,Reptile,Herbivore,Ocean,Australia,Riverside Zoo,Endangered,Female,48.6,120.03,unknown,80,7.04,Under Observation,Y,$295.81,2022-06-22
ZA-03182,Saltwater Crocodile,Crocodylus porosus,Reptile,carnivore,Wetland,India ,Riverside Zoo,Least Concern,Male,28.6,436.63,524.5,70,16.17,Under Observation,Yes,$482.20,21/12/2024
ZA-03118,Axolotl,ambystoma mexicanum,Amphibian,Carnivore,Wetland,Mexico,Metro City Zoo,CR,Male,3.7,0.26,23.6,12,0.01,Healthy,Yes,39.61,11-15-2024
ZA-02008,Snow Leopard,Panthera uncia,Mammal,Carnivore,Mountain,China,METRO CITY ZOO,Vulnerable,Female,2.1,21.03,107.5,15,0.85,Under Observation,Yes,$167.64,2025-02-17
ZA-02166,Peacock,Pavo cristatus,Bird,Omnivore,Forest,Sri Lanka,Riverside Zoo,LC,Male,11.3,6160 g,219.1,20,0.28,Healthy,Yes,62.83,03 Sep 2024
ZA-00040,Ostrich,Struthio camelus,Bird,Omnivore,Savanna,Kenya,Greenfield Sanctuary,Least Concern,MALE,18.2,115.02,233.6,40,5.36,Injured,1,374.88,2024-08-17
ZA-01193,Flamingo,Phoenicopterus roseus,Bird,Omnivore,Wetland,India,Coastal Aquarium & Zoo,,Male,6.0,2.8,107.7,30,0.1,Healthy,Yes,77.09,12/03/2024
ZA-02963,Komodo Dragon,Varanus komodoensis,Reptile,Carnivore,Forest,Indonesia,Metro City Zoo,EN,Male,18.3,79.28,236.8,30,None,unknown,No,70.08,NULL
ZA-03627,Snow Leopard,Panthera uncia,Mammal,Carnivore,mountain,Mongolia,Riverside Zoo,VU,Male,6.4,32.3,129.0,15,1.36,Healthy,Yes,90.18,2022-08-05
ZA-00564,Whale Shark,Rhincodon typus,Fish,Omnivore,Ocean,Pakistan,Metro City Zoo,Endangered,Female,38.0,17732.1 lbs,934.3,70,336.77,-,,909.71,2022-08-25
ZA-03690,Great White Shark,Carcharodon carcharias,Fish,Carnivore,Ocean,USA,Safari Park North,VU,FEMALE,N/A,1046.97,na,70,36.36,Healthy,Yes,-,03-24-2023
ZA-02539,Axolotl,Ambystoma mexicanum,Amphibian,Carnivore,Wetland,Mexico,Safari Park North,Critically Endangered,Female,na,0.09,20.0,12,0.0,Healthy,,34.36,27 Aug 2023
ZA-03744,Bottlenose Dolphin,Tursiops truncatus,Mammal,  Piscivore ,Ocean,Australia,Greenfield Sanctuary,LEAST CONCERN,FEMALE,11.8,170.05,281.0,40,8.2,Healthy,N/A,155.67,30/03/2024
ZA-03933,Grey Wolf,Canis lupus,Mammal,Carnivore,Forest,usa,Safari Park North,Least Concern,male,1.8,40.03,123.0,8,2.09,Healthy,Yes,80.22,2023-02-07
ZA-03763,Cheetah,Acinonyx jubatus,Mammal,Carnivore,Savanna,Namibia,Safari Park North,VU,Female,unknown,51.5,126.4,12,2.37,Sick,No,248.53,2024-12-29
ZA-00523,Emperor Penguin,Aptenodytes forsteri,Bird,Piscivore,Arctic,Antarctica,Greenfield Sanctuary,NT,Female,9.9,-,112.9,20,1.59,Under Observation,No,192.79,16 Sep 2023
ZA-00592,Asian Elephant,Elephas maximus,Mammal,HERBIVORE,Forest,india,Highland Wildlife Reserve,EN,Female,18.5,3389.68,498.1,60,236.92,Sick,Yes,na,25/03/2023
ZA-03832,Leopard,Panthera pardus,Mammal,Carnivore,Forest,India,Coastal Aquarium & Zoo,VU,M,9.8,76.84,171.8,14,3.08,Injured,Yes,unknown,21/10/2024
ZA-03218,Bald Eagle,Haliaeetus leucocephalus,Bird,Carnivore,Forest,Canada,Highland Wildlife Reserve,LC,Male,8.7,5.69,89.4,25,-,Healthy,Yes,$56.99,07/07/2022
ZA-02226,Saltwater Crocodile,Crocodylus porosus,Reptile,Carnivore,Wetland,Indonesia,Greenfield Sanctuary,LC,Male,14.1,391.23,494.3,70,18.57,Healthy,1,228.03,2022-05-30
ZA-02260,Great White Shark,Carcharodon carcharias,Fish,Carnivore,Ocean,Australia,Greenfield Sanctuary ,VU,Female,25.8,971.76,440.7,70,41.36,Healthy,Yes,353.61,22/11/2022
ZA-04047,Golden Eagle,Aquila chrysaetos,Bird,Carnivore,Mountain,Mongolia,Highland Wildlife Reserve,LC,Male,7.3,5.85 kg,80.1,25,0.2,Healthy,Yes,78.81,2023-09-30
ZA-03067,Emperor Penguin,Aptenodytes forsteri,Bird,Piscivore,Arctic,Antarctica,Coastal Aquarium & Zoo,NT,Male,12.4,33.81,132.2,20,1.68,None,No,116.78,-
ZA-04053,cheetah,Acinonyx jubatus,Mammal,Carnivore,Savanna,Namibia,Highland Wildlife Reserve,VU,female,10.6,43.02,131.4,12,1.69,Healthy,Yes,103.0,23 Aug 2025
ZA-03943,Brown Bear,Ursus arctos,Mammal,Omnivore,Forest,Russia,Safari Park North,least concern,Female,19.2,356.62,206.2,25,12.85,Healthy,False,182.43,"January 06, 2023"
ZA-02658,Gorrila,Gorilla gorilla,Mammal,Herbivore,Forest,Congo,Metro City Zoo,critically endangered,female,None,128.94,159.6,35,N/A,Healthy,0,71.14,08-19-2023
ZA-03114,Cheetah,Acinonyx jubatus,Mammal,Carnivore,Savanna,Namibia,,Vulnerable,MALE,6.3,55.04,127.3,12,2.35,Healthy,Yes,86.53,2022-03-02
ZA-03400,Giant Panda,Ailuropoda melanoleuca,MAMMAL,Herbivore,Forest,China,Highland Wildlife Reserve,Vulnerable,F,6.6,104.04,143.2,20,8.35,Sick,1,$230.06,07 Aug 2025
ZA-02527,Tiger,Panthera tigris,Mammal,Carnivore,Forest,Russia,Metro City Zoo,EN,,6.4,451.6 lbs,274.5,16,8.86,Healthy,Yes,181.44,2025-06-11
ZA-04292,Lion,Panthera leo,Mammal,Carnivore,Savanna,South Africa,Highland Wildlife Reserve,VU,Male,8.6,177.44,277.8,14,-,unknown,Yes,174.86,05/07/2022
ZA-00577,Hippopotamus,Hippopotamus amphibius,Mammal,Herbivore,Wetland,Zambia,Riverside Zoo,Vulnerable,Male,NULL,,271.1,40,33.67,Healthy,Yes,296.07,05-09-2024
ZA-01651,Axolotl,Ambystoma mexicanum,Amphibian,Carnivore,Wetland,Mexico,Greenfield Sanctuary,CR,Male,None,0.22,26.5,12,0.01,Healthy,None,38.48,2024-04-10
ZA-03923,  Giant Panda ,Ailuropoda melanoleuca,Mammal,Herbivore,Forest,China,Greenfield Sanctuary,Vulnerable,F,16.0,81.25,140.2,20,5.21,Healthy ,Yes,113.46,2025-08-27
ZA-01961,Orangutan,Pongo pygmaeus,Mammal,Omnivore,Forest,Indonesia,Safari Park North,CRITICALLY ENDANGERED,Female,29.2,na,105.0,35,3.67,Healthy,False,na,2022-06-25
ZA-04852,Orangutan,Pongo pygmaeus,Mammal,Omnivore,Forest,Indonesia,Coastal Aquarium & Zoo,CR,MALE,4.0,42.25,84.8,35,1.28,Under Observation,Y,222.18,2022-05-17
ZA-00552,Giraffe,Giraffa camelopardalis,Mammal,Herbivore,Savanna,Tanzania,Coastal Aquarium & Zoo,VU,M,8.9,1411.61,439.7,25,87.33,Sick,Y,774.84,07-19-2022
ZA-01636,Komodo Dragon,Varanus komodoensis,Reptile,Carnivore,Forest,Indonesia,Safari Park North,Endangered,female,18.8,78.12,242.0,30,2.05,Healthy,1,94.36,31 Dec 2024
ZA-01275,Flamingo,phoenicopterus roseus,bird,Omnivore,Wetland,Kenya,Metro City Zoo,LC,Male,17.0,2.86,120.4,30,0.14,Healthy,Yes,71.99,2022-01-10
ZA-01817,Giraffe,Giraffa camelopardalis,Mammal,Herbivore,Savanna,Namibia,Metro City Zoo,VU,Female,two,1236.74,434.8,25,58.86,Healthy,Yes,480.29,22 Oct 2022
ZA-00756,African Elephant,Loxodonta africana,Mammal,Herbivore,Savanna,South Africa,Highland Wildlife Reserve,vulnerable,Male,41.8,5674.73,571.9,60,322.31,Healthy,unknown,496.24,2022-02-02
ZA-03981,Grey Wolf,Canis lupus,Mammal,Carnivore,Forest,USA,Safari Park North,Least Concern,Female,5.1,35.39,138.4,8,1.57,Healthy,Yes,77.92,13/08/2025
ZA-02635,Koala,Phascolarctos cinereus,Mammal,Herbivore,Forest,Australia,Safari Park North,VU,Male,1.7,6.6,58.3,13,0.33,Injured,1,105.18,09-07-2022
ZA-01328,Cheetah,Acinonyx jubatus,Mammal,Carnivore,Savanna,Kenya,metro city zoo,vulnerable,Female,7.1 yrs,43810 g,125.1,12,1.96,Sick,Yes,214.31,2023-12-24
ZA-00640,Lion,Panthera leo,Mammal,Carnivore,Savanna,Tanzania,Highland Wildlife Reserve,Vulnerable,Female,2.3,124.63,221.4,14,,Healthy,Y,104.83,2023-12-12
ZA-04408,Sea Otter,Enhydra lutris,MAMMAL,Carnivore,Ocean,U.S.A.,HIGHLAND WILDLIFE RESERVE,EN,Male,9.4,27.25,N/A,15,1.11,Healthy,False,82.94,2024-01-04
ZA-00044,African Elephant ,Loxodonta africana,Mammal,herbivore,Savanna,botswana,Coastal Aquarium & Zoo,Vulnerable,Male,9.3,2937630 g,552.4,60,172.3,Healthy,Yes,456.97,20/07/2023
ZA-00008,Flamingo,Phoenicopterus roseus,Bird,Omnivore,Wetland,Spain,Greenfield Sanctuary,Least Concern,Male,15.4,3.42,124.6,30,0.16,Healthy,No,-,2024-02-09
ZA-00481,Black Rhinoceros,Diceros bicornis,Mammal,Herbivore,Savanna,Namibia,Safari Park North,CR,M,28.4,unknown,328.0,40,50.2,Healthy,Yes,395.99,2024-03-22
ZA-04749,Flamingo,Phoenicopterus roseus,Bird,Omnivore,Wetland,Spain,Highland Wildlife Reserve,Least Concern,Male,16.6,3.04,118.6,30,0.14,Healthy,No,na,2022-08-13
ZA-00472,Lyon,Panthera leo,Mammal,Carnivore,Savanna,Tanzania,Metro City Zoo,Vulnerable,F,10.2,217400 g,227.9,14,-,Healthy,Yes,208.72,2022-03-05
ZA-00422,Great White Shark,Carcharodon carcharias,Fish,Carnivore,Ocean,South Africa,Riverside Zoo,vulnerable,male,na,1269.8,450.1,70,54.37,Healthy,,$383.91,2023-01-17
ZA-03987,Ostrich,Struthio camelus,Bird,Omnivore,Savanna,Kenya,Greenfield Sanctuary,unknown,Female,6.7,65.78,175.2,40,3.56,Healthy,Yes,143.28,2025-05-23
ZA-03857,Gorilla,Gorilla gorilla,Mammal,Herbivore,Forest,Uganda,Coastal Aquarium & Zoo,CR,Female,23.1,395.3 lbs,168.0,35,10.64,Healthy,No,109.98,01-24-2022
ZA-03733,Green Sea Turtle,Chelonia mydas,Reptile,Herbivore,Ocean,Pakistan,Coastal Aquarium & Zoo,EN,Female,49.8,133.41 kg,99.4,80,,Healthy,Yes,128.02,01-30-2023
ZA-00655,Bottlenose Dolphin,Tursiops truncatus,Mammal,Piscivore,Ocean,USA,Riverside Zoo,LC,Male,21.9,223.92,301.5,40,10.85,Healthy,Yes,141.83,11-03-2022
ZA-02954,Bald Eagle,Haliaeetus leucocephalus,Bird,Carnivore,Forest,USA,Metro City Zoo,LEAST CONCERN,N/A,17.0,3.42,83.9,25,,Healthy,No,-,unknown
ZA-03376,Golden Eagle,Aquila chrysaetos,Bird,Carnivore,Mountain,Mongolia,SAFARI PARK NORTH,LC,F,2.7,2.88,59.6,25,0.12,Sick,Yes,114.83,10-01-2023
ZA-04633,Girafe,Giraffa camelopardalis,Mammal,Herbivore,Savanna,Tanzania,Riverside Zoo,VU,na,15.7,1191.13,unknown,25,70.91,Healthy,No,520.96,"October 13, 2023"
ZA-03329,Orangutan,Pongo pygmaeus,Mammal,Omnivore,Forest,Indonesia,Coastal Aquarium & Zoo,Critically Endangered,Female,18.3,76.0,116.9,35,3.79,Healthy,Y,97.95,2025-01-15
ZA-00465,Nile Crocodile,Crocodylus niloticus,Reptile,Carnivore,Wetland,Zambia,Safari Park North,LC,Female,32.8,313.91,483.3,70,10.68,Injured,No,507.33,2022-07-21
ZA-04731,Gorilla,gorilla gorilla,Mammal,Herbivore,Forest ,Congo,Coastal Aquarium & Zoo,CR,MALE,21.6,164.08,157.4,35,NULL,Under Observation,Yes,149.11,20/04/2024
ZA-03588,Emperor Penguin,Aptenodytes forsteri,Bird,Piscivore,Arctic,N/A,Metro City Zoo,Near Threatened,Male,14.5,29.83,120.2,20,1.69,Healthy,Yes,100.39,2022-06-19
ZA-01692,Komodo Dragon,Varanus komodoensis,Reptile,Carnivore,Forest,Indonesia,Riverside Zoo,EN,male,21.9,67.51,259.9,500,2.51,Healthy,Yes,$159.66,17/12/2023
ZA-01034,King Cobra,Ophiophagus hannah,Reptile,Carnivore,Forest,N/A,Safari Park North,Vulnerable,Male,7.3,7.35,396.4,20,0.29,Healthy,Yes,92.03,22/01/2024
ZA-00698,Gorilla,Gorilla gorilla,Mammal,  Herbivore ,Forest,Congo,Metro City Zoo,CR,NULL,26.6,159.24,170.1,35,7.29,Healthy,Y,211.92,"January 06, 2022"
ZA-02231,Golden Eagle,Aquila chrysaetos,BIRD,Carnivore,Mountain,Pakistan,HIGHLAND WILDLIFE RESERVE,LC,Female,17.1 yrs,4.81,81.5,25,0.18,Healthy,True,unknown,09 Sep 2025
ZA-00695,Scarlet Macaw,ara macao,Bird,Herbivore,Forest,Peru,Highland Wildlife Reserve,Least Concern,Male,34.1,-,87.2,50,0.08,Sick,True,68.02,2022-04-06
ZA-03468,Flamingo,Phoenicopterus roseus,Bird,Omnivore,Wetland,Kenya,Riverside Zoo,LC,Female,10.4,3.19,117.6,30,0.14,Healthy,N/A,32.73,2022-01-05
ZA-00066,Red Kangaroo,Osphranter rufus,Mammal,Herbivore,Desert,Australia,Highland Wildlife Reserve,LC,female,,64.18,128.0,15,2.74,Healthy,Yes,78.04,23 Mar 2025
ZA-03528,Galapagos Tortoise,Chelonoidis niger,Reptile,Herbivore,Island,Ecuador,Metro City Zoo,VU,Female,59.9,275.39,122.0,100,17.01,Healthy,Yes,173.51,2023-09-08
ZA-03077,Flamingo,Phoenicopterus roseus,Bird,Omnivore,Wetland,,Coastal Aquarium & Zoo,least concern,Male,7.0,2.98,114.6,30,,Healthy,-,58.39,2023-05-31
ZA-02481,Bald Eagle,Haliaeetus leucocephalus,Bird,Carnivore,Forest,USA,Riverside Zoo,Least Concern,Female,18.5,5.54 kg,80.2,25,0.27,Healthy,Yes,65.77,2023-05-10
ZA-01433,Koala,Phascolarctos cinereus,Mammal,Herbivore,Forest,Australia,Greenfield Sanctuary,VU,Female,1.8,5.92,60.0,13,0.34,Healthy,Yes,$74.73,07/09/2024
ZA-03665,Snow Leopard,Panthera uncia,MAMMAL,carnivore,Mountain,Mongolia,metro city zoo,Vulnerable,Male,5.9,43.82,131.9,15,1.87,Healthy,NULL,$85.61,2022-05-25
ZA-04661,Orangutan,Pongo pygmaeus,Mammal,  Omnivore ,Forest,Indonesia,Greenfield Sanctuary,CR,Male,6.6,67.17,101.1,35,3.12,Healthy,Yes,168.37,30 Jun 2023
ZA-04222,Giraffe,Giraffa camelopardalis,Mammal,Herbivore,Savanna,Kenya,Riverside Zoo,na,F,10.7,1058.62 kg,448.9,25,69.71,Healthy,Yes,326.28,2023-08-22
ZA-02093,Axolotl,Ambystoma mexicanum,Amphibian,Carnivore,Wetland,Mexico,Safari Park North,Critically Endangered,male,3.6,0.21,26.3,12,0.01,Healthy,False,43.92,29 Feb 2024
ZA-03236,Koala,Phascolarctos cinereus,Mammal,Herbivore,Forest,Australia,Coastal Aquarium & Zoo,vulnerable,Female,4.7,8.49,74.7,13,0.63,Healthy,1,39.67,17 Mar 2024
ZA-03362,Bottlenose Dolphin,Tursiops truncatus,Mammal,Piscivore,Ocean ,USA,Greenfield Sanctuary,least concern,male,21.7,227.91,307.3,40,11.85,Healthy,Yes,222.43,18 Jan 2022
ZA-00996,Hippopotamus,Hippopotamus amphibius,Mammal,Herbivore,Wetland,Kenya,Greenfield Sanctuary,VU,M,unknown,1664.69,409.9,40,104.85,Healthy,Yes,409.34,2025-04-11
ZA-02372,Chimpanzee,Pan troglodytes,Mammal,Omnivore,Forest,DRC,Metro City Zoo,Endangered,M,6.8,35.09,79.0,40,NULL,Healthy,No,102.75,2022-04-29
ZA-04875,Green Sea Turtle,Chelonia mydas,Reptile,Herbivore,Ocean,Australia,Highland Wildlife Reserve,endangered,Male,10.2,110.49,86.4,80,5.69,Healthy,Yes,116.38,2023-02-23
ZA-03296,Bottlenose Dolphin,Tursiops truncatus,Mammal,Piscivore,Ocean,Australia,Highland Wildlife Reserve,LC,Female,23.6,195.56,291.2,40,11.63,Healthy,No,123.16,19/04/2024
ZA-04867,Leopad,panthera pardus,Mammal,Carnivore,Forest,South Africa,Coastal Aquarium & Zoo,VU,Male,5.7,50.33,172.2,14,1.68,Healthy,Yes,99.06,2022-12-03
ZA-01781,Koala,Phascolarctos cinereus,Mammal,Herbivore,Forest,Australia,Safari Park North,vulnerable,Female,NULL,8.23 kg,67.6,13,0.65,Healthy,Yes,69.59,2024-10-14
ZA-04112,Orangutan,Pongo pygmaeus,Mammal,Omnivore,Forest,Indonesia,Safari Park North,CR,Male,10.7,85.06,111.0,35,3.09,Healthy,No,128.41,2025-01-22
ZA-02110,Ostrich,Struthio camelus,Bird,Omnivore,Savanna,South Africa,Metro City Zoo,Least Concern,Male,5.2,92.71,189.2,40,4.0,Healthy,No,160.4,2024-09-27
ZA-03080,Cheetah,Acinonyx jubatus,Mammal,Carnivore,Savanna,Botswana,Riverside Zoo,Vulnerable,Female,3.1,48.86,133.4,12,1.99,Healthy,Yes,unknown,30/09/2023
ZA-04116,Red-eyed Tree Frog,Agalychnis callidryas,Amphibian,Insectivore,Forest,Mexico,Greenfield Sanctuary,Least Concern,Male,2.5,0.01,7.8,5,0.0,Healthy,No,47.11,04-24-2023
ZA-00130,Giraffe,Giraffa camelopardalis,Mammal,Herbivore,Savanna,Namibia,N/A,VU,Male,10.0,1630.64,496.5,25,99.92,Healthy,na,382.32,2025-04-21
ZA-04735,Lion,Panthera leo,Mammal,  Carnivore ,Savanna,South africa,Greenfield Sanctuary,Vulnerable,Female,4.3,208.16,255.0,14,9.71,Healthy,Yes,,12-26-2023
ZA-03593,Chimpanzee,Pan troglodytes,Mammal,Omnivore,Forest,Uganda,Highland Wildlife Reserve,endangered,Male,22.2,62.62,91.6,40,2.96,Healthy,Yes,112.94,2023-11-07
ZA-00850,HIPPOPOTAMUS,Hippopotamus amphibius,Mammal,Herbivore,-,Tanzania,Highland Wildlife Reserve,VU,Female,28.8,1289.43,340.2,40,N/A,Injured,Yes,966.89,2022-02-04
ZA-03238,Plains Zebra,Equus quagga,Mammal,Herbivore,Savanna,Botswana,Safari Park North,Near Threatened,Male,9.1 yrs,354.23,235.6,25,23.32,Under Observation,0,None,03-14-2024
ZA-03545,Nile Crocodile,Crocodylus niloticus,Reptile,Carnivore,Wetland,Kenya,Highland Wildlife Reserve,LC,Male,43.4,417.0,unknown,70,16.32,Under Observation,Yes,425.39,2022-05-04
ZA-03852,Bottlenose Dolphin,Tursiops truncatus,Mammal,Piscivore,OCEAN,Australia,Coastal Aquarium & Zoo,Least Concern,Female,21.8,174.16,297.8,40,NULL,Healthy,No,248.46,01 May 2022
ZA-03336,AFRICAN ELEPHANT,Loxodonta africana,Mammal,Herbivore,Savanna,Kenya,Metro City Zoo,Vulnerable,Female,15.7,10524.6 lbs,568.7,60,,Healthy,No,$768.15,14/09/2023
ZA-02286,Grey Wolf,Canis lupus,Mammal,  Carnivore ,Forest,Canada,Greenfield Sanctuary,Least Concern,Female,5.7,31.91,118.7,8,1.38,Sick,Yes,118.52,25/04/2023
ZA-04870,Leopard,Panthera pardus,Mammal,Carnivore,Forest,India,Highland Wildlife Reserve,Vulnerable,Female,7.7,58.07,170.2,14,,Healthy,Yes,NULL,03-12-2022
ZA-03202,Axolotl,Ambystoma mexicanum,Amphibian,Carnivore,Wetland,Mexico,Safari Park North,CR,Female,7.7,0.19,23.8,12,0.01,Healthy,Yes,33.75 USD,06 Jan 2022
ZA-03388,Axolotl,Ambystoma mexicanum,Amphibian,Carnivore,Wetland,Mexico,Safari Park North,CR,male,3.0,0.23,23.6,12,0.01,Healthy,Yes,60.72,2022-08-03
ZA-00078,Chimpanzi,Pan troglodytes,Mammal,Omnivore,Forest,Congo,Coastal Aquarium & Zoo,Endangered,Female,4.7,N/A,68.6,40,1.58,Under Observation,Yes,287.52,21/12/2022
ZA-04933,king cobra,Ophiophagus hannah,Reptile,Carnivore,Forest,India,Coastal Aquarium & Zoo,VU,Female,9.0,6.66,388.3,20,-,Healthy,No,60.63,2023-07-09
ZA-01923,Snow Leopard,Panthera uncia,Mammal,Carnivore,Mountain,Mongolia,Coastal Aquarium & Zoo,Vulnerable,Female,2.7,21.48,115.9,15,1.12,Injured,No,208.87,2025-02-20
ZA-00672,Green Sea Turtle,Chelonia mydas,Reptile,Herbivore,Ocean,PAKISTAN,Coastal Aquarium & Zoo,Endangered,Male,6.6,63.44,81.2,80,3.96,Healthy,Yes,121.12,11/05/2023
ZA-04026,Giraffe,Giraffa camelopardalis,Mammal,Herbivore,Savanna,Namibia,Riverside Zoo,VU,Male,8.2,1212.03,484.2,25,73.86,Healthy,,552.09,06/09/2024
ZA-02571,Green Sea Turtle,Chelonia mydas,Reptile,Herbivore,Ocean,Mexico,Riverside Zoo,EN,Female,23.6,-,112.2,80,8.74,Injured,No,-,21/10/2024
ZA-04960,Grey Wolf,Canis lupus,Mammal,Carnivore,Forest,Russia,Coastal Aquarium & Zoo ,LC,Male,4.4,106.8 lbs,141.9,8,2.25,Healthy,Yes,81.98,2023-07-25
ZA-02103,Nile Crocodile,Crocodylus niloticus,Reptile,Carnivore,Wetland,Tanzania,Metro City Zoo,LC,Male,17.9,388.43 kg,464.7,70,None,Healthy,Yes,209.08,"August 03, 2023"
ZA-03617,Chimpanzee,Pan troglodytes,Mammal,Omnivore,Forest,Tanzania,Highland Wildlife Reserve,Endangered,Male,22.0,127.0 lbs,94.4,40,2.84,Injured,Yes,223.91 USD,2023-07-24
ZA-04795,Green Sea Turtle,Chelonia mydas,Reptile,Herbivore,Ocean,Australia,Highland Wildlife Reserve,Endangered,Male,34.1,198.98,107.7,80,14.61,Healthy,Yes,145.3,2023-09-06
ZA-03908,King Cobra,Ophiophagus hannah,Reptile,Carnivore,Forest,India,Safari Park North,VULNERABLE,Female,5.0,5.19,395.8,20,0.16,Sick,Yes,126.98,2022-08-10
ZA-04929,Golden Eagle,Aquila chrysaetos,Bird,Carnivore,Mountain,Pakistan,Coastal Aquarium & Zoo,LC,Female,9.3,5.14,75.7,25,0.24,Injured,0,78.71,2024-08-16
ZA-01482,Green Iguana,Iguana iguana,Reptile,HERBIVORE,-,Brazil,Highland Wildlife Reserve,LC,Female,6.7,3.98,N/A,15,0.27,Under Observation,No,,2025-04-30
ZA-04304,Komodo Dragon,Varanus komodoensis,Reptile,Carnivore,Forest,Indonesia,Highland Wildlife Reserve,EN,F,6.0,49.02,217.2,30,1.91,UNDER OBSERVATION,1,293.16,2022-07-17
ZA-00383,Asian Elephant,Elephas maximus,Mammal,Herbivore,Forest,Thailand,Metro City Zoo ,N/A,M,35.9,10744.6 lbs,586.0,60,229.02,Healthy,Yes,691.79,09-02-2022
ZA-03623,Flamingoe,Phoenicopterus roseus,Bird,Omnivore,Wetland,Kenya,Safari Park North,LC,Female,19.6,2.69,118.0,30,0.17,Healthy,Yes,$45.73,10/05/2025
ZA-04551,Koala,Phascolarctos cinereus,Mammal,Herbivore,Forest,Australia,Safari Park North,Vulnerable,Female,2.1,5.26,63.4,13,0.32,Healthy,Yes,55.15,N/A
ZA-04161,Nile Crocodile,Crocodylus niloticus,Reptile,Carnivore,Wetland,Zambia,Safari Park North,Least Concern,Female,38.2,349.44,488.6,70,12.76,Healthy,True,-,2022-09-28
ZA-04973,Komodo Dragon,Varanus komodoensis,Reptile,Carnivore,Forest,Indonesia,Coastal Aquarium & Zoo,Endangered,Female,18.8,74.8,243.4,30,3.19,Healthy,No,97.49,2023-01-31
ZA-04492,Ostrich,Struthio camelus,Bird,Omnivore,Savanna,South Africa,Highland Wildlife Reserve,,Female,13.1,102.81,210.9,40,5.34,Sick,Yes,202.86,"November 12, 2022"
ZA-00559,Golden Eagle,Aquila chrysaetos,Bird,Carnivore,Mountain,USA,Metro City Zoo,least concern,M,17.1,5.0,84.7,25,0.18,Under Observation,Yes,$92.19,02-15-2023
ZA-00836,Gorrila,Gorilla gorilla,mammal,Herbivore,Forest,Gabon,Safari Park North,CR,Male,24.3,176.99,unknown,35,11.1,Healthy,Yes,149.02,2023-12-30
ZA-00030,Grey Wolf,canis lupus,Mammal,Carnivore,Forest,Canada,Greenfield Sanctuary,LC,Male,1.5,32.96 kg,114.5,8,1.6,Healthy,Yes,$86.24,07-24-2023
ZA-00464,Bottlenose Dolphin,Tursiops truncatus,Mammal,Piscivore,Ocean,US,Safari Park North,LC,Female,14.3,211.16 kg,287.6,40,9.79,Healthy,N,$178.68,2025-06-27
ZA-04462,Golden Eagle,Aquila chrysaetos,Bird,Carnivore,Mountain,Mongolia,Coastal Aquarium & Zoo,LC,Female,13.9,4.43,83.5,25,0.23,Sick,,83.61,2022-09-03
ZA-00917,Bottlenose Dolphin,tursiops truncatus,Mammal,Piscivore,Ocean,Mexico,Coastal Aquarium & Zoo,LC,Female,8.1,135.92,274.5,40,6.2,HEALTHY,Yes,115.69,17/07/2024
ZA-01826,Great White Shark,Carcharodon carcharias,Fish,Carnivore,ocean,USA,Coastal Aquarium & Zoo,Vulnerable,male,23.6,1126.62,495.1,70,53.46,Healthy,False,411.77,24/04/2023
ZA-01300,Tiger,Panthera tigris,Mammal,Carnivore,Forest,Russia,Riverside Zoo,EN,Female,6.7,175.58 kg,264.3,16,8.17,Healthy,No,$223.35,"January 02, 2023"
ZA-03842,Peacock,Pavo cristatus,Bird,Omnivore,Forest,Sri Lanka,Safari Park North,least concern,M,3.3,3790 g,191.7,20,0.18,Healthy,True,57.41,10/10/2023
ZA-03485,Chimpanzee,Pan troglodytes,Mammal,Omnivore,Forest,Uganda,Safari Park North,EN,MALE,7.2,34.95,85.4,40,,Under Observation,1,$161.60,2024-05-23
ZA-04782,Ostrich,Struthio camelus,Bird,Omnivore,Savanna,Namibia,Metro City Zoo,LC,Female,17.0,99.77,217.0,40,4.44,Healthy,Yes,128.72,08-19-2022
ZA-04118,Red Kangaroo,Osphranter rufus,Mammal,Herbivore,Desert,Australia,Riverside Zoo,Least Concern,Male,2.8,57.3,119.8,15,3.41,Sick,True,257.61,20/02/2024
ZA-00519,Koala,Phascolarctos cinereus,Mammal,Herbivore,Forest,None,Highland Wildlife Reserve,VU,FEMALE,3.0,7.48,76.0,13,0.31,Healthy ,Yes,NULL,"May 13, 2024"
ZA-03209,Red Kangaroo,Osphranter rufus,Mammal,Herbivore,Desert,Australia,Coastal Aquarium & Zoo,LC,Male,8.7,99.07,141.8,15,7.89,Sick,Yes,249.0,2023-12-28
ZA-03122,Snow Leopard,Panthera uncia,Mammal,Carnivore,Mountain,Pakistan,Safari Park North,vulnerable,None,8.4,40.61,135.0,15,1.66,Under Observation,Yes,200.37,2025-08-07
ZA-01873,Sea Otter,Enhydra lutris,Mammal,Carnivore,Ocean,Russia,Greenfield Sanctuary,EN,M,4.7,31.02,119.5,15,N/A,Healthy,Yes,70.86,2024-12-26
ZA-04240,African Elephant,Loxodonta africana,Mammal,Herbivore,Savanna,Tanzania,Highland Wildlife Reserve,Vulnerable,female,18.5,4314.01,587.2,60,259.16,Under Observation,No,1441.97,2023-11-04
ZA-00596,Flamingoe,Phoenicopterus roseus,Bird,Omnivore,Wetland,spain,highland wildlife reserve,LC,Female,23.9,2.8,118.2,30,0.11,Sick,Yes,unknown,2022-12-15
ZA-00470,Lion,Panthera leo,Mammal,Carnivore,Savanna,Tanzania,Highland Wildlife Reserve,VU,Female,10.8,171.62,232.7,14,NULL,Healthy,Yes,86.8,"December 03, 2024"
ZA-03332,  King Cobra ,Ophiophagus hannah,Reptile,Carnivore,Forest,Thailand,Safari Park North,Vulnerable,Male,7.9,6.24,401.9,20,0.26,INJURED,Y,112.39,2022-12-31
ZA-03289,Brown Bear,Ursus arctos,Mammal,Omnivore,Forest,Canada,Metro City Zoo,LC,M,5.6,287.79,205.7,25,12.88,Healthy,False,117.4,2022-10-27
ZA-03976,Polar Bear,Ursus maritimus,Mammal,Carnivore,Arctic,Canada,Coastal Aquarium & Zoo,Vulnerable,female,5.2,273.17,217.8,25,13.74,Sick,No,325.12,2022-11-14
ZA-02416,Golden Eagle,Aquila chrysaetos,Bird,Carnivore,Mountain,Pakistan,Greenfield Sanctuary,LC,F,14.2,4.57,86.2,25,unknown,Sick,Yes,122.7,2022-10-11
ZA-02294,Chimpanzee,Pan troglodytes,Mammal,Omnivore,Forest,Congo,Highland Wildlife Reserve,Endangered,Male,4.3,NULL,71.3,40,1.29,Injured,Y,$258.14,07-01-2025
ZA-03133,Clownfish,Amphiprion ocellaris,Fish,Omnivore,Ocean,Indonesia,Metro City Zoo,LC,M,6.1,0.02,9.1,8,na,Sick,Yes,108.17,30 Jun 2022
ZA-01555,Flamingo,Phoenicopterus roseus,Bird,Omnivore,Wetland,Kenya,Metro City Zoo,LEAST CONCERN,male,None,3.27,114.7,30,0.13,Injured,No,None,12/07/2025
ZA-00098,Nile Crocodile,Crocodylus niloticus,Reptile,Carnivore,Wetland,Zambia,Riverside Zoo,LC,Male,33.9,409.8,463.5,70,18.9,Healthy,Yes,284.75,2024-01-29
ZA-04399,Giraffe,Giraffa camelopardalis,Mammal,Herbivore,Savanna,Namibia,Safari Park North,Vulnerable,Female,6.5,None,413.9,25,53.86,Under Observation,Yes,693.05,15/09/2022
ZA-04100,Black Rhinoceros,Diceros bicornis,Mammal,Herbivore,Savanna,Kenya,Safari Park North,CR,Male,27.7,1142.02,383.3,40,82.96,Under Observation,Yes,473.18,2023-02-19
ZA-02213,Bald Eagle,Haliaeetus leucocephalus,Bird,Carnivore,Forest,Canada,Greenfield Sanctuary,LC,Female,,4.75 kg,85.9,25,0.18,Healthy,Yes,67.94,2025-04-20
ZA-02430,Orangutan,Pongo pygmaeus,Mammal,Omnivore,Forest,Malaysia,Safari Park North,Critically Endangered,Female,23.6 yrs,65.46,108.0,35,2.62,Healthy,1,126.82,07/04/2024
ZA-02246,Green Iguana,Iguana iguana,Reptile,Herbivore,Forest,Costa Rica,Greenfield Sanctuary,LC,F,11.9,4.82,166.9,15,0.4,Healthy,None,,2024-07-20
ZA-04025,Nile Crocodile,Crocodylus niloticus,REPTILE,Carnivore,Wetland,Zambia,Greenfield Sanctuary,LC,Female,38.2,319.33,472.1,70,12.45,Sick,Yes,251.33,2024-12-19
ZA-02077,Asian Elephant,Elephas maximus,Mammal,Herbivore,  Forest ,Thailand,Coastal Aquarium & Zoo,Endangered,na,30.6,4248.1,550.4,60,259.06,Healthy,Yes,765.79,08-17-2024
ZA-00448,Bald Eagle,Haliaeetus leucocephalus,Bird,Carnivore,Forest,Canada,Greenfield Sanctuary,LC,male,8.0,5.62,86.0,25,0.19,Healthy,Yes,50.57,2023-07-25
ZA-04275,Golden Eagle,Aquila chrysaetos,Bird,Carnivore,Mountain,USA,Riverside Zoo,LC,Female,21.5,4.69,83.5,25,0.22,Healthy,No,52.87,2023-02-16
ZA-01734,Emperor Penguin,Aptenodytes forsteri,Bird,Piscivore,Arctic,Antarctica,,NT,Female,4.5,25.82,113.6,20,1.04,NULL,True,83.32,2022-11-12
ZA-01898,Polar Bear,Ursus maritimus,Mammal,Carnivore,Arctic,USA,Riverside Zoo,Vulnerable,M,18.0,430.95,241.9,25,12.61,Healthy,Yes,305.17,2025-04-21
ZA-01018,Sea Otter,Enhydra lutris,Mammal,Carnivore,Ocean,Canada,Highland Wildlife Reserve,EN,Male,12.3,25.66,126.6,15,1.5,Healthy,Yes,None,2022-09-15
ZA-02869,Bald Eagle,Haliaeetus leucocephalus,Bird,Carnivore,Forest,U.S.A.,Coastal Aquarium & Zoo,LC,Male,8.1,4.81,81.9,25,0.18,Healthy,Yes,50.45,2023-04-24
ZA-00015,Nile Crocodile,Crocodylus niloticus,Reptile,Carnivore,Wetland,Zambia,Riverside Zoo,LC,F,37.4,886.0 lbs,426.8,70,15.32,Healthy,Yes,237.05,25 Jul 2023
ZA-04120,BOTTLENOSE DOLPHIN,Tursiops truncatus,Mammal,Piscivore,Ocean,Australia,Safari Park North,LC,Male,22.3,212.66,333.4,40,11.43,Healthy,No,$196.60,12/06/2023
ZA-04670,Nile Crocodile,Crocodylus niloticus,Reptile,Carnivore,Wetland,Zambia,Highland Wildlife Reserve,LC,Male,60.2,436.68,523.3,70,18.32,Healthy,None,276.23,2024-03-15
ZA-01216,Saltwater Crocodile,Crocodylus porosus,Reptile,Carnivore,Wetland,Australia,Greenfield Sanctuary,Least Concern,Male,,419.07,489.3,70,19.37,Healthy,Yes,240.82,08/07/2023
ZA-04807,Ostrich,Struthio camelus,Bird,Omnivore,Savanna,Namibia,Greenfield Sanctuary,LC,Female,,107.9,207.8 cm,40,5.94,Healthy,Yes,168.83,2024-07-13
ZA-03784,Komodo Dragon,Varanus komodoensis,Reptile,Carnivore,Forest,Indonesia,Coastal Aquarium & Zoo,Endangered,Female,,48.87,225.7,30,1.74,Healthy,No,144.45,2023-07-08
ZA-03241,Asian Elephant,Elephas maximus,MAMMAL,Herbivore,Forest,Thailand,Highland Wildlife Reserve,Endangered,F,31.8,3299.71,517.2,60,117.94,Injured,N,1277.54,2022-09-24
ZA-02131,Polar Bear,Ursus maritimus,Mammal,Carnivore,Arctic,Russia,Riverside Zoo,Vulnerable,MALE,17.5,356.07,239.9,25,17.24,Healthy,No,203.71,03-13-2024
ZA-04716,Chimpanze,pan troglodytes,Mammal,Omnivore,Forest,DR Congo,Riverside Zoo,Endangered,Female,13.6,43.1,89.8,40,2.66,Healthy,No,$85.50,2022-12-19
ZA-02770,Asian Elephant,Elephas maximus,Mammal,Herbivore,FOREST,Sri Lanka,Coastal Aquarium & Zoo,EN,male,1.4,N/A,346.6 cm,60,63.89,Healthy,None,$383.34,2025-06-24
ZA-04377,African Elephant,Loxodonta africana,Mammal,Herbivore,Savanna,Botswana,Greenfield Sanctuary,VU,Female,25.9 yrs,4104.6,609.5,60,282.36,Healthy,Yes,627.78,2025-01-03
ZA-03989,Red-eyed Tree Frog,Agalychnis callidryas,Amphibian,Insectivore,Forest,Costa Rica,Coastal Aquarium & Zoo,Least Concern,Female,,0.01,7.1,5,0.0,Healthy,Yes,,2024-07-19
ZA-03656,Giraffe,Giraffa camelopardalis,Mammal,Herbivore,Savanna,Namibia,Greenfield Sanctuary,VULNERABLE,F,3.2 yrs,754.81,359.0,25,56.91,Injured,Yes,863.04,2024-01-04
ZA-00287,Bottlenose Dolphin,Tursiops truncatus,Mammal,  Piscivore ,Ocean,Australia,Metro City Zoo,Least Concern,Male,35.2,204.75,289.4,40,12.71,Healthy,No,NULL,2024-05-21
ZA-04133,Giraffe,Giraffa camelopardalis,Mammal,Herbivore,Savanna,Tanzania,Metro City Zoo,VULNERABLE,Female,7.9,1475.39,478.5,25,95.98,Healthy,No,341.89,2025-04-01
ZA-02313,Sea Otter,Enhydra lutris,Mammal,Carnivore,Ocean,USA,Highland Wildlife Reserve,EN,Female,8.7,21.66,110.2,15,0.69,Healthy,Yes,82.41,22/09/2022
ZA-03350,Snow Leopard ,Panthera uncia,Mammal,Carnivore,Mountain,Mongolia,Coastal Aquarium & Zoo,Vulnerable,Female,8.8,46.68,130.5,15,1.86,Sick,True,145.02,2022-04-27
ZA-00780,Asian Elephant,Elephas maximus,Mammal,Herbivore,Forest,Sri Lanka,Metro City Zoo,endangered,Male,43.5,3792.16,597.8,60,183.13,Sick,No,845.23,29 Mar 2024
ZA-04776,Polar Bear,Ursus maritimus,Mammal,Carnivore,Arctic,Russia,Greenfield Sanctuary,VU,Female,13.4,443.47,228.6,25,,  Healthy ,Y,227.13,2024-11-15
ZA-03072,Peacock,Pavo cristatus,Bird,Omnivore,Forest,Sri Lanka,Highland Wildlife Reserve,LC,Male,,5.86,216.0,20,0.23,Healthy,No,61.31,31/10/2024
ZA-04865,Bald Eagle,Haliaeetus leucocephalus,Bird,Carnivore,Forest,Canada,Coastal Aquarium & Zoo,LC,Female,15.3,6.0,77.4,25,0.23,Under Observation,Y,134.00 USD,01-24-2022
ZA-02053,Grey Wolf,canis lupus,Mammal,Carnivore,Forest,Canada,Metro City Zoo,LC,FEMALE,4.9 yrs,N/A,132.7,8,1.28,Under Observation,Yes,183.39,29/10/2024
ZA-00429,BOTTLENOSE DOLPHIN,Tursiops truncatus,Mammal,Piscivore,Ocean,U.S.A.,METRO CITY ZOO,LC,Female,27.9,182.63,303.6,40,10.9,Healthy,Yes,164.87,28 Sep 2024
ZA-03452,King Cobra,Ophiophagus hannah,Reptile,Carnivore,Forest,Thailand,Safari Park North,vulnerable,Female,13.2,6.62,407.1,20,0.31,Under Observation,Yes,181.65,05-27-2023
ZA-04252,Lion,Panthera leo,Mammal,Carnivore,Savanna,Tanzania,highland wildlife reserve,VU,female,5.4,N/A,233.8,14,6.28,Under Observation,unknown,250.72,2024-08-22
ZA-01468,Grey Wolf,Canis lupus,Mammal,Carnivore,Forest ,Russian Federation,Safari Park North,LC,Male,,44.65,131.5,8,1.75,Sick,Y,224.11,01-31-2022
ZA-04340,Bottlenose Dolphin,Tursiops truncatus,Mammal,Piscivore,Ocean,Mexico,Coastal Aquarium & Zoo,LC,Female,2.9,75.95,228.4,40,4.17,UNDER OBSERVATION,Yes,$260.53,02-27-2023
ZA-04909,Flamingoe,Phoenicopterus roseus,BIRD,omnivore,Wetland,Kenya,Coastal Aquarium & Zoo,LC,Female,5.3,2.69,108.0,30,0.13,Healthy,Yes,51.12,12-07-2024
ZA-04888,Peacock,Pavo cristatus,Bird,Omnivore,Forest,Pakistan,Safari Park North,LC,Male,6.0,6.24,199.7,20,0.31,Healthy,True,42.46,24/08/2024
ZA-04911,Komodo Dragon,Varanus komodoensis,Reptile,Carnivore,Forest,Indonesia,Coastal Aquarium & Zoo,EN,F,NULL,65.62,250.0,30,3.17,Sick,Yes,$240.64,25/04/2023
ZA-00351,Leopard,Panthera pardus,Mammal,Carnivore,Forest,Kenya,Riverside Zoo,VU,Male,4.3,54.23,161.8,14,2.37,Sick,Yes,145.07,2023-05-02
ZA-04734,African Elephant,Loxodonta africana,Mammal,Herbivore,Savanna,  Botswana ,Highland Wildlife Reserve,VU,Female,27.9,4056.52,517.0,60,194.9,Healthy,Yes,633.2,2022-12-20
ZA-00166,Snow Leopard,Panthera uncia,Mammal,Carnivore,Mountain,Mongolia,Metro City Zoo,VU,FEMALE,6.3,34.57 kg,122.8,15,2.13,Under Observation,No,227.91,2024-02-07
ZA-03385,Bottlenose Dolphin,Tursiops truncatus,Mammal,PISCIVORE,Ocean,Mexico,None,LC,Male,10.4,198.76,357.5,40,10.46,Sick,,265.86,28/10/2023
ZA-00661,Plains Zebra,Equus quagga,Mammal,Herbivore,Savanna,Botswana,GREENFIELD SANCTUARY,NT,Male,17.1,350.91,231.2,25,18.84,Healthy,Yes,None,03/02/2024
ZA-02296,King Cobra,Ophiophagus hannah,Reptile,Carnivore,Forest,Indonesia,Safari Park North,VU,Female,7.0,5.88,421.6,20,0.22,Healthy,No,57.20 USD,2025-08-30
ZA-03109,  Cheetah ,Acinonyx jubatus,Mammal,Carnivore ,,Kenya,Safari Park North,VU,Female,1.6,32.88,102.5,12,1.36,Injured,Yes,-,02-19-2022
ZA-01340,Chimpanzee,Pan troglodytes,Mammal,Omnivore,Forest,DRC,N/A,ENDANGERED,Female,35.0 yrs,52.4,86.4,40,1.95,Healthy,Yes,84.63,2023-04-16
ZA-02948,Snow Leopard,Panthera uncia,Mammal,Carnivore,mountain,China,Safari Park North,VU,Male,6.3,53.15,135.8,15,1.74,na,Y,187.69 USD,2023-09-17
ZA-03423,Giraffe,Giraffa camelopardalis,Mammal,HERBIVORE,Savanna,Tanzania,Metro City Zoo,VU,Male,4.4,922.91,408.8,25,NULL,Healthy,1,256.47,2022-10-14
ZA-02619,BROWN BEAR,Ursus arctos,Mammal,Omnivore,Forest,Russian Federation,Metro City Zoo,Least Concern,F,8.8,288.46,204.1,25,10.15,Sick,Yes,$331.95,2023-06-26
ZA-02207,Emperor Penguin,Aptenodytes forsteri,Bird,Piscivore,Arctic,Antarctica,Riverside Zoo,Near Threatened,Male,2.5,21.8,95.2,20,0.92,healthy,N/A,$65.65,2025-08-12
ZA-00384,Golden Eagle,Aquila chrysaetos,Bird,Carnivore,Mountain,usa,Riverside Zoo,Least Concern,Male,12.8,12.7 lbs,82.1,25,0.21,Healthy,Yes,58.22,2025-02-27
ZA-04049,Cheetah,Acinonyx jubatus,Mammal,Carnivore,Savanna,  Kenya ,NULL,Vulnerable,Male,5.5,54.19,149.5,12,2.09,Healthy,Yes,116.8,2022-04-20
ZA-02217,Nile Crocodile,Crocodylus niloticus,Reptile,Carnivore,Wetland,Tanzania,Highland Wildlife Reserve,Least Concern,Female,59.3,391.31,446.3,70,12.74,Sick,No,411.84,2025-08-10
ZA-02189,Ostrich,Struthio camelus,Bird,Omnivore,Savanna,South Africa,Riverside Zoo,Least Concern,Female,30.1,92.64,193.4,40,N/A,Healthy,Yes,$164.73,2022-10-22
ZA-00466,Plains Zebra,Equus quagga,Mammal,Herbivore,Savanna,Botswana,Greenfield Sanctuary,Near Threatened,Female,13.5,352.2,218.8,25,,Healthy,True,268.56 USD,na
ZA-04122,King Cobra,Ophiophagus hannah,Reptile,Carnivore,Forest,India,Riverside Zoo,VU,Male,1.7,unknown,299.2,20,0.09,Healthy,False,141.14,21/01/2022
ZA-01133,Saltwater Crocodile,Crocodylus porosus,Reptile,Carnivore,Wetland,India,Safari Park North,least concern,Male,4.7,208.03,360.0,70,7.41,Healthy,Yes,163.6,2022-04-30
ZA-00300,Snow Leopard,Panthera uncia,Mammal,Carnivore,Mountain,Pakistan,Metro City Zoo,vulnerable,Female,9.8,29.85,136.3,15,1.0,Healthy,True,113.38,2024-12-06
ZA-04914,Brown Bear,Ursus arctos,Mammal,Omnivore,Forest,Canada,Safari Park North,Least Concern,Female,4.6,229.02,165.6,25,9.34,Healthy,Yes,233.81,28/04/2025
ZA-02446,Saltwater Crocodile,Crocodylus porosus,Reptile,Carnivore,Wetland,Australia,Metro City Zoo,LC,F,60.1,451.19 kg,475.8,70,18.82,Healthy,Yes,204.59,2022-01-07
ZA-01616,Brown Bear,Ursus arctos,Mammal,Omnivore,Forest,Canada,Metro City Zoo ,LC,Male,None,367890 g,213.4,25,16.03,Healthy,Y,243.8,2024-12-24
ZA-03952,Lion,Panthera leo,Mammal,Carnivore,Savanna,South Africa,Safari Park North,VU,MALE,1.7,117.58,220.3,14,4.61,Healthy,Yes,None,2025-06-02
ZA-02983,Bald Eagle,Haliaeetus leucocephalus,Bird,Carnivore,FOREST,USA,Greenfield Sanctuary,Least Concern,Male,11.8,5.54,86.9,25,0.2,Healthy,True,47.88,02-04-2025
ZA-04091,Emperor Penguin,Aptenodytes forsteri,Bird,Piscivore,Arctic,Antarctica,Metro City Zoo,NEAR THREATENED,M,12.1,39.43,117.3,20,1.67,Healthy,Yes,88.9,2023-01-07
ZA-02318,Clownfish,Amphiprion ocellaris,Fish,Omnivore,Ocean,Australia,Safari Park North,LC,FEMALE,4.4,0.02,8.6,8,0.0,Under Observation,True,$49.78,08-16-2024
ZA-04536,Green Sea Turtle,Chelonia mydas,Reptile,Herbivore,Ocean,Australia,Greenfield Sanctuary,EN,Male,63.7,,120.2,80,7.84,Healthy,None,135.68,2022-10-05
ZA-03431,Orangutang,Pongo pygmaeus,Mammal,Omnivore,Forest,Malaysia,Riverside Zoo,CR,Male,12.3,92.97,104.0,35,None,Healthy,Yes,127.25,13/11/2023
ZA-03082,Plains Zebra,Equus quagga,Mammal,Herbivore,Savanna,Kenya,Safari Park North,Near Threatened,female,5.6,305.47,203.5,25,19.81,na,Yes,$191.22,2024-02-11
ZA-03295,Hippopotamus,Hippopotamus amphibius,Mammal,Herbivore,Wetland,Zambia,Highland Wildlife Reserve,Vulnerable,Male,6.9,1213.2,346.8,40,69.87,Under Observation,Yes,922.18,09/09/2024
ZA-01938,Komodo Dragon,Varanus komodoensis,Reptile,Carnivore,Forest,Indonesia,Coastal Aquarium & Zoo,EN,Female,20.0,72.36,237.3,30,2.25,Healthy,Yes,$99.08,16 May 2022
ZA-04927,Plains Zebra,Equus quagga,Mammal,Herbivore,Savanna,Botswana,HIGHLAND WILDLIFE RESERVE,Near Threatened,F,11.4,335450 g,229.6,25,19.09,Healthy,Yes,-,2024-03-13
ZA-00875,Whale Shark,Rhincodon typus,Fish,Omnivore,Ocean,Mexico,Metro City Zoo,Endangered,Female,21.4,7322.54,1004.6,70,403.92,Healthy,Y,702.63,26/12/2022
ZA-03561,Snow Leopard,Panthera uncia,Mammal,Carnivore,Mountain,Pakistan,Metro City Zoo,VU,F,7.1,37.99,129.6,15,1.28,Healthy ,Y,89.78,21/08/2025
ZA-01049,Red Kangaroo,Osphranter rufus,Mammal,Herbivore,Desert,Australia,Greenfield Sanctuary,LC,Female,3.2,47.29,127.5,15,,Healthy,Yes,123.32 USD,06-22-2023
ZA-04546,Koala,Phascolarctos cinereus,Mammal,Herbivore,Forest,australia,Coastal Aquarium & Zoo,VU,Female,5.3,6.68,71.5,13,0.54,Healthy,Yes,66.45,2022-10-25
ZA-04229,Saltwater Crocodile,crocodylus porosus,Reptile,Carnivore,Wetland,Indonesia,Coastal Aquarium & Zoo,LC,Male,35.4,1052.6 lbs,500.4,70,18.41,N/A,Yes,unknown,2024-10-08
ZA-01529,Koala,Phascolarctos cinereus,Mammal,Herbivore,Forest,Australia,Safari Park North,VU,Male,4.5,12.19,76.7,13,,Healthy,0,52.98,"January 09, 2022"
ZA-00053,Black Rhinoceros,Diceros bicornis,Mammal,  Herbivore ,Savanna,Namibia,Highland Wildlife Reserve,CR,Male,16.2,970.75,368.5,40,58.64,Healthy ,,413.83,27/06/2023
ZA-00847,Snow Leopard,Panthera uncia,Mammal,Carnivore,Mountain,China,Coastal Aquarium & Zoo,Vulnerable,Male,8.5,39.97,134.8,15,1.49,Healthy,Yes,89.19,2024-09-14
ZA-00252,Axolotl,Ambystoma mexicanum,Amphibian,Carnivore,Wetland,Mexico,Coastal Aquarium & Zoo,CR,Male,8.1,0.2,NULL,12,0.01,Healthy,Yes,50.46,02-10-2022
ZA-03035,Red-eyed Tree Frog,Agalychnis callidryas,Amphibian,Insectivore,Forest,Costa Rica,Safari Park North,LC,Female,1.0,0.01,6.5,5,0.0,na,Y,$72.21,02-10-2025
ZA-01028,African Elephant,Loxodonta africana,Mammal,Herbivore,Savanna,Kenya,Metro City Zoo,VU,Female,28.6,4496.78,555.6,60,unknown,Healthy,Yes,673.01,2024-08-26
ZA-01669,Giraffe,Giraffa camelopardalis,Mammal,Herbivore,Savanna,Kenya,Riverside Zoo,Vulnerable,male,3.8,1009.57,364.3,25,64.5,Sick,Yes,$637.58,"April 04, 2025"
ZA-00807,Flamingo,Phoenicopterus roseus,Bird,Omnivore,Wetland,Spain,Safari Park North,LC,Male,three,4160 g,na,30,0.22,Under Observation,Y,None,11/06/2025
ZA-01553,Gorilla,Gorilla gorilla,Mammal,  Herbivore ,Forest,Congo,Highland Wildlife Reserve,CR,M,7.5,137.84,161.4,35,6.86,Healthy,Yes,152.0,2024-12-29
ZA-00032,Galapagos Tortoise,Chelonoidis niger,Reptile,Herbivore,Island,Ecuador,Coastal Aquarium & Zoo,VU,Female,54.1,201.56,124.9,100,12.14,Healthy,Yes,226.42,31 Jul 2025
ZA-00716,Plains Zebra,Equus quagga,Mammal,Herbivore,Savanna,Tanzania,N/A,Near Threatened,FEMALE,1.3,178.11,140.7 cm,25,11.08,Healthy,No,218.87,08-16-2022
ZA-02385,Komodo Dragon,Varanus komodoensis,Reptile,Carnivore,Forest,Indonesia,Highland Wildlife Reserve,EN,Female,10.7,70.88,218.7,30,2.89,Under Observation,Yes,245.04,2024-03-30
ZA-03193,Tiger,Panthera tigris,Mammal,Carnivore,Forest,INDIA,Metro City Zoo,EN,FEMALE,2.8,154.06,235.5,16,6.07,Healthy,True,171.54,19 Oct 2023
ZA-04874,Plains Zebra,Equus quagga,Mammal,Herbivore,Savanna,Tanzania,Greenfield Sanctuary,NT,Male,13.6,811.0 lbs,228.9,25,18.34,Healthy,False,$230.39,23 Aug 2024
ZA-04930,Emperor Penguin,Aptenodytes forsteri,Bird,Piscivore,Arctic,Antarctica,unknown,Near Threatened,unknown,8.8,32.68,115.1,20,1.57,Healthy,,83.99,2022-10-20
ZA-04777,Koala,Phascolarctos cinereus,Mammal,Herbivore,Forest,Australia,Metro City Zoo,Vulnerable,Female,2.7,8.04,NULL,13,0.49,Healthy,True,71.53,2024-05-24
ZA-04247,Grey Wolf,Canis lupus,Mammal,Carnivore,Forest,USA,Highland Wildlife Reserve,LC,Male,4.8,43.71,122.6,8,1.6,Healthy,Y,na,30/06/2023
ZA-04390,Giraff,Giraffa camelopardalis,Mammal,Herbivore,Savanna ,Tanzania,Riverside Zoo,VU,Female,9.5,1025.53,454.3,25,57.19,Healthy,Yes,338.95,2025-07-18
ZA-03372,Bottlenose Dolphin,Tursiops truncatus,Mammal,Piscivore ,Ocean,USA,Safari Park North,unknown,Male,11.0,-5.0,9999,40,7.95,Injured,Yes,369.22,09/08/2024
ZA-01045,Komodo Dragon,Varanus komodoensis,Reptile,Carnivore,Forest,Indonesia,Riverside Zoo,EN,male,20.7,86.01,262.9,30,3.35,Healthy,NULL,$136.05,11/01/2023
ZA-02328,Hippopotamus,Hippopotamus amphibius,Mammal,Herbivore,Wetland,Zambia,Coastal Aquarium & Zoo,VU,Male,32.4,1626.25 kg,369.4,40,113.37,Healthy ,True,655.59,2025-05-07
ZA-02021,Giant Panda,Ailuropoda melanoleuca,Mammal,Herbivore,Forest,China,Riverside Zoo,Vulnerable,Male,12.9,106.63,148.7,20,7.38,Healthy,Yes,67.91,07 Jul 2023
ZA-01760,golden eagle,aquila chrysaetos,Bird,  Carnivore ,Mountain,Pakistan,Riverside Zoo,LEAST CONCERN,Male,19.5,na,81.5,25,0.16,Healthy,Yes,$34.13,16/01/2025
ZA-02145,Cheeta,Acinonyx jubatus,Mammal,Carnivore,Savanna,Botswana,Metro City Zoo,VU,M,4.9,49.0,129.5,12,N/A,Healthy,Yes,49.73,15 Apr 2024
ZA-02490,Golden Eagle,Aquila chrysaetos,Bird,Carnivore,MOUNTAIN,Pakistan,Safari Park North,LC,Female,None,3.82,76.3,25,0.18,Sick,Yes,$72.75,2025-08-20
ZA-02357,Cheetah,Acinonyx jubatus,Mammal,Carnivore,Savanna,Botswana,Safari Park North,vulnerable,FEMALE,4.2,47.95,131.2,12,1.63,Sick,Yes,$326.98,2022-10-23
ZA-03316,Bald Eagle,Haliaeetus leucocephalus,Bird,Carnivore,Forest,canada,Riverside Zoo ,LC,-,3.2,3.31,74.5,25,0.14,Healthy,Yes,48.7,2022-09-22
ZA-03091,Red-eyed Tree Frog,Agalychnis callidryas,Amphibian,Insectivore,Forest,Mexico,Greenfield Sanctuary,LC,Female,2.4,0.01,6.6,5,0.0,Healthy,No,59.46,2023-06-27
ZA-04553,Grey Wolf,Canis lupus,Mammal,Carnivore,Forest,Russian Federation,Riverside Zoo,LC,Male,4.7,41.85,132.1,8,1.37,Under Observation,Y,$163.36,31/08/2025
ZA-03192,Bottlenose Dolphin,Tursiops truncatus,Mammal,Piscivore,Ocean,Australia,Metro City Zoo,Least Concern,Male,9.2,169.07,303.7,40,8.26,Healthy,Yes,$265.30,2024-10-19
ZA-03672,Clownfish,Amphiprion ocellaris,Fish,Omnivore,Ocean,Indonesia,Coastal Aquarium & Zoo,Least Concern,Male,5.7 yrs,0.02,8.9,8,0.0,Healthy,Yes,37.2,12/11/2024
ZA-00331,Giant Panda,Ailuropoda melanoleuca,Mammal,Herbivore,Forest,China,Highland Wildlife Reserve,VU,Female,5.8,88.74,145.5,20,4.4,Healthy,Y,115.5,2023-01-25
ZA-03613,Grey Wolf,Canis lupus,Mammal,Carnivore,Forest,Russian Federation,NULL,LC,Male,0.9,26.0,106.5,8,1.06,Under Observation,Yes,187.41,10-23-2023
ZA-04618,Bald Eagle,Haliaeetus leucocephalus,Bird,Carnivore,Forest,Canada,Greenfield Sanctuary,LC,Male,None,-,83.8,25,0.16,Healthy,Yes,53.77,01-05-2022
ZA-01639,Bottlenose Dolphin,Tursiops truncatus,Mammal,Piscivore,Ocean,US,Highland Wildlife Reserve,LC,Male,9.7,-,272.0,40,9.59,Healthy,Yes,$153.67,21/03/2024
ZA-01516,Axolotl,Ambystoma mexicanum,Amphibian,Carnivore,Wetland,Mexico,Riverside Zoo,Critically Endangered,Female,2.7,N/A,23.8,12,unknown,Sick,Yes,82.32,2023-10-18
ZA-00862,Asian Elephant,Elephas maximus,Mammal,Herbivore,Forest,Thailand,Riverside Zoo,EN,Male,24.4,3545.08,551.3,60,191.86,Healthy,Yes,495.13,2024-01-24
ZA-04602,Red Kangaroo,Osphranter rufus,Mammal,Herbivore,  Desert ,  Australia ,Riverside Zoo,Least Concern,Male,3.0,131.2 lbs,119.0,15,2.99,Under Observation,No,269.23,2023-01-30
ZA-01236,Grey Wolf,Canis lupus,Mammal,Carnivore,None,Russian Federation,Safari Park North,Least Concern,Male,,27.49,107.3,8,1.11,Under Observation,N,175.6,2023-12-06
ZA-01199,Snow Leopard,Panthera uncia,Mammal,CARNIVORE,Mountain,Pakistan,Safari Park North,VU,-,1.9,21.6,104.6,15,-,Injured,Y,182.79,2022-08-16
ZA-01112,Tiger,Panthera tigris,Mammal,Carnivore,Forest,Russia,Coastal Aquarium & Zoo,EN,Female,4.6,236.23,278.2,16,12.09,Healthy,1,227.87,2024-01-08
ZA-00328,Plains Zebra,Equus quagga,Mammal,Herbivore,Savanna,Tanzania,Metro City Zoo,Near Threatened,male,4.3,332.18,206.0,25,18.93,Healthy,Yes,251.17,2024-07-19
ZA-03534,Plains Zebra,Equus quagga,Mammal,Herbivore,Savanna,Kenya,Safari Park North,NT,Female,16.1,395.69,217.9,25,28.85,Healthy,Yes,241.85 USD,05-29-2025
ZA-01089,Clownfish,Amphiprion ocellaris,Fish,Omnivore,Ocean ,Australia,Coastal Aquarium & Zoo,LC,Male,3.3,0.02,8.3,8,0.0,Healthy,1,N/A,2024-03-13
ZA-04104,Red Kangaroo,Osphranter rufus,Mammal,Herbivore,Desert,Australia,Riverside Zoo,LC,Female,8.1,56.49 kg,144.7,15,2.94,Healthy,Yes,58.88,07/06/2025
ZA-03152,Sea Otter,Enhydra lutris,Mammal,Carnivore,Ocean,Russia,Metro City Zoo,EN,Male,11.8,38.01,134.6,15,1.74,Injured,Yes,NULL,22/10/2024
ZA-02516,African Elephant,Loxodonta africana,Mammal,Herbivore,Savanna,South Africa,Coastal Aquarium & Zoo,Vulnerable,Male,22.1,4832.44,621.3,60,240.08,Healthy,Yes,535.44,"January 04, 2022"
ZA-00004,Green Sea Turtle,Chelonia mydas,Reptile,Herbivore,Ocean,Pakistan,Metro City Zoo,EN,M,N/A,181.13,101.2,80,9.12,Injured,Yes,242.5,NULL
ZA-02643,Bald Eagle,Haliaeetus leucocephalus,Bird,Carnivore,Forest,Canada,Coastal Aquarium & Zoo,LC,unknown,11.3,4.28,81.5,25,0.15,Healthy,1,60.28,2022-11-01
ZA-04704,Lion,Panthera leo,Mammal,Carnivore,Savanna,Kenya,Coastal Aquarium & Zoo,N/A,Male,6.9,284.94,263.9,14,9.46,Healthy,False,184.61,2023-07-22
ZA-01491,Snow Leopard,Panthera uncia,Mammal,Carnivore,Mountain,China,Metro City Zoo,vulnerable,Female,11.1,309.9,120.8,15,1.06,Healthy,Y,99.83,2025-03-07
ZA-02460,asian elephant,Elephas maximus,Mammal,Herbivore,Forest,India,Highland Wildlife Reserve,Endangered,Male,13.5,4072.22,486.8,60,266.31,Healthy,Yes,$501.07,2023-01-16
ZA-04756,Cheetah,Acinonyx jubatus,Mammal,Carnivore,SAVANNA,Botswana,Highland Wildlife Reserve,Vulnerable,Male,9.3,61.64,131.5,12,2.23,Healthy,Yes,91.02,2023-12-27
ZA-00550,Axolotl,ambystoma mexicanum,Amphibian,Carnivore,Wetland,Mexico,Greenfield Sanctuary,Critically Endangered,Male,9.6,0.23,25.9,12,0.01,Healthy,True,N/A,"June 08, 2023"
ZA-00557,Emperor Penguin,Aptenodytes forsteri,Bird,Piscivore,Arctic,Antarctica,unknown,NT,Female,12.7,26.62,117.3,20,1.09,Under Observation,No,165.62,08 Mar 2024
ZA-02203,Polar Bear,Ursus maritimus,Mammal,Carnivore,Arctic,Canada,Coastal Aquarium & Zoo,vulnerable,Female,11.6,405.37,264.7,25,14.92,under observation,Y,$498.13,2024-09-22
ZA-02590,Lion,Panthera leo,Mammal,Carnivore,Savanna,Tanzania,Highland Wildlife Reserve,vulnerable,Male,7.3,206.02,261.0,14,11.17,Healthy,Yes,87.5,2023-02-08
ZA-01486,Hippopotamus,Hippopotamus amphibius,Mammal,Herbivore,Wetland,kenya,Greenfield Sanctuary,Vulnerable,Female,20.3,1286.43,349.8,40,71.57,Under Observation,Yes,864.97,04/03/2024
ZA-04367,Black Rhinoceros,Diceros bicornis,Mammal,Herbivore,Savanna,South Africa,Highland Wildlife Reserve,critically endangered,Female,14.7,1232.8,368.3,40,80.89,Healthy,No,444.59,2022-07-24
ZA-00265,Red Kangaroo,Osphranter rufus,Mammal,Herbivore,Desert,Australia,Safari Park North,LC,Female,3.5,79.77,139.4,15,5.37,Healthy,Yes,137.44,10 Jan 2025
ZA-03500,Green Iguana,Iguana iguana,Reptile,Herbivore,Forest,Brazil,Coastal Aquarium & Zoo,LC,M,12.9,4.59,NULL,15,0.21,Healthy,Yes,,2025-05-14
ZA-01472,Emperor Penguin,Aptenodytes forsteri,Bird,Piscivore,Arctic,Antarctica,Safari Park North,near threatened,Female,9.1,unknown,116.0,20,1.74,Under Observation,Yes,$253.25,09-23-2022
ZA-01235,Plains Zebra,Equus quagga,Mammal,Herbivore,Savanna,Tanzania,Greenfield Sanctuary,NT,M,14.1,361.64,223.3,25,16.91,Healthy,Yes,176.65,29/04/2025
ZA-01155,Grey Wolf,Canis lupus,Mammal,Carnivore,Forest,Canada,Highland Wildlife Reserve,Least Concern,Female,5.1,34.38,120.0,8,1.97,Healthy,Yes,93.81,01-19-2023
ZA-01402,Snow Leopard,Panthera uncia,Mammal,Carnivore,Mountain,China,Highland Wildlife Reserve,VU,Female,7.2,34.23,118.8,15,1.52,Healthy,True,100.36,02-04-2024
ZA-04461,Red Kangaroo,Osphranter rufus,Mammal,Herbivore,Desert,Australia,Metro City Zoo,Least Concern,Female,10.3,74.16,138.9,15,3.93,Healthy,Yes,117.27,2022-03-13
ZA-04539,Lion,Panthera leo,Mammal,Carnivore,savanna,Tanzania,Riverside Zoo,Vulnerable,M,1.8,128.54,204.2,14,7.05,HEALTHY,Yes,135.88,2023-06-11
ZA-00919,Bottlenose Dolphin,Tursiops truncatus,Mammal,Piscivore,Ocean,Mexico,Safari Park North,Least Concern,F,21.3,154.19,318.7,40,5.92,Healthy,Yes,211.05,2024-02-08
ZA-04842,Golden Eagle,Aquila chrysaetos,Bird,Carnivore,Mountain,Pakistan,Metro City Zoo,Least Concern,Female,11.0,5.17,77.6,25,NULL,Healthy,1,56.58,2022-10-13
ZA-01065,Saltwater Crocodile,Crocodylus porosus,Reptile,Carnivore,Wetland,India,Greenfield Sanctuary,least concern,Male,24.5,na,497.5,70,,Healthy,Yes,264.31,06-16-2025
ZA-02349,Lion,Panthera leo,Mammal,Carnivore,Savanna,Kenya,Greenfield Sanctuary,Vulnerable,Male,2.5,136.94,226.0,14,4.98,Healthy,Yes,146.46,2022-12-10
ZA-04402,Green Iguana,iguana iguana,Reptile,Herbivore,Forest,Costa Rica,Riverside Zoo,,M,5.2,4910 g,155.6,15,0.25,Healthy,Yes,58.26,18 Oct 2024
ZA-04040,Black Rhinoceros,Diceros bicornis,Mammal,Herbivore,Savanna,Kenya,Metro City Zoo,Critically Endangered,Male,5.1,1813.1 lbs,258.9,40,43.87,Healthy,Yes,311.17,2025-06-11
ZA-02602,Bald Eagle,Haliaeetus leucocephalus,Bird,Carnivore,Forest,USA,Metro City Zoo,least concern,female,5.9,3.85,76.4,25,,Injured,Yes,141.47,2022-10-15
ZA-01513,Hippopotamus,Hippopotamus amphibius,Mammal,Herbivore,Wetland,Kenya,Safari Park North,Vulnerable,Female,19.0,1700.46,330.7,40,125.07,Healthy,Y,431.77,17 Oct 2022
ZA-01822,Clownfish,Amphiprion ocellaris,fish,Omnivore,unknown,Australia,Coastal Aquarium & Zoo,least concern,Male,4.4,0.03,9.7,8,0.0,Sick,Yes,N/A,2022-12-23
ZA-00468,Koala,Phascolarctos cinereus,Mammal,Herbivore,Forest,Australia,Safari Park North,VU,Male,5.0,None,73.7,13,0.54,Under Observation,Yes,158.8,2022-03-18
ZA-00345,Clownfish,Amphiprion ocellaris,Fish,Omnivore,Ocean,Philippines,Riverside Zoo,Least Concern,Female,0.4,,5.5,8,0.0,Healthy,na,$100.72,21/06/2025
ZA-03154,Emperor Penguin,Aptenodytes forsteri,Bird,Piscivore,Arctic,Antarctica,Metro City Zoo,Near Threatened,Female,16.8,28.74,111.9,20,1.7,Healthy,na,88.82,2022-06-04
ZA-03744,Bottlenose Dolphin,Tursiops truncatus,Mammal,  Piscivore ,Ocean,Australia,Greenfield Sanctuary,LEAST CONCERN,FEMALE,11.8,170.05,281.0,40,8.2,Healthy,N/A,155.67,30/03/2024
ZA-01493,Scarlet Macaw,Ara macao,Bird,Herbivore,Forest,Peru,Riverside Zoo,LC,Female,39.1,0.95,82.3,50,0.06,Sick,1,105.35,03/11/2024
ZA-04805,Giraffe,Giraffa camelopardalis,Mammal,Herbivore,SAVANNA,Tanzania,Coastal Aquarium & Zoo,VU,Female,7.8,1048410 g,439.6,25,53.13,Healthy,Yes,520.8,2024-03-06
ZA-04994,GOLDEN EAGLE,Aquila chrysaetos,Bird,Carnivore,Mountain,USA,Riverside Zoo,LEAST CONCERN,FEMALE,9.2,5.92,81.0,25,unknown,Under Observation,True,127.62,05-18-2022
ZA-01418,Great White Shark,carcharodon carcharias,Fish,Carnivore,Ocean,USA,Safari Park North,VU,Female,22.8,991.11,497.4,70,39.94,Sick,Yes,473.02,2025-06-23
ZA-00608,Flamingo,Phoenicopterus roseus,Bird,omnivore,N/A,Spain,Coastal Aquarium & Zoo,LC,Male,11.9,2.57,125.5,30,0.13,Sick,No,$78.66,24/08/2023
ZA-03514,Giraffe,Giraffa camelopardalis,Mammal,Herbivore,Savanna,Kenya,Safari Park North,vulnerable,Male,3.4,882.63,359.5,25,45.78,Healthy,No,354.36,2023-04-16
ZA-01449,Red Kangaroo,Osphranter rufus,Mammal,Herbivore,Desert,Australia,Riverside Zoo,Least Concern,female,10.5,145.4 lbs,125.7,15,5.21,Healthy,Yes,116.74,2023-02-19
ZA-04087,Red Kangaroo,Osphranter rufus,Mammal,Herbivore,,Australia,Metro City Zoo,LC,Female,8.5,59.49,134.6,-1,3.65,Healthy,Yes,104.65,2023-12-01
ZA-04147,Snow Leopard,Panthera uncia,Mammal,Carnivore,Mountain,China,Riverside Zoo,Vulnerable,Female,,74.5 lbs,138.6,15,1.84,Healthy,Yes,66.51,2023-10-02
ZA-01889,Orangutan,Pongo pygmaeus,Mammal,Omnivore,Forest,malaysia,Safari Park North,CR,F,11.3,75.16,119.3,35,,Healthy,No,102.55,2025-09-08
ZA-03984,  Nile Crocodile ,Crocodylus niloticus,Reptile,Carnivore,Wetland,Kenya,Greenfield Sanctuary,LC,M,27.1,419.41,455.4,70,14.88,Healthy,Yes,309.78,"October 04, 2023"
ZA-01710,Emperor Penguin,Aptenodytes forsteri,Bird,Piscivore,Arctic,Antarctica,Coastal Aquarium & Zoo,Near Threatened,FEMALE,7.1,29.94,102.9,20,N/A,Healthy,0,96.24,2023-04-15
ZA-03474,Axolotl,Ambystoma mexicanum,Amphibian,Carnivore,WETLAND,Mexico,Highland Wildlife Reserve,critically endangered,F,4.2,0.18,24.9,12,0.01,Healthy,0,$40.64,05-04-2025
ZA-03129,Golden Eagle,Aquila chrysaetos,Bird,Carnivore,Mountain,Pakistan,Highland Wildlife Reserve,Least Concern,Male,16.2,3.88,87.4,25,0.18,Healthy,Yes,84.21,03-08-2025
ZA-02488,Green Sea Turtle,Chelonia mydas,REPTILE,Herbivore,Ocean,NULL,Safari Park North,EN,Female,22.5,178.53,101.5,80,9.23,Injured,True,$385.44,2024-08-07
ZA-02025,Axolotl,Ambystoma mexicanum,Amphibian,Carnivore,Wetland,Mexico,Riverside Zoo,CR,Female,2.1,0.14,20.4,12,0.0,Healthy,Y,40.71,None
ZA-03699,orangutan,Pongo pygmaeus,Mammal,Omnivore,Forest,Indonesia,Riverside Zoo,CR,Male,1.6,25.75,66.7,35,0.99,Under Observation,Yes,180.94,2024-03-23
ZA-00022,Bald Eagle,Haliaeetus leucocephalus,Bird,carnivore,Forest,Canada,Highland Wildlife Reserve,LC,Male,14.7,5.58,89.4,25,0.23,Healthy,No,58.92,10 Mar 2024
ZA-04644,Clownfish,Amphiprion ocellaris,Fish,Omnivore,Ocean,-,Highland Wildlife Reserve,LC,Female,1.5,0.01,8.1,8,0.0,Healthy,No,41.74,16/06/2022
ZA-04228,Nile Crocodile,Crocodylus niloticus,Reptile,Carnivore,Wetland,Zambia,Metro City Zoo,Least Concern,Female,22.4,373.8,456.3,70,17.48,Under Observation,Yes,436.82,01-11-2025
ZA-01080,Ostrich,Struthio camelus,Bird,Omnivore,Savanna,Kenya,Riverside Zoo,LC,Female,32.2,91.46,208.8,40,3.86,Healthy,Yes,145.09,None
ZA-02429,Plains Zebra,Equus quagga,Mammal,Herbivore,Savanna,Tanzania,Riverside Zoo,NT,female,7.7,314.5,217.4,25,20.4,HEALTHY,Yes,183.69,2023-04-01
ZA-03786,Giant Panda,Ailuropoda melanoleuca,Mammal,Herbivore,Forest,China,Riverside Zoo,VU,Female,8.6,100.22,142.2,20,6.36,Healthy,Yes,153.05,2024-11-22
ZA-03815,Brown Bear ,Ursus arctos,Mammal,Omnivore,Forest,USA,Greenfield Sanctuary,LC,Female,21.3,295.95,212.7,25,15.69,Healthy,Yes,301.44,2024-03-23
ZA-02404,Koala,Phascolarctos cinereus,Mammal,Herbivore,Forest,Australia,Coastal Aquarium & Zoo,VU,male,2.7,8.32,71.5,13,0.52,Healthy,Yes,N/A,07-11-2024
ZA-03516,Koala,Phascolarctos cinereus,Mammal,Herbivore,Forest,Australia,Riverside Zoo,VU,FEMALE,10.2,8.32,74.9,13,0.56,Healthy,Yes,79.69,03/10/2024
ZA-03262,  Polar Bear ,Ursus maritimus,Mammal,Carnivore,Arctic,N/A,Metro City Zoo,Vulnerable,M,6.8,555.44,267.7,25,19.67,unknown,na,336.8,"October 25, 2023"
ZA-04412,Ostrich,Struthio camelus,Bird,Omnivore,Savanna,Kenya,Greenfield Sanctuary,Least Concern,Female,9.1,83.25,190.6,40,3.58,Healthy,No,132.21,30/01/2024
ZA-03631,Golden Eagle,Aquila chrysaetos,Bird,Carnivore,Mountain,Pakistan,Greenfield Sanctuary,Least Concern,Female,9.2,4.31,85.3,25,0.19,Healthy,No,$51.86,12-23-2024
ZA-02536,Scarlet Macaw,Ara macao,Bird,Herbivore,Forest,Brazil,Coastal Aquarium & Zoo,Least Concern,Male,30.9,1.9 lbs,87.1,50,0.05,Injured,Yes,114.36,2024-05-10
ZA-02278,Koala,Phascolarctos cinereus,Mammal,Herbivore,Forest,Australia,Metro City Zoo,VU,Male,unknown,10260 g,78.8,13,0.58,Healthy,Yes,$59.75,08-31-2025
ZA-01048,Koala,Phascolarctos cinereus,Mammal,Herbivore,FOREST,Australia,Highland Wildlife Reserve,VU,Female,4.5,7.73,69.2,13,unknown,Healthy,Yes,37.72,2022-05-25
ZA-03923,  Giant Panda ,Ailuropoda melanoleuca,Mammal,Herbivore,Forest,China,Greenfield Sanctuary,Vulnerable,F,16.0,81.25,140.2,20,5.21,Healthy ,Yes,113.46,2025-08-27
ZA-03248,Tiger,Panthera tigris,Mammal,Carnivore,Forest,Russia,Coastal Aquarium & Zoo,ENDANGERED,Male,6.3,274.51,267.5,16,10.07,Healthy,No,191.85,"October 31, 2022"
ZA-02335,Snow Leopard,Panthera uncia,Mammal,Carnivore,Mountain,Pakistan,Safari Park North,Vulnerable,Female,7.4,32.03,121.4,15,1.21,Healthy,True,64.09,12 Sep 2024
ZA-03844,Whale Shark,Rhincodon typus,Fish,Omnivore,NULL,Mexico,Greenfield Sanctuary,endangered,Female,25.9,7502.12,NULL,70,311.83,Under Observation,Yes,1680.59,2022-03-28
ZA-01978,Golden Eagle,Aquila chrysaetos,Bird,Carnivore,Mountain,Mongolia,Safari Park North,LC,MALE,15.8,4.62,92.0,25,0.16,Healthy,1,$77.95,2024-04-28
ZA-04564,Scarlet Macaw,Ara macao,Bird,Herbivore,Forest,Peru,Highland Wildlife Reserve,LC,M,44.7,0.92,84.4,50,0.05,Under Observation,No,98.54,"July 27, 2023"
ZA-00811,Grey Wolf,Canis lupus,Mammal,Carnivore,Forest,USA,Greenfield Sanctuary,LC,male,3.2,,135.5,8,1.92,Sick,,$210.80,25/07/2023
ZA-04500,Asian Elephant ,Elephas maximus,Mammal,Herbivore,Forest,Thailand,Safari Park North,Endangered,Male,22.0,3528.79,549.6,60,232.33,Healthy,-,760.01,2023-06-03
ZA-02480,Cheetah,Acinonyx jubatus,Mammal,Carnivore,Savanna,Kenya,Riverside Zoo,Vulnerable,FEMALE,4.3,51.65,134.1,12,2.09,Under Observation,Yes,170.59,0000-00-00
ZA-00805,Green Iguana,Iguana iguana,Reptile,Herbivore,Forest,Costa Rica,Riverside Zoo,LC,Male,8.1,N/A,152.8,15,0.27,Healthy,No,58.77,None
ZA-04364,Red Kangaroo,Osphranter rufus,Mammal,Herbivore,Desert,  Australia ,Highland Wildlife Reserve,LC,Female,8.0,67.31,148.8,15,3.68,HEALTHY,True,166.09,01 Mar 2022
ZA-00281,Koala,Phascolarctos cinereus,Mammal,Herbivore,Forest,Australia,Riverside Zoo,Vulnerable,Female,5.5,8.16,79.0,13,0.45,Healthy,Yes,$69.65,12-16-2022
ZA-01369,Peacock,pavo cristatus,bird,Omnivore,Forest,Sri Lanka,Riverside Zoo,Least Concern,Female,13.5,4.63,191.2,20,0.2,Sick,Yes,na,2025-01-18
ZA-02669,Emperor Penguin,Aptenodytes forsteri,Bird,Piscivore,Arctic,Antarctica,Riverside Zoo,Near Threatened,Female,5.3,25.91,112.1,20,1.31,Healthy,Yes,65.05 USD,"June 19, 2023"
ZA-03695,Whale Shark,Rhincodon typus,Fish,Omnivore,Ocean,Pakistan,Highland Wildlife Reserve,EN,Female,None,7605.67,992.1,70,,Injured,No,NULL,03-27-2025
ZA-01521,  Golden Eagle ,Aquila chrysaetos,Bird,Carnivore,Mountain,Pakistan,Highland Wildlife Reserve,LEAST CONCERN,Female,9.8,4.2,80.9,25,0.18,Healthy,1,82.21,31/03/2023
ZA-04824,Ostrich,Struthio camelus,Bird,Omnivore,Savanna,South Africa,Riverside Zoo,LEAST CONCERN,Male,36.4,unknown,212.9,40,4.11,Healthy,True,113.75,2025-08-25
ZA-00937,Gorilla,Gorilla gorilla,Mammal,Herbivore,FOREST,Congo,Metro City Zoo,Critically Endangered,Male,2.8,81.49,122.4,35,4.65,Healthy,0,142.01,24 Jun 2023
ZA-01206,Golden Eagle,Aquila chrysaetos,Bird,Carnivore,Mountain,USA,Metro City Zoo,Least Concern,Male,16.8,7.23,83.2,25,0.27,Healthy,N/A,72.43,2022-05-27
ZA-01203,Lion,Panthera leo,Mammal,Carnivore,SAVANNA,Tanzania,Coastal Aquarium & Zoo,VULNERABLE,Female,NULL,207.47,230.9,14,9.31,healthy,Yes,138.26 USD,25/04/2023
ZA-03143,Cheeta,Acinonyx jubatus,Mammal,Carnivore,Savanna,Namibia,Highland Wildlife Reserve,VULNERABLE,Male,5.4,57.96,140.5,12,1.91,Healthy,Yes,122.11,2025-01-05
ZA-03310,Asian Elephant,Elephas maximus,Mammal,Herbivore,Forest,Sri Lanka,Riverside Zoo,endangered,Male,20.1,3339.51,642.5,60,240.44,Under Observation,Yes,896.72,22/03/2022
ZA-03962,Galapagos Tortoise,Chelonoidis niger,Reptile,Herbivore,Island,Ecuador,Highland Wildlife Reserve,vulnerable,FEMALE,43.6,290230 g,119.7,100,19.85,Healthy,Yes,196.26,2025-01-05
ZA-00131,Bottlenose Dolphin,Tursiops truncatus,Mammal,Piscivore,Ocean,Mexico,Coastal Aquarium & Zoo,LC,female,25.4,204.83,-,40,9.67,Healthy,Yes,160.43,07-30-2024
ZA-00522,galapagos tortoise,Chelonoidis niger,Reptile,Herbivore,Island,Ecuador,Coastal Aquarium & Zoo,Vulnerable,Female,44.9,230.54,117.0,100,11.62,Healthy,Yes,140.26,11-03-2023
ZA-00956,Emperor Penguin,Aptenodytes forsteri,Bird,Piscivore,Arctic,Antarctica,Greenfield Sanctuary,NT,Male,2.3,20.06,90.4,20,0.85,Healthy,1,94.96,2024-12-22
ZA-00914,Great White Shark,Carcharodon carcharias,Fish,Carnivore,Ocean,South Africa,Safari Park North,Vulnerable,Male,27.8,1039.68,558.5,70,39.05,Healthy,Yes,359.96,2024-12-26
ZA-00860,Red Kangaroo,Osphranter rufus,Mammal,Herbivore,Desert,Australia,Highland Wildlife Reserve,Least Concern,Female,10.0,64.81,143.3,15,5.08,Sick,1,217.07,2022-01-10
ZA-02034,Black Rhinoceros,Diceros bicornis,Mammal,Herbivore,Savanna,South africa,unknown,NULL,Female,14.1,None,360.4,40,80.45,Healthy,1,236.17,2024-01-03
ZA-01652,Polar Bear,Ursus maritimus,Mammal,Carnivore,Arctic,Russia,Safari Park North,VU,Female,12.2,466.22,258.3,25,20.11,Sick,0,662.53,2024-08-05
ZA-01316,Bottlenose Dolphin,Tursiops truncatus,Mammal,Piscivore,Ocean,USA,Highland Wildlife Reserve,Least Concern,Female,18.6,190.24,306.3,40,9.1,Healthy,Yes,171.64,2025-07-30
ZA-02400,Clownfish,Amphiprion ocellaris,Fish,Omnivore,  Ocean ,Philippines,Coastal Aquarium & Zoo,LEAST CONCERN,Female,2.8,0.02,8.9,8,0.0,Healthy,Yes,46.23,2023-01-23
ZA-02960,Green Sea Turtle,Chelonia mydas,Reptile,Herbivore,Ocean,Australia,Coastal Aquarium & Zoo,EN,Female,NULL,114.2,109.9,80,7.16,Under Observation,Yes,238.4,05-02-2022
ZA-02176,Leopard,Panthera pardus,Mammal,Carnivore,Forest,Kenya,Riverside Zoo,Vulnerable,Female,9.8,55.34,167.9,14,2.93,Under Observation,Yes,$241.10,10-21-2023
ZA-01810,Brown Bear,Ursus arctos,Mammal,OMNIVORE,Forest,Russia,Safari Park North,LC,Male,10.1,334.59,208.3,25,,Healthy,Yes,225.18,12-13-2022
ZA-02333,Polar Bear,Ursus maritimus,Mammal,Carnivore,Arctic,USA,  Highland Wildlife Reserve ,vulnerable,M,18.7,na,,25,NULL,Sick,No,811.67 USD,2023-02-25
ZA-04325,Leopard,Panthera pardus,Mammal,Carnivore,Forest,South Africa,Coastal Aquarium & Zoo ,VULNERABLE,female,5.4,54.66,156.7,14,2.31,Healthy,Yes,$112.39,"September 24, 2022"
ZA-03027,  Cheetah ,Acinonyx jubatus,Mammal,CARNIVORE,Savanna,Botswana,Highland Wildlife Reserve,vulnerable,Female,2.7,43.84,na,12,1.38,Healthy,No,118.85,2099-01-01
ZA-00624,Hippopotamus,Hippopotamus amphibius,Mammal ,Herbivore,Wetland,Zambia,Highland Wildlife Reserve,VU,Female,25.4,1410.32 kg,356.3,40,85.75,Healthy,-,$401.56,26/01/2023
ZA-00689,Bottlenose Dolphin,Tursiops truncatus,Mammal,Piscivore,Ocean,USA ,Safari Park North,LC,M,15.8,217.24,346.3,40,9.06,Healthy,Yes,230.46,2024-08-26
ZA-04081,Nile Crocodile,Crocodylus niloticus,Reptile,Carnivore,Wetland,Zambia,Greenfield Sanctuary,LC,Male,21.3,466.75,490.5,70,19.46,Healthy,Yes,$327.28,2024-09-08
ZA-01367,Tiger,Panthera tigris,Mammal,Carnivore,Forest,Indonesia,highland wildlife reserve,Endangered,F,8.9,220.65,265.1,16,10.38,Healthy,Yes,$166.03,"December 14, 2024"
ZA-03198,Hippopotamus,Hippopotamus amphibius,Mammal,Herbivore,Wetland,Kenya,Coastal Aquarium & Zoo,Vulnerable,Male,18.8,1833.6,342.9,40,113.2,na,Yes,484.0,2023-10-13
ZA-03044,Saltwater Crocodile,Crocodylus porosus,Reptile,Carnivore ,Wetland,India,Highland Wildlife Reserve,Least Concern,M,58.5 yrs,482.48,458.7,70,23.1,Sick,Yes,$675.70,2023-04-13
ZA-03993,Sea Otter,Enhydra lutris,Mammal,Carnivore,Ocean,Canada,Riverside Zoo,EN,Female,8.1,22.94,120.2,15,0.92,Healthy,Yes,unknown,2023-02-05
ZA-04099,Nile Crocodile,crocodylus niloticus,Reptile,Carnivore,Wetland,Zambia,Greenfield Sanctuary,Least Concern,NULL,22.6,435.82,526.2,70,15.96,Sick,1,521.57,29/07/2024
ZA-00611,Red-eyed Tree Frog,Agalychnis callidryas,Amphibian,Insectivore,Forest,Mexico,Metro City Zoo,LC,Female,2.5,0.01,7.4,5,0.0,Healthy,0,38.5,19/08/2023
ZA-02507,Cheetah,Acinonyx jubatus,Mammal,Carnivore,  Savanna ,Kenya,Coastal Aquarium & Zoo,Vulnerable,F,5.7,54.46,126.4,12,,HEALTHY,True,74.46,2025-01-20
ZA-04580,Grey Wolf,Canis lupus,Mammal,Carnivore,Forest,Canada,Greenfield Sanctuary,LC,Male,1.1 yrs,25.2,119.1,8,0.86,Injured,Yes,152.32,2024-08-05
ZA-03563,Brown Bear,Ursus arctos,Mammal,Omnivore,Forest,USA,Coastal Aquarium & Zoo,LC,Male,10.3,365.53,-,25,23.36,Healthy,Yes,,2022-03-04
ZA-00463,Koala,Phascolarctos cinereus,Mammal,Herbivore,,Australia,Riverside Zoo,Vulnerable,Female,5.2,8.33,75.1,13,0.63,Healthy,Yes,52.03,10-27-2022
ZA-01574,Galapagos Tortoise,Chelonoidis niger,Reptile,Herbivore,Island,Ecuador,Metro City Zoo,VU,Male,14.6,156.49 kg,105.7,100,10.66,Healthy,Yes,93.96 USD,2022-01-11
ZA-00793,Flamingo,Phoenicopterus roseus,Bird,Omnivore,Wetland,Kenya,Coastal Aquarium & Zoo,LC,Male,17.0,3.42,132.3,30,0.15,Healthy,Yes,unknown,2023-05-08
ZA-02553,Leopard ,Panthera pardus,Mammal,Carnivore,Forest,Kenya,Riverside Zoo,VU,Male,6.3,73.63,172.6,14,None,Healthy,No,100.05,2025-04-14
ZA-00309,Tigr,Panthera tigris,Mammal,Carnivore,Forest,Russian Federation,Safari Park North,Endangered,Male,3.2,197.14,265.1,16,NULL,Healthy,Yes,185.3,26/04/2022
ZA-02122,Gorrila,Gorilla gorilla,Mammal,Herbivore,Forest,DRC,Safari Park North,Critically Endangered,M,19.2,457.7 lbs,173.7,35,12.53,Sick,Yes,371.99,15/07/2023
ZA-02412,Emperor Penguin,Aptenodytes forsteri,Bird,Piscivore,Arctic,Antarctica,Greenfield Sanctuary,Near Threatened,Female,1.9,15.87,88.8,20,0.74,Under Observation,N,151.19,15 Dec 2024
ZA-00580,Saltwater Crocodile,Crocodylus porosus,Reptile,Carnivore,Wetland,india,Riverside Zoo,LC,Female,46.5,394.08,462.8,70,21.82,Healthy,Yes,304.43,2022-12-04
ZA-00106,Plains Zebra,Equus quagga,mammal,Herbivore,Savanna,Botswana,Safari Park North,NT,Male,16.4,334.21,211.9,25,20.76,Healthy,True,243.2,08-15-2024
ZA-01706,Komodo Dragon,Varanus komodoensis,Reptile,Carnivore,Forest,Indonesia,Riverside Zoo,EN,Female,17.3,67.9,232.3,30,3.14,Healthy,Yes,92.74,11 May 2023
ZA-01000,Tiger,Panthera tigris,Mammal,CARNIVORE,Forest,Indonesia,Riverside Zoo,Endangered,Female,9.5,172.04,270.0,16,6.9,Under Observation,1,506.37,"January 28, 2025"
ZA-03181,Nile Crocodile,Crocodylus niloticus,Reptile,Carnivore,Wetland,Zambia,Coastal Aquarium & Zoo,LC,F,41.2,380.71,450.6,70,12.86,Healthy,1,176.5,2024-05-24
ZA-02556,Tigar,Panthera tigris,Mammal,Carnivore,Forest,Indonesia,NULL,endangered,male,6.6,229.05,277.7,16,8.73,Healthy,Y,99.02,2025-01-18
ZA-01012,Giant Panda,Ailuropoda melanoleuca,Mammal,Herbivore,Forest,China,Coastal Aquarium & Zoo,VULNERABLE,Female,7.2,93.24,137.5,20,5.98,Under Observation,No,241.0,2022-08-10
ZA-03636,Plains Zebra,Equus quagga,Mammal,Herbivore,Savanna,Botswana,Riverside Zoo,NT,male,,200.91,151.9,25,15.68,Sick,Yes,410.62,03/10/2024
ZA-02995,Peacock,Pavo cristatus,Bird,omnivore,Forest,Sri Lanka,Riverside Zoo,LC,Male,5.1,4.88,205.5,20,0.18,unknown,No,119.44 USD,08-14-2024
ZA-03378,Lion,Panthera leo,MAMMAL,Carnivore,Savanna,S. Africa,Metro City Zoo,VU,Female,2.4,109.31,219.9,14,5.27,Healthy,Y,152.69,2022-05-21
ZA-01035,Plains Zebra,Equus quagga,Mammal,Herbivore,Savanna,Kenya,Greenfield Sanctuary,NT,Male,5.6,303.39,202.3,25,17.21,Healthy,True,206.38,2023-01-08
ZA-04934,Bald Eagle,Haliaeetus leucocephalus,Bird,Carnivore,Forest,U.S.A.,Coastal Aquarium & Zoo,LC,Female,16.7,4.21,83.2,25,0.18,Healthy,Yes,50.17,19/04/2023
ZA-03956,Tiger,Panthera tigris,Mammal,Carnivore,  Forest ,Russia,Riverside Zoo,EN,Male,1.6,124.94,211.5,16,5.44,Healthy,Y,,2025-02-05
ZA-01337,King Cobra,Ophiophagus hannah,Reptile,Carnivore,Forest,Indonesia,Metro City Zoo,VU,F,4.3,5.65,347.7,20,0.22,INJURED,Yes,$99.80,2024-12-31
ZA-02038,Giraffe,Giraffa camelopardalis,Mammal,Herbivore,Savanna,Tanzania,Highland Wildlife Reserve,VU,Female,3.7,915.17,380.5,25,56.65,Injured,No,667.52,05-31-2025
ZA-04055,Plains Zebra ,Equus quagga,Mammal,Herbivore,Savanna,Tanzania,Metro City Zoo,NT,Male,14.7,316.32 kg,232.7,25,,Healthy,None,362.08,2024-07-29
ZA-02382,Saltwater Crocodile,Crocodylus porosus,Reptile,Carnivore,Wetland,Australia,Safari Park North,LC,male,999.0,588.49,527.1,70,20.21,Healthy,Y,225.47,"December 15, 2024"
ZA-04178,Whale Shark,Rhincodon typus,Fish,Omnivore,Ocean,Mexico,Metro City Zoo,Endangered,Male,34.5,11390.04,1009.0,70,407.63,Healthy,Yes,1115.44,02-08-2022
ZA-02860,Black Rhinoceros,Diceros bicornis,Mammal,Herbivore,Savanna,Namibia,Coastal Aquarium & Zoo,Critically Endangered,Male,23.3,1401.54,332.3,40,76.97,na,No,345.11,2023-03-27
ZA-02237,Grey Wolf,Canis lupus,Mammal ,Carnivore,Forest,Russian Federation,Coastal Aquarium & Zoo,LC,Male,5.7,50.0,130.1,8,1.57,Healthy,True,102.54,2024-04-23
ZA-03903,Golden Eagle,Aquila chrysaetos,Bird,Carnivore,Mountain,Mongolia,Safari Park North,Least Concern,na,3.8,3.19,67.1,25,0.19,Healthy,No,54.3,11 Jan 2023
ZA-02096,Plains Zebra,Equus quagga,Mammal,Herbivore,Savanna,Botswana,Metro City Zoo,Near Threatened,Male,9.8,339.19,230.6,25,,Healthy,Yes,256.2,17 May 2023
ZA-00871,Green Iguana,iguana iguana,Reptile,Herbivore,Forest,Costa Rica,Metro City Zoo,LC,Female,1.2,5.2 lbs,107.0 cm,15,0.11,  Healthy ,No,64.7,2023-09-19
za-04057,Golden Eagle,Aquila chrysaetos,Bird,Carnivore,Mountain,Pakistan,Greenfield Sanctuary,LC,Male,11.9,5.43,93.5,25,0.18,Injured,Y,NULL,04/12/2022
ZA-03050,King Cobra,Ophiophagus hannah,Reptile,Carnivore,Forest,India,Coastal Aquarium & Zoo,VULNERABLE,Female,12.0,5.67,395.9,20,0.24,Under Observation,True,79.54 USD,07-27-2024
ZA-03671,Saltwater Crocodile,Crocodylus porosus,Reptile,Carnivore,Wetland,india,Riverside Zoo,least concern,-,1.9,124.18,302.0,70,4.21,Under Observation,Y,293.09 USD,None
ZA-03478,Sea Otter,Enhydra lutris,Mammal,Carnivore,Ocean,United States,Greenfield Sanctuary,EN,Female,10.2,21.61,115.7,15,0.95,Healthy,1,$59.38,02-23-2024
ZA-03450,bald eagle,Haliaeetus leucocephalus,Bird,Carnivore,Forest,Canada,Highland Wildlife Reserve,Least Concern,Female,6.2,3.8,68.7,25,0.16,Healthy,1,$57.40,2024-11-06
ZA-04065,Tiger,Panthera tigris,Mammal,Carnivore,Forest,India,Safari Park North,EN,Male,two,218.98,307.9,16,8.92,Sick,Yes,404.99,2023-12-04
ZA-00977,Galapagos Tortoise,Chelonoidis niger,Reptile,Herbivore,Island,Ecuador,Greenfield Sanctuary,Vulnerable,Female,81.5,179.59,108.4,100,11.22,Healthy,Yes,$123.74,12-15-2024
ZA-02968,Lion,Panthera leo,Mammal,Carnivore,SAVANNA,kenya,Metro City Zoo,VU,male,3.6,180.76,245.8,14,9.65,Injured,Yes,210.34,2022-06-08
ZA-01708,Red Kangaroo,Osphranter rufus,Mammal,Herbivore,desert,Australia,Metro City Zoo,least concern,Male,5.1,164.2 lbs,138.7,15,4.16,Healthy,No,N/A,2022-03-18
ZA-03353,African Elephant,Loxodonta africana,Mammal,Herbivore,Savanna,Tanzania,  Greenfield Sanctuary ,Vulnerable,Male,,4581.22,589.4,60,295.62,Under Observation,Yes,NULL,"March 09, 2024"
ZA-03888,Snow Leopard ,Panthera uncia,Mammal,Carnivore,Mountain,Pakistan,Greenfield Sanctuary,vulnerable,M,10.6,42.95,136.1,15,1.72,HEALTHY,Yes,99.74,07/06/2024
ZA-01819,Giant Panda,Ailuropoda melanoleuca,Mammal,Herbivore,unknown,China,greenfield sanctuary,Vulnerable,Female,13.3,104320 g,146.8,20,6.23,Healthy,Y,na,04/09/2025
ZA-02911,Saltwater Crocodile,Crocodylus porosus,Reptile,Carnivore,Wetland,India,Riverside Zoo ,LC,FEMALE,12.4,289.55,395.6,70,na,Healthy,No,241.99,2025-07-14
ZA-01174,Giant Panda,Ailuropoda melanoleuca,Mammal,Herbivore,Forest,China,Coastal Aquarium & Zoo,Vulnerable,FEMALE,5.2,unknown,147.5,20,5.21,Healthy,Yes,123.96,2025-07-22
ZA-01341,Asian Elephant,Elephas maximus,Mammal,Herbivore,Forest,India,Greenfield Sanctuary,EN,Female,,3703.89,543.2,60,211.0,Healthy,Yes,$490.30,2023-03-12
ZA-04482,Saltwater Crocodile,Crocodylus porosus,Reptile,Carnivore,Wetland,Australia,Highland Wildlife Reserve,LC,Male,48.8,469.98,523.9,70,18.83,Healthy,Yes,257.96,10/08/2024
ZA-03847,Galapagos Tortoise,Chelonoidis niger,Reptile,Herbivore,ISLAND,Ecuador,Highland Wildlife Reserve,vulnerable,Female,81.3,230.51,109.1 cm,100,12.64,Healthy,N,150.64,2025-03-07
ZA-03655,Chimpanzee,Pan troglodytes,Mammal,Omnivore,Forest,Uganda,Riverside Zoo,EN,Male,25.0,54.41,89.5,40,3.01,Healthy,Yes,$94.54,2022-06-01
ZA-01510,Snow Leopard,Panthera uncia,Mammal,Carnivore,Mountain,CHINA,Greenfield Sanctuary,VU,Female,4.1,44.37,141.1,15,1.79,Sick,Yes,212.98,2024-05-03
ZA-01930,Plains Zebra,Equus quagga,Mammal,Herbivore,Savanna,Botswana,Metro City Zoo,Near Threatened,Male,22.9,394.58,249.1,25,23.84,Healthy,No,194.02,2024-08-03
ZA-00206,Golden Eagle,Aquila chrysaetos,bird,Carnivore,Mountain,Mongolia,Coastal Aquarium & Zoo,LC,F,9.4,5.04,76.4,25,0.14,Healthy,No,66.05,02/04/2022
ZA-04754,Plains Zebra,Equus quagga,Mammal,Herbivore,Savanna,Botswana,Metro City Zoo,-,F,12.6,283.01,208.0,25,20.53,Healthy,No,211.74,2023-06-18
ZA-00354,African Elephant,Loxodonta africana,Mammal ,Herbivore,Savanna,Tanzania,Safari Park North,VU,Male,55.3,5066.04,602.2,60,229.58,Injured,Yes,1226.1,2024-01-04
ZA-03083,Red Kangaroo,Osphranter rufus,Mammal,Herbivore,Desert,Australia,COASTAL AQUARIUM & ZOO,LC,female,7.1,66.94,132.6,15,3.55,Healthy,Yes,,01/10/2023
ZA-04765,Komodo Dragon,Varanus komodoensis,Reptile,Carnivore,Forest,Indonesia,Metro City Zoo,EN,Female,,NULL,232.8,30,2.79,Sick,Yes,291.07,unknown
ZA-00732,Golden Eagle,Aquila chrysaetos,Bird,Carnivore,,Pakistan,Metro City Zoo,LC,Male,4.9,3.68,81.0,25,0.12,Healthy,Y,87.60 USD,2023-08-22
ZA-01446,Clownfish,Amphiprion ocellaris,Fish,Omnivore,Ocean,Indonesia,Coastal Aquarium & Zoo,LC,Female,3.1,0.02,8.7,8,0.0,Healthy,True,40.03,26/05/2024
ZA-00703,African Elephant,Loxodonta africana,Mammal,Herbivore,Savanna,Tanzania,Coastal Aquarium & Zoo,VU,female,26.4,4055.52,632.8,60,278.71,Under Observation,No,1167.98,2024-01-12
ZA-02727,Flamingo,Phoenicopterus roseus,BIRD,Omnivore,Wetland,Kenya,Metro City Zoo,LEAST CONCERN,Male,19.5,3.16,115.5,30,0.17,Healthy,Yes,40.8,2025-02-21
ZA-04747,Komodo Dragon,Varanus komodoensis,Reptile,Carnivore,Forest,Indonesia,Riverside Zoo,Endangered,Female,14.3,64.06,231.1,30,2.93,Healthy,Yes,145.07,2023-10-08
ZA-02663,Nile Crocodile,Crocodylus niloticus,Reptile,Carnivore,Wetland,N/A,Coastal Aquarium & Zoo,LC,Male,23.3,441.34,487.3,70,21.04,Sick,Yes,583.34 USD,26/04/2024
ZA-00161,Whale Shark,Rhincodon typus,Fish,Omnivore,Ocean,mexico,Metro City Zoo,Endangered,Female,29.5,10003.28,938.7,70,451.26,healthy,Yes,1000.13,2022-10-12
ZA-04817,Emperor Penguin,Aptenodytes forsteri,Bird,Piscivore,Arctic,Antarctica,Metro City Zoo,NT,Male,11.5,32.08,127.4,20,2.21,Healthy,Yes,116.72,30/03/2022
ZA-03772,Bald Eagle,Haliaeetus leucocephalus,Bird,Carnivore,Forest,USA,Highland Wildlife Reserve,LC,Male,21.2,4.07,96.5,25,0.17,na,Yes,78.35,"September 27, 2023"
ZA-03201,Bald Eagle,Haliaeetus leucocephalus,Bird,Carnivore,Forest,Canada,Safari Park North,Least Concern,F,1.9,2.01,57.1,25,0.07,Sick,Yes,80.24,11-01-2024
ZA-03645,Tiger,Panthera tigris,MAMMAL,Carnivore,Forest,Indonesia,  Riverside Zoo ,Endangered,Male,7.6,222.82,None,16,9.15,Healthy,1,unknown,"August 17, 2025"
ZA-03186,Flamingo,Phoenicopterus roseus,Bird,Omnivore,Wetland,Kenya,Greenfield Sanctuary,Least Concern,Female,14.5,2.88,121.3,30,0.13,Healthy,Yes,54.56,01-18-2023
ZA-01386,TIGER,Panthera tigris,Mammal,Carnivore,Forest,India,N/A,EN,F,13.3,238.35,249.8,16,10.67,Healthy,True,126.4,2024-07-31
ZA-04429,Polar Bear,Ursus maritimus,Mammal,Carnivore,Arctic,Canada,Safari Park North,VU,Female,3.0,na,184.1,25,11.91,Healthy,Y,123.8,2024-05-05
ZA-00502,Galapagos Tortoise,Chelonoidis niger,Reptile,Herbivore,Island,Ecuador,Highland Wildlife Reserve,VU,Male,68.6,319.95,120.8 cm,100,16.14,Healthy,1,174.3,2024-11-20
ZA-04469,Plains Zebra,Equus quagga,Mammal,Herbivore,Savanna,Botswana,  Safari Park North ,near threatened,Male,,882.1 lbs,260.0,25,,Healthy,Yes,186.56 USD,12-03-2023
ZA-04864,Peacock,Pavo cristatus,Bird,Omnivore,Forest,,GREENFIELD SANCTUARY,LC,Male,8.6,4.89,203.4,20,0.23,Healthy,Yes,64.99,2024-05-08
ZA-02105,Axolotl,Ambystoma mexicanum,Amphibian,Carnivore,Wetland,Mexico,Highland Wildlife Reserve,CR,Male,9.2,0.19,23.3,12,0.01,Healthy,Yes,53.2,unknown
ZA-03417,RED-EYED TREE FROG,Agalychnis callidryas,Amphibian,Insectivore,Forest,Mexico,Metro City Zoo,LC,Male,0.3,0.0,4.9,5,0.0,Sick,Yes,73.31,01-13-2022
ZA-02234,King Cobra,Ophiophagus hannah,Reptile,Carnivore,Forest,IND,Coastal Aquarium & Zoo,vulnerable,Male,13.1,7.89 kg,434.9,20,0.22,Healthy,No,60.02,2025-01-18
ZA-04287,Komodo Dragon,Varanus komodoensis,Reptile,Carnivore,Forest,Indonesia,safari park north,Endangered,Male,18.3,76.94,260.4,30,3.31,Healthy,No,124.59,01/12/2024
ZA-04567,Grey Wolf,Canis lupus,Mammal,Carnivore,Forest,russia,Greenfield Sanctuary,Least Concern,Female,6.8,35.32,110.7,8,1.25,Injured,Yes,180.4,2024-01-29
ZA-02666,Green Iguana,Iguana iguana,Reptile,HERBIVORE,Forest,Costa Rica,Metro City Zoo,LEAST CONCERN,Female,5.1 yrs,4.72,141.2,15,0.24,Under Observation,No,118.14,28/07/2022
ZA-01008,King Cobra,Ophiophagus hannah,Reptile,Carnivore,Forest,Indonesia,Coastal Aquarium & Zoo,VU,F,3.8,3970 g,333.4,20,0.2,Under Observation,Yes,137.35,06-09-2024
ZA-04148,Lion,Panthera leo,Mammal,Carnivore,Savanna,Kenya,Coastal Aquarium & Zoo,VU,Female,9.8,165.23,232.2,14,6.14,Healthy,Yes,123.01,10-01-2024
ZA-04853,Giant Panda,ailuropoda melanoleuca,Mammal,Herbivore,Forest,China,Riverside Zoo,Vulnerable,Male,6.5,110.04 kg,140.6,20,7.23,Healthy,True,106.68,2022-11-30
ZA-03280,AFRICAN ELEPHANT,Loxodonta africana,Mammal,Herbivore,Savanna,N/A,Metro City Zoo,VU,Female,None,4076.81,592.9,60,284.77,Injured,Yes,1384.97,2025-06-25
ZA-03641,Chetah,Acinonyx jubatus,Mammal,Carnivore,Savanna,Namibia,Highland Wildlife Reserve,VU,Female,8.1,43.77,126.4,12,1.71,healthy,Yes,unknown,30/12/2024
ZA-02172,King Cobra,Ophiophagus hannah,Reptile,Carnivore,Forest,  Indonesia ,Safari Park North,vulnerable,Male,13.3,6.94,407.7,20,0.26,Injured,Yes,264.78,2022-08-12
ZA-01891,golden eagle,Aquila chrysaetos,Bird,Carnivore,Mountain,US,Metro City Zoo,least concern,Female,16.2,4.67,81.6,25,0.17,Under Observation,Yes,101.89,2023-11-29
ZA-01288,Giant Panda,Ailuropoda melanoleuca,Mammal,Herbivore,Forest,China,Greenfield Sanctuary,VULNERABLE,Male,11.3,101.1,152.7,20,6.17,Under Observation,Yes,215.22,2022-12-03
ZA-00369,Clownfish,Amphiprion ocellaris,Fish,Omnivore,Ocean,Australia,Coastal Aquarium & Zoo,Least Concern,Female,3.3,0.03,8.7,8,0.0,Healthy,Yes,$39.59,04-21-2022
ZA-03217,Giraffe,Giraffa camelopardalis,Mammal,Herbivore,Savanna,Tanzania,Riverside Zoo,VU,N/A,20.1,1363.02,452.8,25,86.76,HEALTHY,Yes,310.71,20/06/2024
ZA-03434,Sea Otter,Enhydra lutris,Mammal,Carnivore,Ocean ,Canada,Safari Park North,endangered,F,5.8,23.91,122.8,15,0.87,sick,No,128.25,06/12/2022
ZA-01319,Cheetah,Acinonyx jubatus,Mammal,Carnivore,Savanna,Kenya,Metro City Zoo,VU,Male,7.2,55.23,132.1,12,2.84,Healthy,Yes,101.25,08/01/2024
ZA-00494,African Elephant,Loxodonta africana,Mammal,Herbivore,Savanna,Kenya,na,vulnerable,Female,33.2,4136.29,-,60,279.94,Healthy,Y,1038.48,"December 13, 2022"
ZA-01964,Leopard,Panthera pardus,Mammal,Carnivore,Forest,Kenya,Highland Wildlife Reserve,vulnerable,M,10.4,51.08,173.0,14,2.08,NULL,0,$83.28,12-23-2023
ZA-04305,Great White Shark,Carcharodon carcharias,Fish,Carnivore,Ocean,U.S.A.,Metro City Zoo,vulnerable,M,40.7,825.78,507.7,70,30.78,Injured,Yes,699.64,03 Feb 2022
ZA-04833,Bald Eagle,Haliaeetus leucocephalus,Bird,Carnivore,Forest,  Canada ,Highland Wildlife Reserve,Least Concern,Female,3.9,3.28,None,25,None,Sick,Yes,137.4,2022-11-04
ZA-00334,Snow Leopard,Panthera uncia,  Mammal ,Carnivore,Mountain,Mongolia,  Highland Wildlife Reserve ,VU,Female,8.4,40.18,121.6,15,1.49,Sick,Yes,NULL,10 Jun 2024
ZA-01476,Tiger,Panthera tigris,Mammal,Carnivore,Forest,Indonesia,Greenfield Sanctuary,endangered,Female,3.8,167.53,271.4,500,,Sick,Yes,252.27 USD,08/06/2022
ZA-00680,Bottlenose Dolphin,Tursiops truncatus,Mammal,Piscivore,Ocean,Australia,Riverside Zoo,LEAST CONCERN,None,24.5,239.09,311.6,40,10.13,Healthy,No,158.58,13/04/2022
ZA-02837,Gorilla,Gorilla gorilla,Mammal,Herbivore,Forest,Uganda,Riverside Zoo,CR,Male,6.4,117.39,152.6,35,7.66,Healthy,Yes,131.65,2024-06-12
ZA-01139,Grey Wolf,Canis lupus,Mammal,Carnivore,Forest,Russia,Riverside Zoo,Least Concern,Female,2.6,31.88,118.5,8,1.25,Healthy,Y,55.59,2022-02-19
ZA-01222,Plains Zebra,Equus quagga,Mammal,Herbivore,Savanna,Botswana,Coastal Aquarium & Zoo,NT,Male,6.9,396.33,232.9,25,23.54,Healthy,Yes,363.77,2024-03-21
ZA-04016,Giraffe,Giraffa camelopardalis,Mammal,Herbivore,Savanna,Namibia,Greenfield Sanctuary,VU,Female,11.5,998.22,454.6,25,46.77,Healthy,Yes,311.65,11-03-2024
ZA-02899,African Elephant,Loxodonta africana,Mammal,Herbivore,Savanna,Botswana,Coastal Aquarium & Zoo,VU,M,43.5,5460.71,599.2,60,400.77,Healthy,Y,,2023-04-07
ZA-00381,Asian Elephant,Elephas maximus,Mammal,herbivore,Forest,Sri Lanka,Metro City Zoo,EN,Male,27.3,4631.0,578.7,60,273.07,Healthy,Yes,909.85,01-21-2022
ZA-04243,Snow Leopard,Panthera uncia,Mammal,Carnivore,Mountain,China,Metro City Zoo,VU,Male,6.8,38.87,146.8,15,1.83,Healthy,1,$110.24,2023-06-10
ZA-04604,Giant Panda,Ailuropoda melanoleuca,Mammal,Herbivore,Forest,China,Greenfield Sanctuary,VU,Female,9.5,110.89,142.3,20,9.93,Healthy,Yes,$109.37,22/07/2022
ZA-00068,Tigar,Panthera tigris,Mammal,Carnivore,Forest,Indonesia,Highland Wildlife Reserve,EN,Female,2.6,133.3,216.2,16,4.72,Healthy,1,128.2,2024-06-01
ZA-03477,Cheetah,Acinonyx jubatus,Mammal,Carnivore,Savanna,Kenya,Riverside Zoo,Vulnerable,Female,,44450 g,128.9,12,1.85,Healthy,Y,119.75,2025-01-08
ZA-03917,Great White Shark,Carcharodon carcharias,Fish,Carnivore,Ocean,United States,Riverside Zoo,Vulnerable,Female,8.8,491.45,,70,21.52,Healthy,True,NULL,04/01/2025
ZA-01883,Hippopotamus,Hippopotamus amphibius,Mammal,Herbivore,Wetland,Zambia,Coastal Aquarium & Zoo,VU,Male,10.1,3745.6 lbs,None,40,97.4,Injured,Yes,1064.32,02-21-2025
ZA-00478,African Elephant,Loxodonta africana,Mammal,Herbivore,Savanna,Tanzania,Riverside Zoo,VU,Female,14.8,NULL,578.2,60,297.16,Healthy,False,666.01 USD,17 Sep 2023
ZA-04715,Sea Otter,Enhydra lutris,Mammal,Carnivore,-,USA,Safari Park North,EN,Female,5.3,22.15,112.4,15,0.89,Injured,-,143.25,2024-08-17
ZA-01587,Cheetah,Acinonyx jubatus,Mammal,Carnivore,Savanna,Botswana,Safari Park North,Vulnerable,Female,1.4,26.06,108.3,0,1.27,Sick,Yes,146.6,2025-01-29
ZA-02383,Tiger,Panthera tigris,Mammal,Carnivore,Forest,India,Coastal Aquarium & Zoo,EN,Female,10.9,218.82,271.8,16,9.24,Healthy,Yes,138.81,2022-03-13
ZA-01173,Black Rhinoceros,Diceros bicornis,Mammal,Herbivore,Savanna,Kenya,Highland Wildlife Reserve,CR,Female,2.0,386.11,221.6,40,24.32,Sick,0,349.94,2023-06-12
ZA-04910,Brown Bear ,Ursus arctos,Mammal,Omnivore,Forest,USA,Highland Wildlife Reserve,Least Concern,F,4.1,215.3,na,25,8.64,,Yes,169.02,2024-12-14
ZA-02360,Golden Eagle,Aquila chrysaetos,Bird,Carnivore,Mountain,MONGOLIA,Safari Park North,LC,None,13.0,5.89,85.1,25,0.26,Healthy,,$87.29,2024-06-22
ZA-03330,Green Iguana,Iguana iguana,Reptile,Herbivore,Forest,Mexico,Safari Park North,Least Concern,Male,5.5,5.9,148.9,15,0.34,Healthy,None,47.6,2024-03-19
za-00426,Emperor Penguin,Aptenodytes forsteri,Bird,Piscivore,Arctic,Antarctica,Highland Wildlife Reserve,Near Threatened,Female,11.0,25.63,NULL,20,NULL,Healthy,No,75.26,2025-03-30
ZA-02256,Komodo Dragon,Varanus komodoensis,Reptile,Carnivore,Forest,Indonesia,Highland Wildlife Reserve,N/A,None,,67.14,262.3,30,2.2,Healthy,Y,-,"August 15, 2024"
ZA-01334,Whale Shark,Rhincodon typus,Fish,Omnivore,Ocean,Australia,Riverside Zoo,EN,Female,32.0,7581.61,1017.7,70,NULL,Healthy,Yes,814.51,01-22-2023
ZA-00200,Green Sea Turtle,Chelonia mydas,Reptile,Herbivore,Ocean,Pakistan,Safari Park North,Endangered,Female,22.5,139.9,104.4,80,7.84,Sick,Y,359.41,2024-03-08
ZA-02358,Leopard,Panthera pardus,Mammal,Carnivore,Forest,India,Highland Wildlife Reserve,VU,Male,,46.01,159.9,14,1.53,Sick,Y,$188.80,2023-11-04
ZA-03892,Bottlenose Dolphin,Tursiops truncatus,Mammal,Piscivore,Ocean,USA,Metro City Zoo,LC,Female,13.3,184.89,N/A,-1,8.92,Healthy,Yes,127.46,11/07/2024
ZA-01939,Grey Wolf,Canis lupus,Mammal,Carnivore,Forest,Russia,Highland Wildlife Reserve,LC,Male,2.5,39.48,129.9,8,1.58,Healthy,Y,$69.90,2024-01-04
ZA-04584,Tiger,panthera tigris,Mammal,Carnivore,NULL,Russia,Highland Wildlife Reserve,Endangered,Male,2.0,180.99,262.7,16,6.83,Healthy,Yes,167.81,07-14-2022
ZA-00144,Saltwater Crocodile,Crocodylus porosus,Reptile,Carnivore,Wetland,India,Metro City Zoo,Least Concern,Female,52.7,876.7 lbs,471.9,70,16.91,Healthy,No,$203.34,10-07-2024
ZA-01547,Bald Eagle,Haliaeetus leucocephalus,Bird,CARNIVORE,Forest,USA,Safari Park North,LC,Male,3.4,3410 g,71.5,25,0.11,Healthy,None,64.19,2023-01-09
ZA-00250,Galapagos Tortoise,Chelonoidis niger,Reptile,Herbivore,Island,Ecuador,Highland Wildlife Reserve,vulnerable,Female,53.8,341.35,127.6,100,18.66,Healthy,,181.34,2023-08-31
ZA-04503,Koala,Phascolarctos cinereus,Mammal,Herbivore,Forest ,Australia,Safari Park North,VU,Male,,6.33,63.0,13,0.33,Healthy,Yes,64.54,25 Mar 2024
ZA-00305,Nile Crocodile,Crocodylus niloticus,Reptile,Carnivore,Wetland,Tanzania,Highland Wildlife Reserve,Least Concern,Male,30.6,413800 g,493.1,70,14.98,Healthy,Yes,196.27,2022-03-04
za-01455,Emperor Penguin,Aptenodytes forsteri,Bird,Piscivore,Arctic,Antarctica,Riverside Zoo,NEAR THREATENED,Female,16.1,32.44,125.6,20,1.57,Healthy,Yes,79.6,23 Dec 2024
ZA-04134,Nile Crocodile,Crocodylus niloticus,Reptile,Carnivore,Wetland,Tanzania,Riverside Zoo,Least Concern,Female,32.1,405.99,454.4,70,15.49,Healthy,Yes,$215.04,2022-04-10
ZA-00418,Nile Crocodile,Crocodylus niloticus,Reptile,Carnivore,Wetland,Tanzania,Greenfield Sanctuary,LC,Female,14.9,331.18,N/A,70,12.55,Healthy,Yes,137.48,NULL
ZA-00912,Polar Bear,Ursus maritimus,Mammal,Carnivore,Arctic,unknown,  Riverside Zoo ,VU,Female,5.6,321.35,227.2,25,15.17,Sick,True,268.85,03/10/2024
ZA-04711,bottlenose dolphin,Tursiops truncatus,Mammal,  Piscivore ,Ocean,Mexico,Riverside Zoo,Least Concern,Male,12.7,252.16,314.7,40,14.56,Healthy,No,$259.06,2024-10-13
ZA-02597,Grey Wolf,Canis lupus,Mammal,Carnivore,Forest,Canada,Greenfield Sanctuary,Least Concern,Female,2.8,44.49,128.4,8,1.5,Injured,No,243.22,2023-04-10
ZA-03874,Gorilla ,Gorilla gorilla,Mammal,Herbivore,Forest,Uganda,Riverside Zoo,CR,M,,195.26,178.6,35,10.14,Healthy,Yes,183.01,2023-01-07
ZA-03670,King Cobra,Ophiophagus hannah,Reptile,Carnivore,NULL,India,Safari Park North,vulnerable,Female,8.4,4.29,383.7,20,0.13,Healthy,Yes,61.67,"October 18, 2024"
ZA-02310,Lion,Panthera leo,Mammal,Carnivore,Savanna,South Africa,Highland Wildlife Reserve,Vulnerable,Male,5.6,199.42,263.4,14,7.5,Healthy,Yes,286.38,2025-07-16
ZA-02113,Nile Crocodile,Crocodylus niloticus,Reptile,Carnivore,Wetland,Kenya,Metro City Zoo,least concern,Male,60.7,490.27,470.0,70,18.36,Healthy,Yes,264.11,2022-07-05
ZA-04785,Gorilla,Gorilla gorilla,Mammal,Herbivore,Forest,Congo,Riverside Zoo,CR,Female,5.0,None,134.8,35,6.74,Healthy,Yes,158.38,2025-06-23
ZA-04380,Giraffe,Giraffa camelopardalis,Mammal,Herbivore,SAVANNA,Namibia,Coastal Aquarium & Zoo,VU,male,9.7,1560.92,457.6,25,93.79,Injured,Yes,1072.41,2022-06-08
ZA-03177,African Elephant,Loxodonta africana,Mammal,Herbivore,Savanna,Tanzania,Greenfield Sanctuary,VU,Male,42.6,4277.0,616.3,60,304.84,Under Observation,Y,1109.25,15 May 2025
ZA-02696,Chetah,Acinonyx jubatus,Mammal,Carnivore,Savanna,Botswana,Metro City Zoo,VU,Female,4.8,35.95,132.5 cm,12,1.45,Injured,False,$148.62,28 Jan 2023
ZA-01289,Cheetah,Acinonyx jubatus,Mammal,Carnivore,Savanna,Botswana,Safari Park North,Vulnerable,Female,4.7,51.45,122.3,12,2.31,Healthy,Yes,131.84,2022-10-24
ZA-01656,Cheetah,Acinonyx jubatus,Mammal,Carnivore,Savanna,Namibia,Safari Park North,Vulnerable,male,4.7,44.13,120.8,12,,Healthy,Yes,NULL,22 Jan 2022
ZA-00913,Cheetah,Acinonyx jubatus,Mammal,Carnivore,Savanna,Namibia,None,VU,Male,na,74.27,139.6,12,NULL,Healthy,Yes,183.29,"January 10, 2023"
ZA-04323,Clownfish,Amphiprion ocellaris,Fish,Omnivore,Ocean,Philippines,Highland Wildlife Reserve,LC,Female,4.6,0.02,9.2,8,0.0,Healthy,None,41.9,08/06/2022
ZA-02132,Koala,Phascolarctos cinereus,  Mammal ,Herbivore,Forest,Australia,Riverside Zoo,VU,Female,10.4,9.17,68.4,13,0.62,Healthy,No,54.3,2025-02-12
ZA-00766,Scarlet Macaw,Ara macao,Bird,Herbivore,Forest,Brazil,Coastal Aquarium & Zoo,LC,Male,five,0.94,84.2,50,0.06,Healthy,N/A,41.57,03 Jul 2022
ZA-04375,  Saltwater Crocodile ,crocodylus porosus,Reptile,Carnivore,Wetland,India,Highland Wildlife Reserve,Least Concern,Female,21.4,427.96,463.3,70,15.09,Healthy,Yes,$206.39,"April 29, 2023"
ZA-00147,Tiger,Panthera tigris,Mammal,Carnivore,Forest,Indonesia,Metro City Zoo,Endangered,Male,1.8,123.74,220.6,16,6.53,Healthy,Yes,160.53,2022-03-14
ZA-01134,Koala,Phascolarctos cinereus,Mammal,Herbivore,Forest,Australia,Riverside Zoo,VU,Female,6.8,8000 g,76.0,13,,Healthy,Yes,59.35,2022-11-30
ZA-02657,Asian Elephant,Elephas maximus,Mammal,Herbivore,Forest,India,Metro City Zoo,Endangered,Male,24.5,4658.45 kg,565.0,60,284.04,healthy,No,449.99 USD,2022-06-04
ZA-00395,Grey Wolf,Canis lupus,Mammal,Carnivore,Forest,Russia,Greenfield Sanctuary,LC,Female,3.9,34.29,122.8,8,1.26,Healthy,1,$60.50,22/08/2022
ZA-03822,Flamingo,Phoenicopterus roseus,bird,Omnivore,Wetland,Kenya,Highland Wildlife Reserve,LC,Female,8.5,2.43,116.7,30,0.13,Healthy,1,57.74,20/12/2023
ZA-00046,Komodo Dragon,Varanus komodoensis,reptile,Carnivore,Forest,Indonesia,Riverside Zoo,EN,M,14.5,68.47,278.4,30,2.95,Injured,Yes,208.61,05-08-2024
ZA-03270,Great White Shark,carcharodon carcharias,Fish,Carnivore,Ocean,Australia,Highland Wildlife Reserve,vulnerable,Male,41.2,1040.06 kg,511.0,70,48.39,Healthy,Yes,N/A,2022-08-18
ZA-03493,Chetah,Acinonyx jubatus,Mammal,carnivore,Savanna,Kenya,Riverside Zoo,VU,Female,1.3,24.05,109.8,12,0.94,Healthy,Yes,75.74,2024-11-15
ZA-04086,Bottlenose Dolphin,tursiops truncatus,Mammal,Piscivore,Ocean,USA,Riverside Zoo,Least Concern,Male,10.7,230.8,312.0,40,10.31,Healthy,Yes,124.84,05/04/2022
ZA-00322,Leopard,Panthera pardus,Mammal,Carnivore,Forest,india,Riverside Zoo,Vulnerable,Male,,38.67,None,14,1.63,Healthy,Yes,$132.21,2023-01-03
ZA-02160,Leopard,Panthera pardus,Mammal,Carnivore,Forest,  South Africa ,Safari Park North,vulnerable,Male,6.1,61.35,175.1,14,2.26,Healthy,1,104.79,10-17-2024
ZA-04702,Nile Crocodile,Crocodylus niloticus,Reptile,Carnivore ,Wetland,Zambia,Safari Park North,Least Concern,Male,27.6,382.93,491.6,70,15.72,Healthy,Yes,165.46,2022-12-08
ZA-01958,Galapagos Tortoise,Chelonoidis niger,Reptile,Herbivore,Island,Ecuador,Riverside Zoo,Vulnerable,F,44.8,190.06,N/A,100,8.39,Healthy,Yes,96.38,2023-03-19
ZA-03677,NILE CROCODILE,Crocodylus niloticus,Reptile,Carnivore,Wetland,Tanzania,Riverside Zoo,Least Concern,-,23.0,307.27,484.8,70,13.6,Healthy,Yes,$181.30,2022-02-01
ZA-03390,Bald Eagle,Haliaeetus leucocephalus,Bird,Carnivore,Forest,Canada,Coastal Aquarium & Zoo,Least Concern,Female,16.4,4.35,82.5,25,0.17,Healthy,Y,58.63,06-09-2024
ZA-02428,Golden Eagle,Aquila chrysaetos,Bird,Carnivore,Mountain,Pakistan,Greenfield Sanctuary,Least Concern,F,10.7,4.70 kg,84.7,25,0.17,Healthy,Yes,$91.39,2024-07-31
ZA-04110,Polar Bear,Ursus maritimus,Mammal,Carnivore,Arctic,Canada,  Highland Wildlife Reserve ,Vulnerable,Male,11.0,516.44,243.6,25,17.41,Healthy,Yes,253.63,28/09/2022
ZA-02185,Polar Bear,Ursus maritimus,Mammal,Carnivore,Arctic,Canada,Riverside Zoo,VU,Male,15.7,418.55,230.2,25,16.4,Healthy,unknown,306.66,2025-04-23
ZA-03648,Golden Eagle,Aquila chrysaetos,Bird,Carnivore,Mountain,pakistan,Safari Park North,Least Concern,female,12.6,4.78,87.6,25,0.19,Healthy,Yes,67.68,2024-08-15
ZA-02702,Cheetah,Acinonyx jubatus,Mammal,Carnivore,Savanna,Kenya,Greenfield Sanctuary,Vulnerable,Female,4.3,52.49,122.7,12,2.33,Injured,N,na,25 Jul 2023
ZA-04989,African Elephant,Loxodonta africana,Mammal,Herbivore,Savanna,South Africa,N/A,vulnerable,Female,11.1,3678.05,-,60,215.77,-,Yes,959.44,2023-07-16
ZA-04140,Komodo Dragon,Varanus komodoensis,Reptile,Carnivore,Forest,Indonesia,Coastal Aquarium & Zoo,EN,Female,15.1,66.23,256.0,30,2.07,Under Observation,Yes,152.21,2022-03-13
ZA-02072,Cheetah,Acinonyx jubatus,Mammal,Carnivore,Savanna,Botswana,Greenfield Sanctuary,VU,Female,8.8,40.53,133.4,12,1.62,Healthy,Yes,$91.64,2024-10-14
ZA-01368,King Cobra,Ophiophagus hannah,REPTILE,Carnivore ,Forest,India,Highland Wildlife Reserve,Vulnerable,Female,8.1,5.73,399.3,20,0.22,Healthy ,Yes,59.41,2024-02-23
ZA-03096,Galapagos Tortoise,Chelonoidis niger,Reptile,Herbivore,Island,Ecuador,Highland Wildlife Reserve,vulnerable,Female,48.9,-120.5,113.5,100,15.66,Sick,Yes,428.43,2022-03-17
ZA-02365,Polar Bear,Ursus maritimus,Mammal,Carnivore,Arctic,Canada,Riverside Zoo,Vulnerable,Male,10.5,488.02,240.5,25,15.96,Healthy,N/A,431.46,01 May 2024
ZA-00931,Asian Elephant,Elephas maximus,Mammal,Herbivore,Forest,India,Highland Wildlife Reserve,EN,Male,38.8,3129.38,553.5 cm,60,187.71,Healthy,Yes,$425.61,12/01/2024
ZA-02269,Red-eyed Tree Frog,Agalychnis callidryas,Amphibian,Insectivore,Forest,costa rica,Greenfield Sanctuary,LC,Male,2.9,0.01,7.1,5,0.0,Sick,NULL,65.6,2023-03-22
ZA-02976,Great White Shark,Carcharodon carcharias,Fish,Carnivore,Ocean,Australia,Coastal Aquarium & Zoo,vulnerable,Female,58.9,na,479.1,70,32.75,Healthy,1,364.46,"February 23, 2024"
ZA-03308,Saltwater Crocodile,Crocodylus porosus,Reptile,Carnivore,Wetland,Indonesia,Safari Park North,LC,MALE,34.9,607.38,451.3,70,26.39,Healthy,Yes,254.74,05-10-2024
ZA-03583,Galapagos Tortoise,Chelonoidis niger,Reptile,Herbivore,Island,Ecuador,Safari Park North,VU,Male,43.2,246.8,122.7,100,14.12,Healthy,N,226.62,2024-02-04
ZA-00933,Axolotl,ambystoma mexicanum,Amphibian,Carnivore ,Wetland,Mexico,Greenfield Sanctuary,CR,Male,1.8,0.14,20.7,12,0.01,Healthy,No,34.82,2024-01-24
ZA-03142,Koala,Phascolarctos cinereus,Mammal,Herbivore,Forest,AUSTRALIA,Riverside Zoo,VU,Male,N/A,8.89,73.0,13,0.54,healthy,Yes,63.13,2025-03-16
ZA-01946,Polar Bear,Ursus maritimus,  Mammal ,Carnivore,Arctic,Canada,Highland Wildlife Reserve,VU,female,17.0,389.75 kg,242.7,25,16.62,Healthy,Y,188.79,2025-05-19
ZA-04358,Snow Leopard,Panthera uncia,Mammal,Carnivore,Mountain,China,Highland Wildlife Reserve,vulnerable,Male,NULL,44.82,139.9,15,1.94,Under Observation,N,198.44,2023-12-24
ZA-02582,Brown Bear,Ursus arctos,Mammal,Omnivore,Forest,Canada,Riverside Zoo,LEAST CONCERN,F,20.0,328.48,209.7,25,13.21,Healthy,None,210.14,"November 04, 2024"
ZA-00436,Chimpanzee,Pan troglodytes,Mammal,Omnivore,Forest,Uganda,Safari Park North,Endangered,M,32.1,47.88,94.6,40,2.98,Healthy,Yes,83.44,2025-03-23
za-00607,Bottlenose Dolphin,Tursiops truncatus,Mammal,Piscivore,Ocean,Australia,Metro City Zoo,Least Concern,Female,na,None,312.5,40,7.68,Healthy,Yes,166.11,2022-05-31
ZA-00075,King Cobra,Ophiophagus hannah,Reptile,Carnivore,Forest,India,Safari Park North,Vulnerable,Male,8.3,6.03,400.4,20,0.24,Healthy,Yes,63.97,2025-07-26
ZA-01765,Flamingo,phoenicopterus roseus,Bird,Omnivore,Wetland,india,Metro City Zoo,Least Concern,F,6.8,2.12,104.9,30,0.1,Healthy,Yes,53.55,08-10-2023
ZA-04199,Ostrich,Struthio camelus,Bird,Omnivore,Savanna,Kenya,Safari Park North,LC,Female,36.3,88.04,204.8,40,3.29,Healthy,Y,105.65,14/03/2022
ZA-03239,Tiger,Panthera tigris,Mammal,Carnivore,Forest,Indonesia,Safari Park North,Endangered,Male,4.5,236.4,303.3,16,12.7,Healthy,Yes,325.81,2025-02-02
ZA-01323,Asian Elephant,Elephas maximus,Mammal,Herbivore,Forest,IND,Riverside Zoo,endangered,Female,14.9,5642.0 lbs,522.5,60,162.76,  Healthy ,1,685.64,11-10-2024
ZA-01577,Bald Eagle,Haliaeetus leucocephalus,Bird,Carnivore,Forest,Canada,Safari Park North,LC,Female,17.7,5.06,81.0,25,0.2,Healthy,True,71.95,2025-07-17
ZA-03977,Red Kangaroo,Osphranter rufus,  Mammal ,Herbivore,Desert,Australia,Coastal Aquarium & Zoo,LC,Female,3.3,58.16,122.2,15,3.31,Healthy,Yes,115.44,2024-08-29
ZA-00114,Tiger,Panthera tigris,Mammal,Carnivore,Forest,IND,Greenfield Sanctuary,Endangered,Female,8.2,224.47,274.1,16,11.36,Healthy,Yes,$198.06,02-19-2022
ZA-00987,Hippopotamus,Hippopotamus amphibius,Mammal,Herbivore ,wetland,Kenya,Highland Wildlife Reserve,VU,Male,,1865.96 kg,-,40,134.19,Healthy,True,463.47,02 Mar 2022
ZA-04697,Asian Elephant,Elephas maximus,Mammal,Herbivore,Forest,Sri Lanka,Greenfield Sanctuary,EN,Male,31.2,5146.10 kg,542.2,60,331.24,Healthy,Y,None,08-10-2025
ZA-00748,Nile Crocodile,Crocodylus niloticus,Reptile,Carnivore,Wetland,Zambia,Highland Wildlife Reserve,LC,F,24.9,1006.7 lbs,421.4,70,19.59,Injured,No,408.06,2024-05-22
ZA-01864,Golden Eagle,Aquila chrysaetos,Bird,Carnivore,Mountain,PAKISTAN,Highland Wildlife Reserve ,Least Concern,Female,12.7,3.86,na,25,0.15,Healthy,Yes,51.36,06 Dec 2024
ZA-00223,Snow Leopard,Panthera uncia,Mammal,Carnivore,Mountain,China,Riverside Zoo,VULNERABLE,Female,,39.95,122.4,15,1.73,Healthy,Yes,86.28,2023-04-09
ZA-02567,brown bear,Ursus arctos,  Mammal ,Omnivore,Forest,usa,Safari Park North,LC,Female,7.2,333.69,,25,13.93,Under Observation,No,572.07 USD,08/09/2025
ZA-01349,Asian Elephant,Elephas maximus,Mammal,herbivore,Forest,india,Riverside Zoo,endangered,Male,14.6,3329.17,543.6,60,201.39,  Healthy ,Yes,unknown,2022-11-26
ZA-01503,Cheetah,Acinonyx jubatus,Mammal,Carnivore,Savanna,Namibia,Safari Park North,Vulnerable,Male,5.8,47.09,146.2,12,1.79,Healthy,Y,135.79,2023-03-20
ZA-04266,Sea Otter,Enhydra lutris,Mammal,Carnivore,Ocean,United States,Metro City Zoo,endangered,Female,6.7,18.63,117.5,15,0.82,  Healthy ,Yes,54.04,2023-07-07
ZA-01666,Tiger,Panthera tigris,Mammal,Carnivore,Forest,Russian Federation,Safari Park North,EN,Male,5.6,245.6,262.1,16,10.92,healthy,No,114.81,2024-09-07
ZA-01993,Chimpanzee,Pan troglodytes,Mammal,Omnivore,Forest,Tanzania,Riverside Zoo,EN,male,15.4,63.19,92.6,-1,3.09,Healthy,Yes,-,09-07-2025
ZA-04386,Cheetah,Acinonyx jubatus,Mammal,Carnivore,Savanna,Botswana,Safari Park North,Vulnerable,Male,5.6,51.55,130.5,12,1.41,Under Observation,N,196.39,23/04/2023
ZA-03168,Tiger,Panthera tigris,Mammal,Carnivore,Forest,india,Safari Park North,EN,M,6.2,261.54,287.5,16,11.88,None,Yes,207.22,2022-01-14
ZA-00036,Giraffe,Giraffa camelopardalis,MAMMAL,Herbivore,Savanna,Kenya,Highland Wildlife Reserve,VU,Female,17.2,1231.59,367.9,25,84.23,Healthy,No,480.88,2025-06-09
ZA-00831,African Elephant,Loxodonta africana,Mammal,Herbivore,Savanna,Botswana,Greenfield Sanctuary,Vulnerable,Male,na,1759.71,427.2,60,,Healthy,Y,296.46,15/06/2025
ZA-03737,Lyon,Panthera leo,Mammal,Carnivore,Savanna,Tanzania,Safari Park North,VU,Female,4.1,152.53,249.7,14,None,Healthy,No,229.68,06/01/2022
ZA-04311,Lion,Panthera leo,Mammal,Carnivore,Savanna,Kenya,Safari Park North,VU,Female,0.4,53.39,155.3,14,2.66,Healthy,False,134.61,18/10/2022
ZA-01762,Snow Leopard,Panthera uncia,Mammal,Carnivore,Mountain,Pakistan,Safari Park North,Vulnerable,M,1.9,26.19,103.7,15,1.03,Healthy,Yes,$75.90,06/06/2022
ZA-02864,Black Rhinoceros,Diceros bicornis,Mammal,Herbivore,Savanna,Kenya,Safari Park North,Critically Endangered,Female,5.5,530.15,322.5,40,28.95,Healthy,Yes,194.62,2025-03-09
ZA-00348,Leopard ,Panthera pardus,Mammal,Carnivore,Forest,South Africa,Riverside Zoo,Vulnerable,Male,10.4,53.64,188.9,14,1.74,Under Observation,Yes,251.03,2024-02-04
ZA-00168,Leopard,Panthera pardus,Mammal,Carnivore,Forest,South Africa,coastal aquarium & zoo,VU,Female,1.1,28.2,114.1,14,-,Sick,Yes,184.57,2024-09-04
ZA-04802,giant panda,Ailuropoda melanoleuca,Mammal,Herbivore,Forest,China,Coastal Aquarium & Zoo,VU,Female,6.6,99.2,142.8,20,4.89,Under Observation,Yes,$236.28,2023-10-20
ZA-00117,Ostrich,Struthio camelus,Bird,Omnivore,Savanna,Namibia,Riverside Zoo,least concern,Female,26.4,106.89,201.1,40,5.33,Injured,Yes,186.75,"February 02, 2022"
ZA-03457,Saltwater Crocodile,Crocodylus porosus,Reptile,Carnivore,Wetland,India,Greenfield Sanctuary,Least Concern,Male,48.0,429.48,496.9,70,15.14,Healthy,Yes,$237.40,06-30-2024
ZA-00531,Galapagos Tortoise,Chelonoidis niger,Reptile,Herbivore,Island,Ecuador,Safari Park North,VU,Male,12.7,146.71,95.0 cm,100,11.07,Healthy,Y,146.66,2024-03-25
ZA-01395,Whale Shark,Rhincodon typus,Fish,Omnivore,Ocean,Australia,Greenfield Sanctuary,EN,Male,19.3,10679.57,1075.1,70,502.98,Injured,1,2922.49,2023-02-20
ZA-02591,Koala,Phascolarctos cinereus,Mammal,herbivore,Forest,Australia,Greenfield Sanctuary,VU,Male,9.9,9.85,72.6,13,0.45,Healthy,Yes,71.37,2023-12-05
ZA-02369,Axolotl,Ambystoma mexicanum,AMPHIBIAN,Carnivore,Wetland,Mexico,Greenfield Sanctuary,CR,Female,7.3,0.14,25.5,12,0.01,Sick,Yes,80.34,12-02-2024
ZA-01029,Gorilla,Gorilla gorilla,Mammal,herbivore,Forest,Gabon,Coastal Aquarium & Zoo,CR,Male,12.4,,180.1,35,12.3,Healthy,Yes,$213.54,2023-01-06
ZA-01642,Komodo Dragon,Varanus komodoensis,Reptile,Carnivore,Forest,Indonesia,Coastal Aquarium & Zoo,EN,Male,9.4,67.79,260.9,30,2.26,Under Observation,,181.46,03-05-2024
ZA-02522,Komodo Dragon,Varanus komodoensis,Reptile,Carnivore,FOREST,Indonesia,Greenfield Sanctuary,endangered,Male,24.1,69.19,255.0 cm,30,2.74,Injured,-,$228.44,2022-09-13
ZA-04152,Sea Otter,Enhydra lutris,Mammal,Carnivore,Ocean,Russia,Metro City Zoo,EN,Male,2.3,19.36,97.5,15,0.74,Healthy,,61.23,2024-11-28
ZA-03052,Galapagos Tortoise,Chelonoidis niger,Reptile,Herbivore,Island,Ecuador,  Coastal Aquarium & Zoo ,VU,Female,5.1,91.0,83.0,100,6.23,Healthy,1,143.95,01/12/2022
ZA-04011,Flamingo,Phoenicopterus roseus,Bird,Omnivore,Wetland,Spain,Highland Wildlife Reserve,Least Concern,Male,22.4,3.88,121.8,30,0.18,Healthy,True,44.64,2022-09-04
ZA-04237,King Cobra,Ophiophagus hannah,  Reptile ,Carnivore,Forest,  Thailand ,Coastal Aquarium & Zoo,Vulnerable,Male,9.3,7.5,408.8,20,NULL,Healthy,True,60.8,2022-01-28
ZA-04508,komodo dragon,Varanus komodoensis,Reptile,carnivore,Forest,Indonesia,Metro City Zoo,Endangered,Female,5.2,48.68,222.8,30,2.22,Healthy,Yes,98.09,2023-12-07
ZA-04686,Nile Crocodile,Crocodylus niloticus,Reptile,Carnivore,Wetland,Kenya,Riverside Zoo,Least Concern,Male,32.2,505.17,500.0,70,14.54,Sick,Yes,546.25,2023-07-28
ZA-04335,Cheetah,Acinonyx jubatus,Mammal,Carnivore,Savanna,Namibia,Coastal Aquarium & Zoo,VU,Female,3.8,44.61,121.6,12,2.1,Under Observation,Yes,223.10 USD,11-10-2022
ZA-04881,cheetah,Acinonyx jubatus,Mammal,Carnivore,Savanna,Botswana,Greenfield Sanctuary,VU,male,6.9,50.38,128.6,12,3.02,Under Observation,Yes,248.32,2025-06-13
ZA-03205,Bald Eagle,Haliaeetus leucocephalus,Bird,Carnivore,Forest,USA,Greenfield Sanctuary,LC,Female,16.4,4.32,84.0,25,0.16,Healthy,Yes,41.79,05-25-2024
ZA-04368,King Cobra,Ophiophagus hannah,Reptile,Carnivore,Forest,Thailand,Greenfield Sanctuary,Vulnerable,Female,13.4,5.75,364.1,20,0.25,Injured,No,148.43,01-16-2023
ZA-01780,Axolotl,Ambystoma mexicanum,Amphibian,Carnivore,Wetland,Mexico,Riverside Zoo,CR,Female,3.5,0.17,25.3,12,0.01,Healthy,Yes,40.44,2025-08-08
ZA-01026,Gorilla,Gorilla gorilla,Mammal,Herbivore,Forest,Gabon,Riverside Zoo,CR,Male,18.8,142.46,179.3,35,7.68,Healthy,Yes,129.16,03-04-2025
ZA-04385,Black Rhinoceros,Diceros bicornis,Mammal,Herbivore,Savanna,South africa,Coastal Aquarium & Zoo,critically endangered,Female,20.0,1046.01 kg,332.7,500,53.92,Healthy,No,390.46,2022-06-24
ZA-04001,Saltwater Crocodile,Crocodylus porosus,Reptile,Carnivore,Wetland,India,Riverside Zoo,LC,Male,38.3,1175.7 lbs,524.3,70,17.82,  Healthy ,1,167.8,22 Jul 2023
ZA-00082,Tiger,Panthera tigris,Mammal,Carnivore,Forest,Indonesia,Metro City Zoo,EN,Female,5.1,na,276.8,16,8.37,Sick,True,469.4,27/07/2022
ZA-03495,Nile Crocodile,Crocodylus niloticus,Reptile,Carnivore,Wetland,Tanzania,na,LC,Female,five,945.7 lbs,437.9,70,15.27,Under Observation,True,332.13,07/07/2025
ZA-03719,Cheetah,Acinonyx jubatus,Mammal,Carnivore,Savanna,Namibia,Coastal Aquarium & Zoo,Vulnerable,Male,7.4,49.7,140.7,12,unknown,Healthy,Yes,77.15,2025-03-28
ZA-02031,Orangutan,Pongo pygmaeus,Mammal,Omnivore,Forest,Malaysia,Coastal Aquarium & Zoo ,CR,Female,13.8,72.84,100.1,35,3.13,Healthy,Yes,134.32,31 Oct 2024
ZA-03954,Polar Bear,Ursus maritimus,Mammal,Carnivore,Arctic,Canada,Highland Wildlife Reserve,None,Male,14.7,564.58,256.4,25,None,N/A,-,282.78,2022-11-29
ZA-03982,Plains Zebra,Equus quagga,Mammal,Herbivore,Savanna,Botswana,Highland Wildlife Reserve,Near Threatened,Male,2.8,223.48,187.6,25,16.99,Healthy,No,364.57,16/05/2024
ZA-01477,Whale Shark,Rhincodon typus,Fish,Omnivore,Ocean,Australia,Metro City Zoo,EN,female,28.2,9966.06,991.6,70,unknown,Healthy,1,"$1,152.05",08-09-2022
ZA-02717,Scarlet Macaw,Ara macao,Bird,Herbivore,Forest,Peru,Riverside Zoo,LC,na,27.7,1.03,91.7 cm,50,0.07,Sick,True,94.64,2023-02-23
ZA-04288,Galapagos Tortoise,Chelonoidis niger,Reptile,Herbivore,Island,Ecuador,Safari Park North,VU,Male,7.9,118.19,92.6,100,6.52,Injured,No,229.04,05-29-2022
ZA-04479,Polar Bear,Ursus maritimus,Mammal,Carnivore,Arctic,U.S.A.,Highland Wildlife Reserve,VU,Male,N/A,540.9,237.1,25,23.64,Healthy,Yes,131.88,2025-01-14
ZA-04880,Black Rhinoceros,Diceros bicornis,Mammal,Herbivore,Savanna,South Africa,Highland Wildlife Reserve,CR,Female,18.6,976.2,356.4,40,56.56,Healthy,Yes,307.1,2024-01-12
ZA-02674,King Cobra,Ophiophagus hannah,Reptile,Carnivore,Forest,india,Riverside Zoo,VU,Female,15.2,5.72,385.5,20,0.26,Healthy,True,$34.71,2023-12-04
ZA-01478,Snow Leopard,Panthera uncia,Mammal,Carnivore,Mountain,-,Highland Wildlife Reserve,Vulnerable,Male,1.5,23.34 kg,102.7,15,0.94,Healthy,Yes,66.63,09-24-2022
ZA-04943,Cheetah,Acinonyx jubatus,Mammal,Carnivore,Savanna,Namibia,Greenfield Sanctuary,Vulnerable,male,-2.0,42850 g,111.7,12,1.85,Healthy,Yes,-,2024-05-07
ZA-04205,Giant Panda,Ailuropoda melanoleuca,Mammal,Herbivore,Forest,China,Coastal Aquarium & Zoo,Vulnerable,Male,11.7,120.66,158.6,20,6.79,Healthy,0,157.64,22/09/2024
ZA-02484,Axolotl,Ambystoma mexicanum,Amphibian,Carnivore,  Wetland ,Mexico,Highland Wildlife Reserve,Critically Endangered,Male,7.1,0.21,26.5,12,0.01,Healthy,na,$58.35,01-07-2025
ZA-03502,Green Iguana,Iguana iguana,Reptile,Herbivore,Forest,Costa Rica,Highland Wildlife Reserve,NULL,Male,11.0,4610 g,142.1,15,0.37,Healthy,Y,52.04,31/03/2022
ZA-02564,Asian Elephant,Elephas maximus,Mammal,Herbivore,Forest,Sri Lanka,Metro City Zoo,Endangered,Female,24.8,3686.5,557.7,60,253.31,Healthy,No,637.03,2023-08-27
ZA-03403,Hippopotamus,Hippopotamus amphibius,Mammal,Herbivore,Wetland,Zambia,Greenfield Sanctuary,VU,na,12.6,na,356.5,40,109.3,Healthy,No,532.69,2022-08-14
ZA-04495,Tiger,Panthera tigris,mammal,Carnivore,Forest,Indonesia,Coastal Aquarium & Zoo,EN,Male,10.4,199.47,9999,16,5.16,Healthy,Y,160.36,02-19-2025
ZA-02158,Giant Panda,Ailuropoda melanoleuca,Mammal,Herbivore,Forest,China,Metro City Zoo,vulnerable,Male,6.8,N/A,na,20,,Healthy,No,117.06,2023-10-14
ZA-01887,Peacock,Pavo cristatus,Bird,Omnivore,Forest,Sri Lanka,Highland Wildlife Reserve,Least Concern,Female,-2.0,5.06,180.8,20,0.22,Healthy,Yes,NULL,2022-10-12
za-01957,Plains Zebra,Equus quagga,Mammal,Herbivore,Savanna,Tanzania,Coastal Aquarium & Zoo,Near Threatened,Female,4.0,202.52,181.2,25,10.52,Healthy,Yes,$229.98,2024-05-19
ZA-01630,Giraffe,Giraffa camelopardalis,Mammal,Herbivore,Savanna,Tanzania,Safari Park North,VU,Female,15.9,2599.5 lbs,442.4,25,70.08,Sick,Yes,888.26 USD,2025-02-08
ZA-02699,Bald Eagle,Haliaeetus leucocephalus,Bird,Carnivore,Forest,usa,Metro City Zoo,-,Male,17.6,4.68,,25,0.18,Healthy,1,55.39,09-07-2023
ZA-01646,Koala,Phascolarctos cinereus,Mammal,Herbivore,Forest,Australia,Greenfield Sanctuary,VU,Female,9.5,-,71.2,13,0.54,Healthy,Yes,34.29,2024-10-24
ZA-00041,Gorilla,Gorilla gorilla,Mammal,Herbivore,Forest,  Gabon ,NULL,CR,Female,4.5,122.83,144.2,35,7.3,Under Observation,No,$214.70,04 May 2023
ZA-01705,Emperor Penguin,Aptenodytes forsteri,Bird,Piscivore,  Arctic ,Antarctica,Riverside Zoo ,NT,Female,4.2,26.16,102.9,20,1.15,Healthy,Yes,NULL,2024-12-15
ZA-02694,Giant Panda,Ailuropoda melanoleuca,Mammal,Herbivore,Forest,China,Safari Park North,VU,Male,10.2,95.18,145.9,20,5.73,Sick,No,$260.29,27/07/2024
ZA-04840,Snow Leopard,Panthera uncia,mammal,CARNIVORE,Mountain,Pakistan,  Greenfield Sanctuary ,VU,Male,13.5,37.0,132.9,15,,Healthy,,$88.65,2025-03-16
ZA-03303,Tiger,Panthera tigris,Mammal,Carnivore,Forest,IND,Metro City Zoo,EN,Male,2.0,109.77 kg,226.7,16,5.08,Healthy,Yes,126.4,09 Aug 2025
ZA-04493,Koala,Phascolarctos cinereus,Mammal,Herbivore,Forest,Australia,Safari Park North,Vulnerable,NULL,1.3,4.38,58.6,13,0.22,Healthy,No,51.17,2023-10-01
ZA-03174,Snow Leopard,Panthera uncia,Mammal,Carnivore,Mountain,China,Metro City Zoo,Vulnerable,Female,9.1,39.87,128.7,15,1.76,Healthy,Yes,na,2022-01-28
ZA-03137,Hippopotamus,Hippopotamus amphibius,Mammal,Herbivore,Wetland,Kenya,Safari Park North,Vulnerable,Male,26.3,1651.75,362.6,40,98.74,Healthy,0,536.8,04/10/2022
ZA-00312,Bald Eagle,Haliaeetus leucocephalus,Bird,Carnivore,Forest,Canada,Greenfield Sanctuary,LC,Male,10.3,5.4,94.7,25,0.19,Under Observation,Yes,169.05,2025-01-21
ZA-01632,Saltwater Crocodile,Crocodylus porosus,Reptile,Carnivore,Wetland,India,Riverside Zoo,Least Concern,Female,12.3,706.6 lbs,416.9,70,11.26,Healthy,unknown,173.19,04-12-2025
ZA-03824,Great White Shark,Carcharodon carcharias,Fish,Carnivore,Ocean,South Africa,Riverside Zoo,vulnerable,Male,11.8,860.01,408.5,70,30.05,Healthy,Yes,438.15,2023-08-15
ZA-02068,Hippopotamus,Hippopotamus amphibius,Mammal,Herbivore,Wetland,Tanzania,Highland Wildlife Reserve,VULNERABLE,Female,16.2,1278.32,341.8,40,58.91,Sick,No,556.52,21/03/2022
ZA-01427,Brown Bear,Ursus arctos,Mammal,Omnivore,Forest,USA,Coastal Aquarium & Zoo,Least Concern,na,19.2,280.03,225.0,25,13.89,under observation,Yes,-,2024-09-22
ZA-02003,Axolotl,Ambystoma mexicanum,Amphibian,Carnivore,Wetland,Mexico,Metro City Zoo,CRITICALLY ENDANGERED,Female,3.2,0.25,22.8,12,0.01,Healthy,1,$32.89,05-15-2024
ZA-00358,Red Kangaroo,Osphranter rufus,Mammal,HERBIVORE,Desert,Australia,Riverside Zoo,Least Concern,Male,4.0 yrs,76.59 kg,134.8,15,3.91,healthy,True,151.54,06 Sep 2024
ZA-02409,Bald Eagle,Haliaeetus leucocephalus,Bird,Carnivore,Forest,Canada,Riverside Zoo,LC,Female,2.4,2.31,64.3,25,0.12,Healthy,1,84.84,12-10-2023
ZA-01130,Gorrila,Gorilla gorilla,Mammal,Herbivore,Forest,Congo,Greenfield Sanctuary ,CRITICALLY ENDANGERED,Female,10.9,141.69,174.3,35,6.92,Healthy,Yes,$228.40,"March 31, 2024"
ZA-04441,Emperor Penguin,Aptenodytes forsteri,BIRD,PISCIVORE,Arctic,Antarctica,Greenfield Sanctuary,NT,M,4.1,31.9,115.1,20,1.71,Healthy,No,78.91,02-04-2022
ZA-02338,Snow Leopard,Panthera uncia,Mammal,Carnivore,Mountain,Mongolia,Metro City Zoo,VU,Female,3.8,31.49,122.7,15,1.0,Healthy,No,92.53,2025-06-22
ZA-01828,Bottlenose Dolphin,Tursiops truncatus,Mammal,Piscivore,OCEAN,usa,Highland Wildlife Reserve,LC,Male,5.3,123.06,272.3,40,5.99,Healthy,Yes,118.87,11/07/2022
ZA-02441,Brown Bear,Ursus arctos,Mammal,Omnivore,Forest,Canada,Riverside Zoo,LC,M,11.9,294.71,196.3,25,14.3,Injured,Yes,$341.30,2022-03-27
ZA-00129,Whale Shark,Rhincodon typus,Fish,Omnivore,Ocean,Australia,Coastal Aquarium & Zoo,EN,N/A,30.9,7876.5,954.0,70,322.47,Healthy,Yes,-,2024-07-08
ZA-01010,OSTRICH,Struthio camelus,Bird,Omnivore,Savanna,Kenya,Safari Park North,LC,unknown,15.2,112.69,203.2,500,4.18,Healthy,Yes,119.33,2024-03-16
ZA-01814,Galapagos Tortoise,Chelonoidis niger,Reptile,Herbivore,Island,Ecuador ,Coastal Aquarium & Zoo ,Vulnerable,FEMALE,64.2,227.5,116.1,100,12.65,Healthy,Yes,177.22,2022-02-26
ZA-04495,Tiger,Panthera tigris,mammal,Carnivore,Forest,Indonesia,Coastal Aquarium & Zoo,EN,Male,10.4,199.47,9999,16,5.16,Healthy,Y,160.36,02-19-2025
ZA-00658,Ostrich,Struthio camelus,Bird,Omnivore,Savanna,Namibia,Coastal Aquarium & Zoo,LC,Male,26.6,na,204.5,40,6.61,Healthy,Yes,88.51,2022-10-13
ZA-01247,Plains Zebra,Equus quagga,Mammal,Herbivore,Savanna,Kenya,Highland Wildlife Reserve,NT,MALE,18.2,338.93,243.4,25,19.29,Injured,Yes,434.58,2024-04-24
ZA-04956,Cheetah,Acinonyx jubatus,Mammal,Carnivore,Savanna,Botswana,metro city zoo,vulnerable,M,7.9,51.42,132.4,12,1.82,Healthy,No,129.05,2023-12-31
ZA-02772,Scarlet Macaw,Ara macao,Bird,Herbivore,Forest,Brazil,Highland Wildlife Reserve,,Male,34.7,0.98,84.6,50,,Healthy,Yes,54.18,2024-05-22
ZA-00202,Brown Bear,Ursus arctos,Mammal,Omnivore,Forest,Canada,Safari Park North,Least Concern,Female,8.7,300.35,201.3,25,12.64,HEALTHY,Yes,$113.29,2025-02-11
ZA-03345,Flamingo,Phoenicopterus roseus,Bird,Omnivore,Wetland,Kenya,Highland Wildlife Reserve,LC,Male,,3.00 kg,128.5,30,0.12,Sick,No,165.09,2025-03-30
ZA-04999,Saltwater Crocodile,Crocodylus porosus,Reptile,Carnivore,Wetland,India,Riverside Zoo,LC,Male,37.4,536.93,503.9,70,24.31,Under Observation,NULL,560.6,14/08/2025
ZA-01422,Cheetah,acinonyx jubatus,Mammal,Carnivore,Savanna,None,Highland Wildlife Reserve,VU,Male,3.5,55.91,148.7,12,2.2,Under Observation,Yes,195.71,2024-04-25
ZA-01818,Polar Bear,Ursus maritimus,Mammal,Carnivore,Arctic,NULL,Greenfield Sanctuary,VU,Female,10.1,354.48,222.5,25,16.28,Healthy,No,$217.90,14 Dec 2024
ZA-00955,Orangutan,Pongo pygmaeus,Mammal,Omnivore,-,INDONESIA,Coastal Aquarium & Zoo,Critically Endangered,None,8.5,59.6,115.9,35,2.55,Under Observation,Yes,152.36,04-05-2023
ZA-03049,Axolotl,Ambystoma mexicanum,Amphibian,Carnivore,Wetland,Mexico,Greenfield Sanctuary,Critically Endangered,Female,NULL,0.13,25.6,12,0.01,Healthy,Yes,49.24,2024-03-16
ZA-02419,Bottlenose Dolphin,Tursiops truncatus,Mammal,Piscivore,Ocean,mexico,Coastal Aquarium & Zoo,LC,Male,30.0,201.61,294.9,40,NULL,Healthy,Yes,242.05,20/05/2022
ZA-03931,Snow Leopard,Panthera uncia,Mammal,Carnivore,Mountain,Mongolia,Metro City Zoo,VU,F,5.9,35.99,124.4,15,1.59,Healthy,Y,118.11,05-19-2023
ZA-02362,saltwater crocodile,Crocodylus porosus,REPTILE,Carnivore,Wetland,Australia,Riverside Zoo,LC,Male,34.2,449.55,491.2,70,16.39,Injured,Yes,815.03,01/09/2022
ZA-03360,Lion,Panthera leo,mammal,Carnivore,Savanna,Kenya,Metro City Zoo,VU,Male,4.9,269.7,262.2,14,11.87,Healthy,No,120.4,2024-06-17
ZA-00997,Gorilla,Gorilla gorilla,Mammal,Herbivore,Forest,Congo,Coastal Aquarium & Zoo,critically endangered,Female,23.3 yrs,147.61,163.5,35,8.62,Healthy,Yes,151.7,2023-06-20
ZA-00594,Asian Elephant,Elephas maximus,Mammal,Herbivore,FOREST,Thailand,Greenfield Sanctuary,ENDANGERED,Female,37.4,3102.59,505.3,60,165.44,Healthy,1,439.49,06 Jun 2024
ZA-00971,Golden Eagle,Aquila chrysaetos,Bird,Carnivore,Mountain,Pakistan,  Highland Wildlife Reserve ,LC,Female,20.5,463.0,86.7,25,0.19,Healthy,Y,49.37,2025-04-03
ZA-00203,Bottlenose Dolphin,Tursiops truncatus,Mammal,piscivore,Ocean,Australia,Metro City Zoo,LC,na,16.8,169.46,291.0,40,10.2,unknown,Yes,170.81,08/05/2025
ZA-04866,Green Iguana,Iguana iguana,Reptile,Herbivore,Forest,Costa Rica,Riverside Zoo,Least Concern,Male,5.8,4.97,148.1,15,0.27,Healthy,Yes,62.17 USD,04-13-2022
ZA-01975,Bottlenose Dolphin,Tursiops truncatus,Mammal,  Piscivore ,Ocean,USA,Safari Park North,LC,Female,N/A,196.47 kg,297.8,40,13.85,Healthy,Yes,204.51,03-02-2023
ZA-00983,Bottlenose Dolphin,Tursiops truncatus,Mammal,Piscivore,Ocean,USA,Highland Wildlife Reserve,LC,Female,na,162.45 kg,282.4,40,7.8,Sick,Yes,352.3,23/05/2024
ZA-04987,  Plains Zebra ,Equus quagga,Mammal,Herbivore,Savanna,na,Metro City Zoo,NT,Male,9.4,389.47,239.2,25,19.8,Healthy,unknown,$180.09,2023-09-18
ZA-03319,Ostrich,Struthio camelus,Bird,Omnivore,Savanna,Kenya,Greenfield Sanctuary,Least Concern,Female,9.7,91.75 kg,None,40,4.24,Healthy,Y,118.74,12-26-2023
ZA-04903,Clownfish,Amphiprion ocellaris,Fish,Omnivore,Ocean,Australia,Metro City Zoo,LC,Male,4.0,0.02,9.2,8,0.0,Under Observation,Y,80.68,17 Jan 2023
ZA-04522,Giant Panda,Ailuropoda melanoleuca,Mammal,Herbivore,FOREST,China,Coastal Aquarium & Zoo,VU,Female,-,123.21,139.0,20,8.12,Healthy,No,89.88,2025-06-27
ZA-01981,Tiger,Panthera tigris,Mammal,Carnivore,Forest,Indonesia,Coastal Aquarium & Zoo,ENDANGERED,Male,12.0,283.70 kg,286.3,16,13.72,Healthy,Y,na,2023-01-18
ZA-02381,Grey Wolf,Canis lupus,Mammal,Carnivore,Forest,Russian Federation,GREENFIELD SANCTUARY,LC,Female,2.7,36.26,127.5,8,1.34,N/A,Yes,83.78 USD,2023-12-20
ZA-02487,Red-eyed Tree Frog,Agalychnis callidryas,Amphibian,Insectivore,Forest,Costa Rica,Greenfield Sanctuary,Least Concern,FEMALE,1.0,0.0,6.1,5,0.0,  Healthy ,Yes,42.35,30/10/2024
ZA-02375,Tiger,Panthera tigris,Mammal,Carnivore,Forest,Indonesia,Highland Wildlife Reserve,ENDANGERED,Male,2.4,136.96,230.6,16,6.32,Injured,1,$322.79,13/02/2023
ZA-04457,Koala,Phascolarctos cinereus,Mammal,Herbivore,Forest,australia,Riverside Zoo,VU,Female,5.0,7.56,73.3,13,0.41,Sick,Yes,$112.99,2022-09-28
ZA-04920,Snow Leopard,Panthera uncia,Mammal,Carnivore,Mountain,Mongolia,Greenfield Sanctuary,Vulnerable,Female,3.2,-,118.7,15,1.13,Injured,-,136.66,2024-08-03
ZA-03098,Saltwater Crocodile,Crocodylus porosus,reptile,Carnivore,Wetland,Australia,Highland Wildlife Reserve,LC,Female,37.1,360470 g,-,70,N/A,Healthy,True,179.79,2022-10-11
ZA-04669,Hippopotamus ,Hippopotamus amphibius,Mammal,Herbivore,Wetland,Zambia,Metro City Zoo,VU,Female,31.8,1480.97,335.5,40,88.68,Healthy,False,315.85,2024-07-02
ZA-03090,Chimpanzee,Pan troglodytes,Mammal,Omnivore,Forest,Congo,Highland Wildlife Reserve,EN,Male,10.9,49.84,96.0,40,2.19,Healthy,1,82.03,2025-02-09
ZA-04562,Clownfish,amphiprion ocellaris,FISH,Omnivore,Ocean,Indonesia,RIVERSIDE ZOO,LC,Male,4.3,-,9.9,8,0.0,Healthy,Yes,42.15,2025-08-31
ZA-01188,Great White Shark,carcharodon carcharias,Fish,Carnivore,Ocean,USA,Greenfield Sanctuary,Vulnerable,Male,35.1,973.06,489.4,70,36.89,Under Observation,Yes,,2025-06-04
ZA-02330,red kangaroo,Osphranter rufus,Mammal,Herbivore,Desert,Australia,Safari Park North,LC,Female,8.9,73.7,132.8,15,3.83,Healthy,Yes,147.47,2024-03-23
ZA-02343,African Elephant,Loxodonta africana,Mammal,Herbivore,Savanna,South Africa,Metro City Zoo,vulnerable,Male,29.8,5378.75,649.2,60,276.55,Healthy,Yes,587.67,"November 16, 2024"
ZA-00352,Bald Eagle,Haliaeetus leucocephalus,Bird,Carnivore,Forest,USA,Safari Park North,LC,Male,12.2,6.4,83.4,25,0.27,Healthy,Yes,78.0,2022-03-04
ZA-03404,Green Iguana,Iguana iguana,Reptile,Herbivore,Forest,Costa Rica,Coastal Aquarium & Zoo,Least Concern,Male,6.6,6150 g,166.2,15,0.43,Healthy,Yes,61.7,12-21-2023
ZA-01756,Bald Eagle,Haliaeetus leucocephalus,Bird,Carnivore,Forest,Canada,Riverside Zoo,Least Concern,Female,14.2,4.88,81.4,25,0.2,Healthy,Yes,65.56,27 Jan 2025
ZA-01596,Gorilla,Gorilla gorilla,Mammal,Herbivore,Forest,Congo,Highland Wildlife Reserve,Critically Endangered,M,16.1,177.51,N/A,35,9.11,Healthy,N,145.92,2022-11-23
ZA-03549,Giraff,Giraffa camelopardalis,Mammal,Herbivore,Savanna,Tanzania,Metro City Zoo,VU,Male,10.4,1302.5,427.2,25,85.94,Healthy,Yes,420.31 USD,2025-05-09
ZA-00043,Cheetah,Acinonyx jubatus,Mammal,carnivore,Savanna,Namibia,Greenfield Sanctuary,VU,Female,unknown,40.49,130.8,12,1.6,Healthy,Y,92.44,2025-08-28
ZA-00637,Koala,Phascolarctos cinereus,Mammal,Herbivore,Forest,Australia,Coastal Aquarium & Zoo,VU,M,,6.24 kg,,13,,Healthy,None,55.86,2024-02-07
ZA-04884,  Red Kangaroo ,Osphranter rufus,mammal,Herbivore,Desert,Australia,Greenfield Sanctuary,Least Concern,Female,9.5,64140 g,122.2,15,3.47,Healthy,No,115.27,09-22-2024
ZA-02150,Leopard,Panthera pardus,Mammal,Carnivore,Forest,unknown,Riverside Zoo,VU,Female,9.1,53.48,167.1,14,1.82,Healthy,No,$70.71,na
ZA-03348,Orangutan,Pongo pygmaeus,Mammal,Omnivore,Forest,Malaysia ,Riverside Zoo,na,F,19.1,63.36,115.4,35,2.36,Healthy,Y,98.57,2023-10-26
ZA-04668,Cheetah,Acinonyx jubatus,Mammal,Carnivore,Savanna,Botswana,Coastal Aquarium & Zoo,VU,-,6.8,46.73,120.5,12,1.59,Healthy,Yes,$109.78,2025-05-17
ZA-02495,Bald Eagle,Haliaeetus leucocephalus,Bird,Carnivore,Forest,United States,Greenfield Sanctuary,LC,M,13.3,4.58,86.4,25,0.16,Healthy,No,unknown,29 Aug 2023
ZA-03862,Scarlet Macaw,ara macao,Bird,Herbivore,Forest,Costa Rica,safari park north,Least Concern,Male,20.1,1.01 kg,87.8 cm,50,0.08,Healthy,Yes,,2024-02-01
ZA-01274,Asian Elephant,Elephas maximus,Mammal,Herbivore,Forest,India,Highland Wildlife Reserve,EN,Female,26.4,3201.66,523.3,60,190.19,Healthy,True,492.69,08-21-2022
ZA-02183,Grey Wolf,canis lupus,Mammal,Carnivore,Forest,Canada,Highland Wildlife Reserve,LC,Male,N/A,NULL,126.0,8,unknown,Healthy,Yes,N/A,2024-09-08
ZA-00575,Komodo Dragon,Varanus komodoensis,Reptile,Carnivore,Forest,Indonesia,Metro City Zoo,Endangered,female,11.0,57.8,226.6,30,2.28,Sick,Yes,245.51,2024-02-29
ZA-01921,Chimpanzee,Pan troglodytes,Mammal,Omnivore,Forest,Tanzania,Highland Wildlife Reserve,EN,Male,17.3,56280 g,99.3,40,2.7,Healthy,Y,125.29,12-08-2022
ZA-02925,Sea Otter,Enhydra lutris,Mammal,Carnivore,Ocean,Russian Federation,  Riverside Zoo ,EN,FEMALE,12.3,N/A,126.6,15,1.17,Healthy,No,105.96,20 Mar 2024
ZA-04778,Sea Otter,Enhydra lutris,Mammal,Carnivore,Ocean,Canada,Coastal Aquarium & Zoo,EN,Female,9.1,25.17,127.6,15,1.09,Injured,Yes,155.44,29 Jun 2022
ZA-03667,Flamingo,Phoenicopterus roseus,Bird,Omnivore,Wetland,Spain,Highland Wildlife Reserve,None,Male,12.4,3.02,128.9,30,0.14,Healthy,Yes,$85.27,2022-11-27
ZA-00857,Grey Wolf,Canis lupus,Mammal,Carnivore,Forest,U.S.A.,safari park north,LC,Female,1.0,24.59,99.2,8,0.75,Healthy,Yes,68.23,2025-06-03
ZA-02177,Axolotl,Ambystoma mexicanum,Amphibian,Carnivore,Wetland,Mexico,Safari Park North,CR,Male,7.0,0.22,25.9,12,0.01,Healthy,Yes,60.54 USD,07/01/2024
ZA-03686,Whale Shark,Rhincodon typus,Fish,Omnivore,Ocean,Mexico,Riverside Zoo,Endangered,Female,36.9,8646.53,1082.4,70,425.17,Sick,Y,1588.67,2023-02-17
ZA-02796,Emperor Penguin,Aptenodytes forsteri,Bird,Piscivore,Arctic,Antarctica,Greenfield Sanctuary,NT,Female,13.6,26.7,116.1,20,1.18,Healthy,Yes,57.28,07-28-2022
ZA-02048,Peacock,Pavo cristatus,Bird,Omnivore,Forest,Sri Lanka,Greenfield Sanctuary,Least Concern,M,4.0,4.49,189.5,20,None,Healthy,Yes,38.56,2022-08-03
ZA-01809,Saltwater Crocodile,Crocodylus porosus,Reptile,Carnivore,Wetland,Australia,Coastal Aquarium & Zoo,Least Concern,Male,32.1,528.63,494.0,70,18.15,Healthy,Yes,264.04,"May 01, 2022"
ZA-02621,Gorilla,Gorilla gorilla,Mammal,Herbivore,  Forest ,Uganda,Riverside Zoo,CRITICALLY ENDANGERED,Female,1.5,48.02 kg,101.3,35,2.62,Healthy,Yes,93.28,2023-03-18
ZA-04695,Komodo Dragon,Varanus komodoensis,Reptile,Carnivore,FOREST,Indonesia,Greenfield Sanctuary,endangered,Male,17.3,66.44,272.9,30,2.38,Healthy,Yes,,2023-06-07
ZA-01899,Asian Elephant,Elephas maximus,Mammal,herbivore,Forest,Thailand,Metro City Zoo,ENDANGERED,Female,43.2,2483.29,502.7,60,158.73,Healthy,Yes,343.63,2023-07-26
ZA-01847,Cheetah,Acinonyx jubatus,Mammal,Carnivore,Savanna,Namibia,Metro City Zoo,VULNERABLE,Female,8.4,52.69,130.9,12,2.58,Healthy,Yes,$113.32,2025-08-30
ZA-04607,Grey Wolf,Canis lupus,Mammal,Carnivore,Forest,USA,Riverside Zoo,LC,M,3.7,108.5 lbs,128.6,8,1.95,Healthy,Yes,151.58,01-31-2025
ZA-00876,Lion,Panthera leo,Mammal,Carnivore,Savanna,South africa,Coastal Aquarium & Zoo,Vulnerable,Female,0.8,81.75 kg,161.4,14,3.58,Healthy,,140.91,18/04/2023
ZA-00104,Red Kangaroo,Osphranter rufus,Mammal,Herbivore,Desert,Australia,Safari Park North,Least Concern,Male,3.0,63.74,137.3,15,3.56,sick,Yes,$239.79,16/07/2024
ZA-03907,Tiger,Panthera tigris,Mammal,Carnivore,Forest,India,Metro City Zoo,Endangered,Female,10.6,277.35,266.8,16,12.25,Healthy,False,210.35,17/01/2023
ZA-02459,Koala,Phascolarctos cinereus,Mammal,Herbivore,Forest,Australia,Riverside Zoo,VULNERABLE,Female,9.0,8.66 kg,70.8,13,0.37,HEALTHY,Y,54.83,
ZA-04201,Green Sea Turtle,Chelonia mydas,Reptile,Herbivore,Ocean,Mexico,Greenfield Sanctuary,Endangered,M,-,137.36,103.2,80,8.15,Healthy,Yes,158.1,2022-04-29
ZA-03227,Saltwater Crocodile,Crocodylus porosus,Reptile,Carnivore,Wetland,Indonesia,Greenfield Sanctuary,Least Concern,Male,40.3,591.31,534.0,70,25.47,Healthy,1,$244.81,02 Dec 2024
ZA-03410,Flamingo,Phoenicopterus roseus,Bird,Omnivore,Wetland,Spain,Coastal Aquarium & Zoo,LC,male,12.8,3.44,,30,0.14,Under Observation,Y,130.35,2024-05-05
ZA-00605,King Cobra,Ophiophagus hannah,Reptile,Carnivore,Forest,India,Highland Wildlife Reserve,VU,Female,11.6,4.32 kg,387.3,20,0.15,Healthy,True,58.35,07/12/2022
ZA-00989,Gorilla,Gorilla gorilla,Mammal,Herbivore,Forest,Uganda,Greenfield Sanctuary,critically endangered,Male,2.4,95.91,126.8,35,5.52,Sick,Yes,188.05,24/06/2024
ZA-01234,Snow Leopard,Panthera uncia,Mammal,Carnivore,mountain,Pakistan,Greenfield Sanctuary,VU,Female,3.7,25.47,124.6,15,0.74,Under Observation,Yes,138.9,2023-06-02
ZA-00067,Giant Panda,Ailuropoda melanoleuca,Mammal,Herbivore,Forest,China,Greenfield Sanctuary,VU,Female,10.1,95.8,NULL,20,4.75,Healthy,Yes,148.33,2022-08-30
ZA-01434,Bottlenose Dolphin,Tursiops truncatus,Mammal,Piscivore,Ocean,US,Riverside Zoo,LC,male,15.4,250.37,323.4,40,11.23,Healthy,Yes,$216.25,04/02/2022
ZA-00385,Nile Crocodile,Crocodylus niloticus,Reptile,carnivore,Wetland,Tanzania,Metro City Zoo,Least Concern,Male,19.7,412.55,476.8,70,16.71,Healthy,Yes,N/A,2022-09-28
ZA-00894,Saltwater Crocodile,Crocodylus porosus,Reptile,Carnivore,Wetland,India,Metro City Zoo,Least Concern,Male,34.6,458.4,493.4,70,18.1,Healthy ,1,235.41,-
ZA-00057,Tiger,Panthera tigris,Mammal,Carnivore,Forest,Indonesia,Riverside Zoo,Endangered,Male,2.5,141.0,247.4,16,5.88,Sick,No,309.25,2025-01-20
ZA-00712,Polar Bear,Ursus maritimus,Mammal,carnivore,Arctic,United States,Metro City Zoo,VULNERABLE,Male,12.0,536.08 kg,270.5,25,29.96,Healthy,False,277.81,10 Nov 2023
ZA-02373,Sea Otter,Enhydra lutris,Mammal,Carnivore,Ocean,Russia,Metro City Zoo,endangered,Male,8.6,23.11,129.5,15,1.14,Healthy,True,80.97,2025-03-01
ZA-02127,Chimpanzee,Pan troglodytes,MAMMAL,Omnivore,Forest,TANZANIA,Greenfield Sanctuary,ENDANGERED,Female,13.0,47.32,84.8,40,3.12,Injured,Yes,263.28,27/04/2023
ZA-02589,Polar Bear,Ursus maritimus,Mammal,Carnivore,Arctic,Canada,greenfield sanctuary,VU,Female,18.3,416.77,233.2,25,21.92,Healthy,Yes,None,2025-09-05
ZA-00356,Green Sea Turtle,Chelonia mydas,Reptile,Herbivore,Ocean,Australia,Highland Wildlife Reserve,Endangered,Male,49.7,None,123.5,80,6.41,Healthy,No,143.66,2022-12-01
ZA-03566,Snow Leopard,Panthera uncia,Mammal,Carnivore,Mountain,Pakistan,Greenfield Sanctuary,VU,Male,8.5,NULL,129.9,15,1.38,Injured,N,198.53,01 Aug 2024
ZA-01843,Komodo Dragon,Varanus komodoensis,Reptile,Carnivore,Forest,unknown,Greenfield Sanctuary,EN,Female,21.4,78.2,241.1,30,2.65,Injured,Yes,222.56,"November 12, 2023"
ZA-02408,Bald Eagle,Haliaeetus leucocephalus,Bird,Carnivore,Forest,Canada,Riverside Zoo,LC,Male,12.8,6.08,82.8,25,0.25,None,Yes,$132.35,31/12/2023
ZA-01019,Scarlet Macaw,Ara macao,Bird,Herbivore,Forest,Brazil,Safari Park North,Least Concern,Female,36.5,0.94,N/A,50,0.05,Healthy,Yes,42.19,03-02-2022
ZA-01315,African Elephant,Loxodonta africana,Mammal,Herbivore,Savanna,Botswana,Highland Wildlife Reserve,Vulnerable,Female,34.9,4085.52,586.6,60,176.34,Injured,Yes,2188.66,06-05-2023
ZA-03297,Green Iguana ,Iguana iguana,Reptile,Herbivore,Forest,Mexico,Highland Wildlife Reserve,Least Concern,Male,7.3,6.03,146.7,15,0.29,Healthy,No,77.04,08/09/2024
ZA-02964,Tiger,Panthera tigris,Mammal,Carnivore,Forest,RUSSIA,Metro City Zoo,Endangered,Male,7.8,254.26,295.0,16,8.06,Under Observation,Yes,470.41,2025-06-08
ZA-00308,Golden Eagle,Aquila chrysaetos,Bird,Carnivore,Mountain,Mongolia,Safari Park North,LC,Female,10.2,4.08,80.9,25,0.23,Under Observation,Yes,unknown,08-27-2025
ZA-03462,  African Elephant ,Loxodonta africana,Mammal,Herbivore,Savanna,South Africa,Greenfield Sanctuary,Vulnerable,Female,51.3,3316.78,577.2,60,187.7,Healthy,True,520.74,2024-03-03
ZA-00814,Grey Wolf,Canis lupus,Mammal,Carnivore,Forest,Russia,Greenfield Sanctuary ,LC,Male,5.2,46.93,133.2,8,1.99,Healthy,Yes,122.04,03-21-2023
ZA-00042,  Green Sea Turtle ,Chelonia mydas,Reptile,Herbivore,Ocean,Mexico,Safari Park North,na,Male,25.3,166.91 kg,116.1,80,None,Healthy,False,,22/10/2022
ZA-03788,Great White Shark,Carcharodon carcharias,Fish,Carnivore,Ocean,Australia,Coastal Aquarium & Zoo,Vulnerable,Female,39.5,865.96,515.3,70,38.3,Healthy,1,266.6,2022-02-03
ZA-01406,  Axolotl ,Ambystoma mexicanum,Amphibian,Carnivore,Wetland,Mexico,Riverside Zoo ,CR,Female,5.4,0.2,24.5,12,,Healthy,Yes,52.57 USD,2022-10-12
ZA-03805,Bottlenose Dolphin,Tursiops truncatus,Mammal,Piscivore,Ocean,Australia,Highland Wildlife Reserve,Least Concern,MALE,31.5,233.24,317.0,40,13.38,Healthy,Yes,257.82,"July 27, 2024"
ZA-01682,Peacock,Pavo cristatus,Bird,Omnivore,Forest,Pakistan,Coastal Aquarium & Zoo,LC,Male,5.6,6.1,203.4,20,0.29,Healthy,True,73.56,06-12-2022
ZA-00883,Sea Otter,Enhydra lutris,Mammal,Carnivore,Ocean,Russian Federation,Greenfield Sanctuary,Endangered,M,1.7,32.8 lbs,99.6,15,0.76,Healthy,Yes,79.12,28 Jan 2023
ZA-03829,Red Kangaroo,Osphranter rufus,Mammal,Herbivore,Desert,Australia,Metro City Zoo,Least Concern,Male,6.4,84.03,149.0,15,4.61,Under Observation,No,252.6,03-06-2025
ZA-00699,Chimpanzee,Pan troglodytes,Mammal,Omnivore,Forest,Tanzania,Greenfield Sanctuary,Endangered,Male,26.3,49.76,88.2,40,1.97,Healthy,Y,$107.20,04 Jun 2022
ZA-04074,Saltwater Crocodile,Crocodylus porosus,Reptile,Carnivore,WETLAND,Australia,Greenfield Sanctuary,LC,Female,49.7,431.08,433.9,70,23.49,Healthy,Y,152.39,2022-02-27
ZA-04160,Grey Wolf,Canis lupus,Mammal,Carnivore,Forest,canada,Coastal Aquarium & Zoo,LC,Male,1.7,45.27,129.0,8,1.63,healthy,Yes,$139.66,2023-11-07
ZA-02052,Bald Eagle,Haliaeetus leucocephalus,Bird,Carnivore,Forest,Canada,Metro City Zoo,least concern,Male,4.8,3.71,80.4,25,0.13,Healthy,No,75.69,2024-02-20
ZA-04094,Bottlenose Dolphin,Tursiops truncatus,Mammal,Piscivore,Ocean,USA,Riverside Zoo,LC,male,22.3,230.72,293.5,40,,Healthy,N,186.45,2024-12-10
ZA-00216,Green Sea Turtle,Chelonia mydas,Reptile,Herbivore,Ocean,Mexico,Highland Wildlife Reserve,Endangered,Female,41.7,141.07,108.6,80,,Healthy,Yes,132.58,2022-11-09
ZA-03025,Orangutan,Pongo pygmaeus,Mammal,Omnivore,FOREST,Malaysia,N/A,CR,female,24.6,na,104.6,35,unknown,Healthy,1,$134.55,11-17-2022
ZA-02147,bald eagle,Haliaeetus leucocephalus,Bird,Carnivore,Forest,USA,Metro City Zoo,least concern,Female,20.4,4.39,83.1,25,0.13,Healthy,False,N/A,06-22-2024
ZA-02323,Green Iguana ,Iguana iguana,Reptile,Herbivore,Forest,Costa Rica,Safari Park North,least concern,M,3.8,4.96,138.2,15,0.35,Healthy,Yes,59.87,2022-07-06
ZA-03803,Golden Eagle,Aquila chrysaetos,Bird,Carnivore,Mountain,Mongolia,Coastal Aquarium & Zoo,LEAST CONCERN,F,13.0,4710 g,86.0,25,0.21,Under Observation,No,$133.06,02/03/2024
ZA-02483,Emperor Penguin,Aptenodytes forsteri,Bird,Piscivore,Arctic,Antarctica,Highland Wildlife Reserve,Near Threatened,Female,7.3,28.31,124.5,20,1.39,Healthy,Yes,61.41,06/09/2023
ZA-01371,Whale Shark,Rhincodon typus,Fish,Omnivore,Ocean,Mexico,Safari Park North,EN,F,33.0,8118.28,958.3,70,328.42,Healthy,Yes,1414.59,2024-11-24
ZA-01567,Giant Panda,Ailuropoda melanoleuca,Mammal,Herbivore,FOREST,China,riverside zoo,vulnerable,male,10.8,-,156.3,20,6.02,Sick,Yes,224.74 USD,2022-09-22
ZA-02193,Great White Shark,Carcharodon carcharias,Fish,Carnivore,Ocean,australia,Metro City Zoo,VU,Female,27.2,unknown,440.8,70,31.81,  Under Observation ,No,unknown,05-14-2024
ZA-03597,grey wolf,Canis lupus,Mammal,Carnivore,Forest,USA,  Riverside Zoo ,LC,Female,1.7,33.1,114.7,8,1.51,Under Observation,Yes,357.5,2024-02-06
ZA-03321,Hippopotamus,Hippopotamus amphibius,Mammal,Herbivore,Wetland,Zambia,Metro City Zoo,Vulnerable,Male,17.2,1573.02,348.4,500,99.09,  Healthy ,Yes,$234.33,17 May 2022
ZA-00882,Golden Eagle,Aquila chrysaetos,Bird,Carnivore,Mountain,Pakistan,Riverside Zoo,Least Concern,Male,10.5,5.5,86.8,25,,Under Observation,Yes,NULL,2025-02-18
ZA-02969,Saltwater Crocodile,Crocodylus porosus,Reptile,Carnivore,Wetland,Australia,Safari Park North,least concern,MALE,60.8,488.08,na,0,15.82,Healthy,True,252.2,01-19-2025
ZA-04068,Axolotl,Ambystoma mexicanum,Amphibian,Carnivore,Wetland,Mexico,Safari Park North,CR,Female,1.7,0.13,19.0,12,0.01,Injured,Yes,$78.17,2025-08-18
ZA-01517,Koala,Phascolarctos cinereus,Mammal,  Herbivore ,Forest,Australia,riverside zoo,VU,Female,10.9,NULL,75.6,13,,Injured,Yes,162.04,14/07/2025
ZA-02749,Black Rhinoceros,Diceros bicornis,Mammal,Herbivore,SAVANNA,Namibia,Coastal Aquarium & Zoo,CR,Female,20.8,2376.3 lbs,336.3,40,60.86,Healthy,Yes,265.1,08-14-2025
ZA-02504,Bottlenose Dolphin,Tursiops truncatus,Mammal,Piscivore,Ocean,Mexico ,Greenfield Sanctuary,Least Concern,F,32.2,211.48,295.8,40,10.43,Healthy,Yes,N/A,11-15-2023
ZA-03045,Plains Zebra,Equus quagga,Mammal,  Herbivore ,Savanna,Tanzania,Coastal Aquarium & Zoo,Near Threatened,Female,6.4,357.83,225.1,25,15.46,Healthy,True,184.1,2023-12-11
ZA-01767,Orangutan ,Pongo pygmaeus,Mammal,Omnivore,Forest,Malaysia,Greenfield Sanctuary,critically endangered,Male,8.1,76.83,100.9 cm,35,3.79,Sick,Yes,242.19,"June 22, 2023"
ZA-02756,Emperor Penguin,Aptenodytes forsteri,Bird,Piscivore,Arctic,Antarctica,NULL,near threatened,Female,17.2,28.42,102.2,20,1.16,Healthy,N,90.42,04/09/2023
ZA-02187,Lion,Panthera leo,Mammal,Carnivore,Savanna,South Africa,Greenfield Sanctuary,Vulnerable,Male,8.5,235.84,265.1,14,9.43,Healthy,True,230.97,2022-10-06
ZA-04976,Bottlenose Dolphin,Tursiops truncatus,Mammal,Piscivore ,Ocean,Australia,Coastal Aquarium & Zoo,LC,MALE,11.3,206.41,298.1,40,8.69,Under Observation,1,401.65,"February 10, 2025"
ZA-03309,Gorilla,Gorilla gorilla,Mammal,Herbivore,Forest,Gabon,Highland Wildlife Reserve,CR,Male,20.9,160.98,172.6,35,10.05,Healthy,No,,2022-01-18
ZA-03732,Flamingo,Phoenicopterus roseus,Bird ,Omnivore,Wetland,Spain,Riverside Zoo,LC,Female,16.4,-,114.1,30,0.09,Healthy,No,46.18,28/01/2023
ZA-04157,Green Iguana,Iguana iguana,Reptile,Herbivore,Forest,Brazil,Coastal Aquarium & Zoo,LC,Male,9.2 yrs,5.51,NULL,15,0.35,Healthy,Yes,92.76,23/01/2023
ZA-01038,Emperor Penguin,Aptenodytes forsteri,Bird ,Piscivore,Arctic,Antarctica,Highland Wildlife Reserve,NT,Male,6.0,31.49,117.0,20,1.29,Sick,No,98.64,20/07/2023
ZA-02438,Black Rhinoceros,Diceros bicornis,Mammal,Herbivore,Savanna,Namibia,Greenfield Sanctuary,critically endangered,Male,17.7,1100.71 kg,372.8,40,63.42,HEALTHY,Yes,289.91,2022-08-25
ZA-03000,Black Rhinoceros,Diceros bicornis,Mammal,Herbivore,Savanna,Namibia,Highland Wildlife Reserve,Critically Endangered,Female,9.6,920.96,315.7,40,71.89,HEALTHY,Yes,246.8,04 Jun 2022
ZA-01511,Orangutan,Pongo pygmaeus,Mammal,Omnivore,Forest,Indonesia,Riverside Zoo,CR,Female,22.8,68.31 kg,105.7,35,3.69,Sick,unknown,162.94,2022-03-12
ZA-00412,Peacock,Pavo cristatus,Bird,Omnivore,Forest,INDIA,Greenfield Sanctuary,LC,Female,5.4,4.82,189.4,20,na,Healthy,No,42.38,11-10-2024
ZA-04037,Bald Eagle,Haliaeetus leucocephalus,Bird,Carnivore,Forest,USA,Highland Wildlife Reserve,LC,Male,3.7,4.17,74.6,25,0.2,Sick,False,$122.07,2024-03-27
ZA-03878,Ostrich,struthio camelus,Bird,Omnivore,Savanna,South Africa,Greenfield Sanctuary,LC,Female,21.5,118.94,190.1,40,5.74,Injured,Yes,222.57,2024-02-21
ZA-03679,Red Kangaroo,Osphranter rufus,Mammal,Herbivore,Desert,Australia,Greenfield Sanctuary,LC,Female,4.3,65.55,na,15,3.75,Healthy,Yes,122.22,08-10-2024
ZA-01302,Koala,Phascolarctos cinereus,Mammal,Herbivore,Forest,Australia,  Greenfield Sanctuary ,Vulnerable,Male,6.8,7.91 kg,77.9,13,0.47,UNDER OBSERVATION,Yes,83.62,2023-10-08
ZA-03260,Great White Shark,Carcharodon carcharias,Fish,Carnivore,Ocean,Australia,Coastal Aquarium & Zoo,Vulnerable,male,24.5,1184.97,475.0,70,49.1,Healthy,Yes,320.49,2025-04-06
ZA-01297,Golden Eagle,Aquila chrysaetos,Bird,Carnivore,Mountain,Mongolia,Greenfield Sanctuary,Least Concern,Male,150.0,NULL,90.8,25,0.18,Healthy,Yes,75.16,2025-02-22
ZA-03778,FLAMINGO,Phoenicopterus roseus,Bird,Omnivore,Wetland,Kenya,Safari Park North,LC,Female,12.2,2.98,114.9,30,0.14,Injured,Yes,164.61,2022-01-21
ZA-03317,Koala,Phascolarctos cinereus,Mammal,Herbivore,Forest,AUSTRALIA,Coastal Aquarium & Zoo,Vulnerable,Female,4.9,9.33,76.9,13,0.65,Healthy,Yes,67.13,27/05/2023
ZA-03476,Golden Eagle,Aquila chrysaetos,Bird,Carnivore,Mountain,US,Coastal Aquarium & Zoo,Least Concern,Male,21.2,5.81,85.5,25,0.28,Healthy,NULL,92.28,2023-06-08
ZA-00778,  Golden Eagle ,Aquila chrysaetos,Bird,Carnivore,Mountain,Pakistan,Highland Wildlife Reserve,Least Concern,Female,16.2,5.0,81.9,25,0.22,Healthy,Yes,63.82,2022-03-25
ZA-04214,Galapagos Tortoise,Chelonoidis niger,Reptile,Herbivore,Island,Ecuador,HIGHLAND WILDLIFE RESERVE,VU,Female,35.5,249.29,112.3,100,12.8,Healthy,Yes,194.1,19/01/2022
ZA-04484,Komodo Dragon,Varanus komodoensis,Reptile,Carnivore,Forest,Indonesia,,EN,Male,three,73.17,249.5,30,3.17,Healthy,Yes,120.56,2024-10-19
ZA-02550,Saltwater Crocodile,Crocodylus porosus,Reptile,Carnivore,Wetland,Australia,Safari Park North,LC,Female,37.0,465.02,443.3,70,17.79,Sick,Yes,-,16/01/2025
ZA-04055,Plains Zebra ,Equus quagga,Mammal,Herbivore,Savanna,Tanzania,Metro City Zoo,NT,Male,14.7,316.32 kg,232.7,25,,Healthy,None,362.08,2024-07-29
ZA-00759,PEACOCK,Pavo cristatus,Bird,Omnivore,FOREST,Sri Lanka,Safari Park North,Least Concern,female,14.8,5.19,200.5,20,0.24,Healthy,No,58.6,15/10/2024
ZA-02368,Plains Zebra,Equus quagga,Mammal,Herbivore,Savanna,Tanzania,Greenfield Sanctuary,NT,Female,8.9,283.95,224.5,25,18.88,Healthy,Yes,190.41 USD,2022-12-05
ZA-02477,Brown Bear,Ursus arctos,Mammal,Omnivore,Forest,Canada,Riverside Zoo,Least Concern,Male,13.0,285.37,215.8,25,11.98,Healthy,No,219.42,19 Sep 2024
ZA-03812,Hippopotamus,Hippopotamus amphibius,Mammal,Herbivore,Wetland,Kenya,Metro City Zoo,VU,Female,,1588.16,367.6,40,87.48,na,N,511.71,15/06/2022
ZA-01318,Flamingo,Phoenicopterus roseus,Bird,Omnivore,Wetland,India,Metro City Zoo,Least Concern,Male,5.0,NULL,104.9,30,0.12,healthy,True,46.95,2025-03-09
ZA-03185,Nile Crocodile,Crocodylus niloticus,Reptile,Carnivore,Wetland,Zambia,Coastal Aquarium & Zoo,LC,Female,50.7,432.45,480.6,70,21.13,Injured,Y,565.2,2022-05-22
ZA-00074,Cheetah,Acinonyx jubatus,Mammal,Carnivore,Savanna,Botswana,Metro City Zoo,VU,M,2.0,,121.3,12,1.29,Healthy,1,100.53,N/A
ZA-00026,Bald Eagle,Haliaeetus leucocephalus,Bird,Carnivore,Forest,US,Safari Park North,LC,Male,8.7,6.67,84.3,25,0.31,Healthy,Yes,84.75,2025-02-26
ZA-04032,Chimpanzi,Pan troglodytes,Mammal,Omnivore,Forest,Tanzania,Riverside Zoo,EN,female,13.5,46.52,92.6,40,2.12,Healthy,Yes,95.64,08/10/2023
ZA-03393,Polar Bear,Ursus maritimus,Mammal,Carnivore,Arctic,Russia,Metro City Zoo,Vulnerable,Female,,400.42,233.2,25,15.38,Healthy,Yes,167.43,31/02/2023
ZA-03807,Scarlet Macaw,Ara macao,Bird,Herbivore,Forest,Costa Rica,Safari Park North,Least Concern,Female,14.3,0.93,81.8,50,0.06,healthy,Yes,65.43,05-07-2022
ZA-01127,Sea Otter,Enhydra lutris,Mammal,Carnivore,Ocean,Russia,Safari Park North,EN,F,7.9,24.06,123.7,15,1.18,Healthy,1,61.43,10-01-2022
ZA-03578,Plains Zebra,Equus quagga,Mammal,Herbivore,Savanna,,Coastal Aquarium & Zoo,NT,Female,12.2,332.77,233.4,25,16.81,Healthy,No,160.01,07-22-2024
ZA-01140,Saltwater Crocodile,crocodylus porosus,Reptile,Carnivore,Wetland,australia,Safari Park North,Least Concern,Male,21.8,480.35,484.1,70,18.55,Healthy,Yes,$344.97,20/01/2024
ZA-00506,Gorrila,Gorilla gorilla,Mammal,Herbivore,Forest,DRC,Highland Wildlife Reserve,Critically Endangered,FEMALE,17.1 yrs,140.64,180.6,35,N/A,Injured,N,462.34,2024-04-03
ZA-01561,Snow Leopard,Panthera uncia,Mammal,Carnivore,Mountain,Pakistan,Metro City Zoo,Vulnerable,male,8.8,32.75,125.4,15,1.16,Healthy,Yes,72.89,"January 08, 2024"
ZA-04835,Sea Otter,Enhydra lutris,Mammal,Carnivore,Ocean,Russia,Coastal Aquarium & Zoo,Endangered,Female,None,21.18 kg,106.4,15,,Healthy,Yes,74.53,01/01/2023
ZA-04270,Bottlenose Dolphin,Tursiops truncatus,Mammal,Piscivore,Ocean,Australia,Greenfield Sanctuary,Least Concern,Male,14.1,217.94,339.9,40,9.81,Healthy,No,114.44,12-03-2024
ZA-04977,Koala,Phascolarctos cinereus,Mammal,Herbivore,Forest,Australia,Greenfield Sanctuary,VU,female,9.2,8.51,68.9,13,0.36,Healthy,Y,105.43 USD,2025-03-27
ZA-03421,Nile Crocodile,Crocodylus niloticus,Reptile,Carnivore,Wetland,Zambia,Greenfield Sanctuary,Least Concern,Male,,445.86,463.0,70,16.96,Healthy,No,$211.02,2023-01-30
ZA-03531,Snow Leopard,Panthera uncia,Mammal,Carnivore,Mountain,China,Highland Wildlife Reserve,VU,female,4.9,39.44,130.1,15,1.38,Healthy,Yes,112.4,2023-05-09
ZA-03846,Clownfish,Amphiprion ocellaris,Fish,Omnivore,Ocean,Indonesia,Safari Park North,LEAST CONCERN,Male,5.1,0.02,9.7,8,0.0,Healthy,No,26.06,2022-12-31
ZA-01121,Ostrich,Struthio camelus,Bird,Omnivore,Savanna,Kenya,Greenfield Sanctuary,Least Concern,M,4.7,,183.3,40,3.66,,Yes,98.18,16/04/2024
ZA-01113,Snow Leopard,Panthera uncia,Mammal,Carnivore,Mountain,China,Riverside Zoo,VU,Male,,35.26,139.1,15,1.75,Healthy,Yes,unknown,11-01-2022
ZA-00587,Tiger,Panthera tigris,Mammal,Carnivore,Forest,Russia,Greenfield Sanctuary,Endangered,Male,11.8,204.17 kg,296.6,16,9.79,Healthy,Yes,180.58,2022-05-28
ZA-00602,Asian Elephant,Elephas maximus,Mammal,Herbivore,Forest,Sri Lanka ,Coastal Aquarium & Zoo,EN,Male,25.8,4013.33,541.2,60,249.31,Healthy,No,785.34,2025-08-09
ZA-00612,Flamingo,Phoenicopterus roseus,bird,Omnivore,Wetland,Kenya,Coastal Aquarium & Zoo,least concern,Female,18.5,2.53,115.5,30,0.13,Healthy,Yes,41.57,"December 12, 2024"
ZA-03187,Grey Wolf,Canis lupus,Mammal,Carnivore,  Forest ,Canada,Highland Wildlife Reserve,LC,Male,,40.20 kg,143.2,8,1.74,Healthy,Yes,118.35,03/10/2022
ZA-02474,Brown Bear,Ursus arctos,Mammal,Omnivore,Forest,Canada,Riverside Zoo,LC,FEMALE,2.7,159750 g,138.6,25,7.11,Healthy,Yes,107.12,14/10/2024
ZA-02697,Bottlenose Dolphin,Tursiops truncatus,Mammal,Piscivore,Ocean,Mexico,Greenfield Sanctuary,LC,Male,20.0,214.48,282.0,40,14.39,Healthy,N,256.36,08-08-2022
ZA-01090,Clownfish,Amphiprion ocellaris,Fish,Omnivore,Ocean,Australia,Coastal Aquarium & Zoo,least concern,F,three,0.02,8.7,8,0.0,Healthy,No,$45.45,01/11/2023
ZA-02738,Giant Panda,Ailuropoda melanoleuca,Mammal,Herbivore,Forest,China,Riverside Zoo,Vulnerable,Male,12.6,107.75,150.3,20,8.15,Healthy,True,$143.14,2023-12-27
ZA-01536,Nile Crocodile,Crocodylus niloticus,Reptile,Carnivore,Wetland,Zambia,Riverside Zoo,Least Concern,M,34.0,443.39,472.6,70,20.02,NULL,No,468.41,08-12-2022
ZA-01409,Grey Wolf,Canis lupus,Mammal,Carnivore,Forest,Canada,Coastal Aquarium & Zoo,LC,Female,4.9,38.51,122.1,8,None,Healthy,Yes,90.23,2023-08-01
ZA-02614,Red Kangaroo,Osphranter rufus,Mammal,Herbivore,Desert,Australia,Greenfield Sanctuary,LC,Female,6.5,-120.5,135.2,15,4.41,Injured,Yes,$278.98,na
ZA-00349,Galapagos Tortoise,Chelonoidis niger,Reptile,Herbivore,unknown,Ecuador,Riverside Zoo,Vulnerable,Female,58.5,221.08,110.3,100,11.33,Injured,Y,$248.84,2023-08-22
ZA-00886,Snow Leopard,Panthera uncia,Mammal,Carnivore,Mountain,Pakistan,Metro City Zoo,Vulnerable,MALE,5.1,42.04 kg,141.1,15,1.8,Under Observation,No,162.79,2022-05-15
ZA-04438,Green Sea Turtle,Chelonia mydas,Reptile,Herbivore,Ocean,Australia,Coastal Aquarium & Zoo,Endangered,M,25.3,202.26,109.4,80,10.85,healthy,Yes,255.48,2025-02-21
ZA-04663,Black Rhinoceros,Diceros bicornis,Mammal,Herbivore,Savanna,Kenya,Metro City Zoo,Critically Endangered,Female,4.3,683.22,256.7,40,51.04,Healthy,1,252.96,09/03/2025
ZA-00783,Ostrich,Struthio camelus,Bird,Omnivore,Savanna,Namibia,Coastal Aquarium & Zoo,LC,Female,16.6,102.1,203.4,40,4.66,Healthy,Yes,187.1,2022-04-03
ZA-04798,Leopard,Panthera pardus,  Mammal ,Carnivore,Forest,Kenya,Highland Wildlife Reserve,VU,Female,5.3,67.19,155.4,14,2.91,Healthy,Yes,102.7,2024-10-17
ZA-04162,Tigar,Panthera tigris,Mammal,Carnivore,Forest,india,Highland Wildlife Reserve,EN,Male,,194.94,na,16,na,Under Observation,No,415.49,21/07/2024
ZA-00630,Snow Leopard,Panthera uncia,Mammal,Carnivore,na,Pakistan,Coastal Aquarium & Zoo,VU,Female,2.8,37.13 kg,110.6,15,1.66,Healthy,,72.07,"September 26, 2023"
ZA-04612,Leopad,Panthera pardus,Mammal,Carnivore,Forest,South Africa,Safari Park North,VULNERABLE,Male,2.9,54.84,157.5,14,1.78,Healthy,Yes,113.56,2023-10-06
ZA-04757,Red Kangaroo,Osphranter rufus,Mammal,Herbivore,Desert,Australia,Safari Park North,Least Concern,Male,na,38.74,117.6,15,None,Under Observation,Y,172.75,2024-05-20
ZA-02549,Gorilla,Gorilla gorilla,Mammal,Herbivore,Forest,Gabon,Riverside Zoo,CR,Male,9.6,-,174.1,35,11.48,Healthy,Yes,158.63,2025-03-02
ZA-03945,Lion,panthera leo,Mammal,CARNIVORE,Savanna,Kenya,Riverside Zoo,None,unknown,0.5,66.7,174.1,14,2.08,Healthy,No,$121.41,2025-02-26
ZA-02458,Green Sea Turtle,chelonia mydas,Reptile,Herbivore,Ocean,Mexico,Coastal Aquarium & Zoo,EN,Male,16.6,144.67,100.5,80,8.43,Sick,Yes,292.67,2024-10-14
ZA-00409,Golden Eagle,Aquila chrysaetos,Bird,Carnivore,Mountain,Pakistan,Metro City Zoo,Least Concern,Female,22.8,5.41,96.6,25,0.22,Healthy ,Yes,41.4,08-07-2022
ZA-03392,Clownfish,Amphiprion ocellaris,Fish,Omnivore,Ocean,australia,Coastal Aquarium & Zoo,Least Concern,male,NULL,0.01,7.3,8,0.0,Healthy,Yes,34.44,17/01/2022
ZA-00165,Brown Bear,Ursus arctos,Mammal,Omnivore,Forest,unknown,Greenfield Sanctuary,least concern,Male,10.2,366.21,206.8,25,15.5,Healthy,N,255.43,2023-08-31
ZA-03266,Lion ,Panthera leo,Mammal,Carnivore,  Savanna ,Tanzania,  Coastal Aquarium & Zoo ,VU,Male,5.7,221.13,261.6,14,10.25,Injured,Yes,315.06,2022-01-07
ZA-04789,Red-eyed Tree Frog,Agalychnis callidryas,Amphibian,Insectivore,Forest,Mexico,Coastal Aquarium & Zoo,LC,Male,4.4,0.01,7.2,5,0.0,Healthy,Yes,35.0,2023-07-17
ZA-02337,Golden Eagle,Aquila chrysaetos,Bird,Carnivore,Mountain,USA,Metro City Zoo,LC,M,6.9,6.32,88.3,25,0.2,Healthy,Yes,93.48,2024-12-11
ZA-02039,Asian Elephant,Elephas maximus,Mammal,Herbivore,Forest,Sri Lanka,Coastal Aquarium & Zoo,EN,Female,9.2,2264.64,439.2,60,107.21,Healthy,Yes,556.46,30 Apr 2023
ZA-01970,Asian Elephant,Elephas maximus,Mammal,Herbivore,Forest,Sri Lanka,Riverside Zoo,EN,Female,5.1,1522.64,374.8,60,76.17,Healthy,No,457.62,2024-04-27
ZA-03509,Galapagos Tortoise,Chelonoidis niger,Reptile,Herbivore,Island,  Ecuador ,Highland Wildlife Reserve,VU,M,81.8,302.62,129.8,100,15.5,Healthy,1,224.43 USD,05-27-2024
ZA-04436,Sea Otter,Enhydra lutris,Mammal,Carnivore,Ocean,Russian Federation,Metro City Zoo,EN,Female,5.5,24.88,117.7,15,0.84,Healthy,0,52.12,21/04/2025
ZA-03571,Plains Zebra,Equus quagga,Mammal,Herbivore,Savanna,Botswana,Highland Wildlife Reserve,Near Threatened,female,9.1,318640 g,247.5,25,None,Healthy,Yes,$251.54,17/03/2024
ZA-01650,Nile Crocodile,Crocodylus niloticus,  Reptile ,Carnivore,Wetland,Kenya,Metro City Zoo,LC,Male,22.1,414.07,451.1,70,18.32,Under Observation,0,275.57,2025-04-23
ZA-04097,King Cobra,Ophiophagus hannah,Reptile,Carnivore,Forest,India,  Coastal Aquarium & Zoo ,VU,Female,3.9,,None,20,0.18,Healthy,Yes,$60.51,03-11-2023
ZA-02427,Golden Eagle ,Aquila chrysaetos,Bird,Carnivore,Mountain,Mongolia,na,LC,MALE,16.3,4.6,88.8,25,0.16,Healthy,Yes,79.13,07-08-2025
ZA-01088,Ostrich,Struthio camelus,Bird,Omnivore,Savanna,Kenya,Coastal Aquarium & Zoo,least concern,Female,9.3,103.7,198.7,40,4.61,Healthy,Yes,186.07 USD,04-24-2024
ZA-00760,Komodo Dragon,Varanus komodoensis,Reptile,Carnivore,Forest,Indonesia,Safari Park North,endangered,Male,None,65.06,259.4,30,2.47,Healthy,Yes,94.18,2023-12-29
ZA-04300,Snow Leopard,Panthera uncia,  Mammal ,Carnivore,Mountain,China,Metro City Zoo,VU,Female,9.6,33.39,129.0,15,1.13,Healthy,na,123.29,19 Feb 2025
ZA-03771,Snow Leopard,Panthera uncia,Mammal,Carnivore,Mountain,  China ,Greenfield Sanctuary,VU,Male,6.4,39.94,157.1,15,1.64,Healthy,Yes,80.18,2024-06-18
ZA-03140,Great White Shark,Carcharodon carcharias,Fish,Carnivore,Ocean,South Africa,Safari Park North,VULNERABLE,Female,10.0,569.66,404.5,70,None,Healthy,Yes,na,2022-09-11
ZA-02043,Cheetah,Acinonyx jubatus,Mammal,Carnivore,Savanna,Kenya,Coastal Aquarium & Zoo,Vulnerable,Male,8.0,na,137.5,12,2.12,under observation,-,na,22 Jan 2024
ZA-04170,Scarlet Macaw,Ara macao,Bird,Herbivore,Forest,Costa Rica,Safari Park North,Least Concern,Female,40.3,1.09,84.2,50,0.06,Injured,No,$75.30,2022-06-20
ZA-01755,GIRAFFE,Giraffa camelopardalis,Mammal,Herbivore,Savanna,Kenya,Highland Wildlife Reserve,Vulnerable,Female,13.1,1201.11,438.5,25,67.22,Healthy,Yes,376.31,2025-01-07
ZA-00295,Golden Eagle,Aquila chrysaetos,Bird,Carnivore,Mountain,USA,Highland Wildlife Reserve,LC,Male,8.5,5.2,84.5,25,0.17,Healthy,Yes,44.91,2022-12-21
ZA-04159,Tiger,Panthera tigris,Mammal ,Carnivore,Forest,india,Safari Park North,endangered,Female,11.7,164.79,262.8,16,7.15,Sick,Yes,321.93,2022-04-03
ZA-00966,Axolotl,Ambystoma mexicanum,Amphibian,Carnivore,Wetland,Mexico,Highland Wildlife Reserve,Critically Endangered,Female,five,0.16,20.6,12,0.01,Healthy,Yes,42.78,None
ZA-01823,Bottlenose Dolphin,Tursiops truncatus,Mammal,Piscivore,Ocean,Australia,Metro City Zoo,LC,Female,21.7,176.8,278.2,40,9.43,Healthy,N/A,124.87 USD,05/08/2024
ZA-01910,Whale Shark,Rhincodon typus,Fish,Omnivore,Ocean,Australia,Highland Wildlife Reserve,EN,Male,44.1,9275.68,977.8,70,407.18,Sick,Yes,2167.46,03/10/2024
ZA-02915,Plains Zebra,Equus quagga,Mammal,Herbivore,Savanna,Kenya,Riverside Zoo,Near Threatened,male,14.9,-,245.9,25,24.55,Healthy,Yes,283.17,2024-02-15
ZA-02861,Axolotl,Ambystoma mexicanum,Amphibian,Carnivore,Wetland,Mexico,Coastal Aquarium & Zoo ,Critically Endangered,Male,9.1,0.23,NULL,12,0.01,Healthy,Yes,52.11,2022-03-05
ZA-03916,Clownfish,Amphiprion ocellaris,Fish,Omnivore,Ocean,Philippines,Riverside Zoo,least concern,F,5.9,0.02,9.3,8,0.0,Healthy,Yes,$53.47,27/06/2023
ZA-02364,Nile Crocodile,Crocodylus niloticus,Reptile,Carnivore,Wetland,Kenya,Greenfield Sanctuary,Least Concern,FEMALE,53.6,338.01,469.3,70,10.57,Healthy,Yes,$175.66,2022-10-22
ZA-00529,Sea Otter,Enhydra lutris,Mammal,Carnivore,Ocean,Russia,Safari Park North,-,Male,6.4,29.93,123.9,15,1.15,Healthy,Yes,97.84,2025-01-05
ZA-03203,Giraffe,Giraffa camelopardalis,Mammal,Herbivore,Savanna,Kenya,Safari Park North ,VU,Female,8.0,1061.83,451.3,25,79.48,Injured,Yes,1278.24,2023-02-16
ZA-03226,Cheetah ,Acinonyx jubatus,Mammal,Carnivore,Savanna,Kenya,Highland Wildlife Reserve,VU,Female,2.7,40.31,110.9,12,1.86,Healthy,1,141.91,06-30-2022
ZA-01969,Flamingo,Phoenicopterus roseus,Bird,Omnivore,Wetland,India,Riverside Zoo,LC,Male,7.6,NULL,127.6,30,0.18,healthy,Yes,unknown,2022-12-06
ZA-02238,King Cobra,Ophiophagus hannah,Reptile,Carnivore,Forest,IND,riverside zoo,Vulnerable,female,na,7.19,395.3,20,0.25,Healthy,No,$55.16,2022-03-20
ZA-00028,Asian Elephant,Elephas maximus,Mammal,Herbivore,Forest,Sri Lanka,Coastal Aquarium & Zoo,endangered,Female,11.3,2276.43,511.9,60,133.95,Under Observation,Yes,924.46,"September 28, 2024"
ZA-04179,Flamingo,Phoenicopterus roseus,bird,Omnivore,Wetland,Kenya,Riverside Zoo,LC,Female,17.6,3.17,108.1,30,0.11,Healthy,Yes,60.82,26/11/2023
ZA-01674,Giraffe,Giraffa camelopardalis,Mammal,Herbivore,Savanna,Tanzania,Metro City Zoo,vulnerable,Male,3.9,896.43,413.9,25,48.74,Healthy,Yes,339.36,12/09/2024
ZA-00275,Plains Zebra,Equus quagga,Mammal ,Herbivore,Savanna,Kenya,Greenfield Sanctuary,NEAR THREATENED,Male,7.3,365.88,234.8,25,25.38,Healthy,NULL,237.8,22 Jun 2025
ZA-01073,Great White Shark,Carcharodon carcharias,Fish,Carnivore,Ocean,USA,Safari Park North,Vulnerable,Female,29.5,N/A,414.7,70,unknown,Healthy,Yes,234.44,2023-08-20
ZA-01075,Lion ,Panthera leo,Mammal,Carnivore,Savanna,South Africa,Greenfield Sanctuary,Vulnerable,Male,5.7,459.5 lbs,274.0 cm,14,8.86,Healthy,No,157.02,25/12/2024
ZA-04063,Giraffe,Giraffa camelopardalis,Mammal,Herbivore,Savanna,Namibia,Highland Wildlife Reserve,Vulnerable,Female,19.2,1218.74,411.3,25,,Healthy,No,308.45,05-03-2025
ZA-04192,Komodo Dragon,Varanus komodoensis,  Reptile ,carnivore,Forest,Indonesia,Safari Park North,endangered,M,11.1,N/A,231.7,30,2.96,Injured,Yes,236.2,2025-01-04
ZA-03718,Axolotl,Ambystoma mexicanum,Amphibian,Carnivore,Wetland,Mexico,Greenfield Sanctuary,Critically Endangered,Female,3.5,0.18,24.9,12,0.01,Healthy,Yes,36.8,08-26-2024
ZA-00676,Bald Eagle,Haliaeetus leucocephalus,Bird,Carnivore,Forest,Canada,Riverside Zoo,LC,Male,3.2 yrs,2.91,75.8,25,0.13,Injured,No,151.27,08-12-2023
ZA-04575,Giraffe,Giraffa camelopardalis,Mammal,Herbivore,Savanna,Tanzania,greenfield sanctuary,VU,Male,7.8,1245.26,467.6,25,N/A,Healthy,No,$312.91,2024-01-29
ZA-02303,Giraffe,Giraffa camelopardalis,Mammal,Herbivore,Savanna,Namibia,Greenfield Sanctuary,Vulnerable,Female,1.6,526.88,311.3,25,22.68,Sick,No,483.86,2024-12-10
ZA-03383,Gorilla,Gorilla gorilla,Mammal,herbivore,Forest,Uganda,na,CR,Female,22.9,118.29,unknown,35,8.88,Under Observation,Yes,$321.98,2022-09-25
ZA-04467,Cheetah,Acinonyx jubatus,Mammal,Carnivore,Savanna,  Botswana ,Safari Park North,vulnerable,Female,10.5,50.02,138.8,12,2.36,Healthy,Yes,100.52,01/04/2025
ZA-01291,Koala,Phascolarctos cinereus,Mammal,Herbivore,Forest,Australia,Highland Wildlife Reserve,Vulnerable,Female,8.3,8.77,71.7,13,0.58,Injured,No,102.31,2024-08-15
ZA-03705,Peacock,Pavo cristatus,Bird,Omnivore,Forest,Sri Lanka,Metro City Zoo,Least Concern,Female,1.6,2.15,149.4,20,0.1,Injured,True,$128.23,2023-08-22
ZA-00586,Nile Crocodile,crocodylus niloticus,Reptile,Carnivore,Wetland,Kenya,Metro City Zoo,LC,Male,4.1,153.72,345.6,70,4.95,Healthy,No,unknown,2024-12-03
ZA-00838,Golden Eagle,Aquila chrysaetos,Bird,Carnivore,Mountain,USA,Greenfield Sanctuary,LC,Male,13.9,10.3 lbs,86.3,25,0.17,Healthy,Yes,58.75,19 Nov 2023
ZA-00711,Plains Zebra,Equus quagga,Mammal,Herbivore,Savanna,Botswana,Coastal Aquarium & Zoo,Near Threatened,NULL,18.7,340610 g,N/A,25,22.87,Under Observation,No,423.59,2023-06-29
ZA-04464,Snow Leopard,Panthera uncia,Mammal,Carnivore,Mountain,Mongolia,Riverside Zoo,Vulnerable,Male,,33120 g,136.4,15,1.22,Healthy,Yes,75.82,2022-10-06
ZA-02616,Gorrila,Gorilla gorilla,Mammal,Herbivore,Forest,Gabon,Safari Park North,CR,Male,3.9,116.44,142.5,35,8.74,Under Observation,0,324.49,02-19-2025
ZA-01251,Ostrich,Struthio camelus,Bird,Omnivore,Savanna,South Africa,Metro City Zoo,Least Concern,Female,19.4,92.96,188.2,40,4.21,Under Observation,Y,$239.26,2024-05-15
ZA-04371,Lionn,Panthera leo,Mammal,Carnivore,Savanna,Tanzania,Riverside Zoo,VU,None,8.7,189.39,247.6,14,7.71,Healthy,Yes,90.31,2024-09-03
ZA-02966,Golden Eagle,Aquila chrysaetos,Bird,Carnivore,Mountain,Mongolia,Metro City Zoo,LC,male,22.1,None,93.9,25,0.21,Healthy,Yes,53.34,2022-03-13
ZA-01438,Koala,Phascolarctos cinereus,Mammal,Herbivore,Forest,Australia,Riverside Zoo,VU,Male,5.2,7.61,77.1,13,0.53,Sick,Yes,79.31,2024-01-19
ZA-04034,African Elephant,Loxodonta africana,Mammal,Herbivore ,Savanna,Tanzania,Riverside Zoo,vulnerable,Male,15.3,4024.7,,60,236.12,Healthy,Yes,"$1,024.67","August 18, 2023"
ZA-01554,Galapagos Tortoise,Chelonoidis niger,Reptile,Herbivore,Island,Ecuador,Coastal Aquarium & Zoo,Vulnerable,Male,unknown,na,111.2,100,,Healthy,1,$169.72,11-16-2024
ZA-00817,Green Iguana,Iguana iguana,Reptile,HERBIVORE,Forest,Mexico,Riverside Zoo,Least Concern,F,3.9,4.77,148.7,15,0.25,Healthy,Yes,135.07,08 Apr 2023
ZA-01244,Axolotl,Ambystoma mexicanum,Amphibian,Carnivore,Wetland,Mexico,Safari Park North,critically endangered,Female,6.9,0.22,25.7,12,unknown,Healthy,Yes,30.34,2024-11-08
ZA-04137,Clownfish,Amphiprion ocellaris,Fish,  Omnivore ,Ocean,Australia,Greenfield Sanctuary,LC,Male,5.5,0.02,9.0,8,,Healthy,Y,39.59,11 Mar 2024
ZA-00958,Clownfish,Amphiprion ocellaris,Fish,Omnivore,Ocean,Australia,Riverside Zoo,Least Concern,Female,0.8,0.01,6.3 cm,8,N/A,Under Observation,No,86.59,2022-07-11
ZA-00303,Golden Eagle,Aquila chrysaetos,Bird,Carnivore,Mountain,Pakistan,Safari Park North,least concern,Female,,unknown,84.7,25,0.17,Healthy,Yes,55.07,2025-07-22
ZA-02620,Galapagos Tortoise,Chelonoidis niger,Reptile,Herbivore,Island,Ecuador,Safari Park North,Vulnerable,Female,72.9,543.7 lbs,110.6,100,17.1,Healthy,N,199.44,28/04/2024
ZA-04828,Orangutang,Pongo pygmaeus,Mammal,Omnivore,Forest,Malaysia,Riverside Zoo,CR,F,7.2,52.15,98.4,35,2.3,INJURED,No,163.14,2022-12-28
ZA-04176,Flamingo,Phoenicopterus roseus,Bird,Omnivore,Wetland,Spain,Riverside Zoo,Least Concern,Female,13.3,2.69,110.2,30,0.12,Healthy,Yes,53.18,2023-03-20
ZA-02679,Bald Eagle,Haliaeetus leucocephalus,Bird,Carnivore,Forest,USA,,LC,Female,15.6,3.91,81.8,25,0.13,Healthy,Y,74.18,2022-05-25
ZA-03560,Giraffe,Giraffa camelopardalis,Mammal,Herbivore,Savanna,Kenya,Metro City Zoo,Vulnerable,Female,12.6,N/A,413.7,25,51.29,Healthy,Y,377.64,"October 30, 2023"
ZA-02486,Axolotl,Ambystoma mexicanum,Amphibian,Carnivore,Wetland,Mexico,Greenfield Sanctuary,Critically Endangered,Male,1.7,NULL,20.6,12,0.01,Under Observation,No,80.19,2025-01-07
ZA-03284,Golden Eagle,Aquila chrysaetos,Bird,Carnivore,Mountain,Pakistan,Coastal Aquarium & Zoo,Least Concern,Female,8.5,5.46,88.2,25,0.22,Healthy,Yes,unknown,"July 19, 2024"
ZA-03939,Ostrich,Struthio camelus,BIRD,Omnivore,Savanna,Kenya,Highland Wildlife Reserve,Least Concern,Female,26.1,105.88,184.8,40,,Healthy,Yes,N/A,2022-05-18
ZA-01064,Snow Leopard,Panthera uncia,Mammal,  Carnivore ,Mountain,Pakistan,Coastal Aquarium & Zoo,VU,female,2.0,21.35,91.0,15,0.75,Healthy,Yes,92.86,08 Jan 2025
ZA-00873,Clownfish,Amphiprion ocellaris,Fish,Omnivore,Ocean,Indonesia,Coastal Aquarium & Zoo,Least Concern,M,,0.02,7.7,8,0.0,Healthy,1,53.29,09-13-2022
ZA-03272,Sea Otter,Enhydra lutris,Mammal,Carnivore,Ocean,U.S.A.,Metro City Zoo,endangered,M,13.7,26.68,125.8,15,1.44,Healthy,Yes,93.32,12/06/2023
ZA-02820,Chimpanzee,Pan troglodytes,Mammal,Omnivore,Forest,DRC,Riverside Zoo,EN,Male,9.5,55.94,89.5,40,3.27,Sick,,155.32,"April 25, 2025"
ZA-04180,Cheetah,acinonyx jubatus,Mammal,Carnivore,Savanna,Botswana,Metro City Zoo,Vulnerable,Male,2.7,39.06,119.5,12,1.64,Healthy,No,77.24,11/07/2024
ZA-00953,Grey Wolf,Canis lupus,Mammal,Carnivore,Forest,Canada,Riverside Zoo,LEAST CONCERN,M,4.1,44.97,131.4,8,1.49,Injured,Yes,223.13 USD,2023-03-14
ZA-00160,Saltwater Crocodile,Crocodylus porosus,Reptile,Carnivore,Wetland,indonesia,Safari Park North,LC,Female,12.8,330.47,363.0,70,11.01,Healthy,Yes,,"January 11, 2022"
ZA-00907,Galapagos Tortoise,Chelonoidis niger,Reptile,Herbivore,Island,Ecuador,Riverside Zoo,vulnerable,na,69.8,376.97,138.8,100,23.36,Healthy,Yes,306.74,2022-10-30
ZA-00924,Whale Shark,Rhincodon typus,Fish ,Omnivore,Ocean,Australia,Metro City Zoo,Endangered,Male,54.2,11527.54,1015.9,70,533.51,Under Observation,No,2029.48,22/07/2025
ZA-02771,King Cobra,Ophiophagus hannah,Reptile,Carnivore,Forest,Thailand,Safari Park North,Vulnerable,Male,4.8,5.98,379.0,20,0.23,Healthy,Yes,$71.82,2024-02-21
ZA-00060,Red-eyed Tree Frog,Agalychnis callidryas,Amphibian,Insectivore,Forest,Mexico,Riverside Zoo,Least Concern,Male,1.9,0.01,8.1,5,0.0,Healthy,No,36.8,05/03/2023
ZA-02923,Golden Eagle,aquila chrysaetos,Bird,Carnivore,Mountain,USA,Greenfield Sanctuary,LC,Male,20.7,4.53,90.8,25,0.17,Healthy,Yes,68.07,"April 24, 2025"
ZA-04755,Cheetah,Acinonyx jubatus,Mammal,Carnivore,Savanna,Botswana,Highland Wildlife Reserve,Vulnerable,female,4.1,52.37,132.1,12,2.42,Healthy,Yes,141.47,08/02/2025
ZA-04913,Clownfish,Amphiprion ocellaris,Fish,Omnivore,Ocean,  Philippines ,Metro City Zoo,Least Concern,female,1.0 yrs,0.01,6.9,8,0.0,Injured,Yes,None,09-26-2024
ZA-03804,Whale Shark,Rhincodon typus,Fish,Omnivore,Ocean,Pakistan,Greenfield Sanctuary,ENDANGERED,Female,55.3,8133.99,957.1,70,381.19,Healthy,Y,$825.56,03-07-2023
ZA-01976,Giraffe,Giraffa camelopardalis,Mammal,Herbivore,Savanna,Kenya,Greenfield Sanctuary,VU,F,18.9,1142.21,473.1,25,84.78,Healthy,,$297.05,20/01/2024
ZA-00024,Emperor Penguin,Aptenodytes forsteri,Bird,  Piscivore ,Arctic,Antarctica,Greenfield Sanctuary,NT,Female,13.3,28.87,117.9,20,1.18,Healthy,Y,100.41,2022-10-17
ZA-04589,GIANT PANDA,Ailuropoda melanoleuca,Mammal,Herbivore,FOREST,China,Greenfield Sanctuary,VU,Female,7.4,NULL,147.5,20,7.88,Under Observation,N,242.13,2024-09-08
ZA-02626,Red-eyed Tree Frog,Agalychnis callidryas,Amphibian,Insectivore,Forest,Costa Rica,Safari Park North,LC,Male,1.4,0.01,7.9,5,0.0,Healthy,No,57.95,"January 31, 2023"
ZA-00684,Tiger,Panthera tigris,Mammal,Carnivore,Forest,Indonesia,Coastal Aquarium & Zoo,ENDANGERED,Female,4.7,189.35,279.0,16,5.2,Healthy,No,$123.10,2024-07-22
ZA-03736,Scarlet Macaw,Ara macao,Bird,Herbivore,Forest,Brazil,Safari Park North,Least Concern,Female,14.0,0.89,76.9,50,0.06,Healthy,Yes,47.18,2024-11-13
ZA-03064,Emperor Penguin,Aptenodytes forsteri,Bird,Piscivore,Arctic,Antarctica,Safari Park North,NT,Female,3.3,22.0,94.3,20,1.11,Healthy,0,97.4,23 Jan 2024
ZA-02395,Whale Shark,Rhincodon typus,Fish,Omnivore,Ocean,Australia,Coastal Aquarium & Zoo,EN,Male,38.7,7315.93,1054.2,70,,Healthy,True,651.08,21/10/2023
ZA-04452,Clownfish,Amphiprion ocellaris,Fish,Omnivore,Ocean,Indonesia,Coastal Aquarium & Zoo,LC,Male,2.3,0.03,10.6,8,0.0,Healthy,True,34.85,04/06/2022
ZA-03716,Giant Panda,Ailuropoda melanoleuca,Mammal,Herbivore,Forest,China,Greenfield Sanctuary,VU,Female,7.9,96.7,164.0,20,5.98,Healthy,Yes,74.11,2022-10-14
ZA-03604,Asian Elephant,Elephas maximus,Mammal,Herbivore,Forest,Sri Lanka,Coastal Aquarium & Zoo,EN,FEMALE,34.7,3487.49,538.4 cm,60,235.55,Healthy,No,517.77,2022-10-06
ZA-02141,Whale Shark,Rhincodon typus,Fish,Omnivore,Ocean,N/A,Riverside Zoo,Endangered,Female,26.3,8632.45,None,70,,Healthy,Yes,None,2022-01-13
ZA-02057,Koala,Phascolarctos cinereus,Mammal,Herbivore,Forest,Australia,Riverside Zoo ,VU,Female,9.9,9.47,70.2,13,0.61,Healthy,Yes,77.34,10/09/2023
ZA-02703,Saltwater Crocodile,Crocodylus porosus,Reptile,Carnivore,Wetland,Australia,Highland Wildlife Reserve,Least Concern,FEMALE,16.8,466.07,468.0,70,15.49,Healthy,Yes,208.45,2022-12-17
ZA-00229,African Elephant,Loxodonta africana,Mammal,Herbivore,Savanna,Kenya,Coastal Aquarium & Zoo,Vulnerable,Male,16.4,5200.02,598.8,60,344.19,under observation,Yes,"$1,277.23",2023-09-19
ZA-00490,Flamingo,Phoenicopterus roseus,Bird,Omnivore,Wetland,Kenya,Metro City Zoo,LC,male,7.1,2.81,123.8,30,0.11,Healthy,-,$47.07,2023-04-08
ZA-01238,King Cobra,Ophiophagus hannah,Reptile,Carnivore,Forest,Thailand,Greenfield Sanctuary,Vulnerable,Female,15.5,6.06,367.8,20,0.17,healthy,Yes,51.78,08/09/2022
ZA-03714,Red Kangaroo,Osphranter rufus,Mammal,Herbivore,Desert,Australia,Coastal Aquarium & Zoo,LC,Male,10.1,80.95,156.0,15,5.03,Healthy,Yes,unknown,2025-08-14
ZA-00830,Komodo Dragon,Varanus komodoensis,Reptile,CARNIVORE,Forest,Indonesia,Coastal Aquarium & Zoo ,ENDANGERED,,4.2,43.76,196.2,30,1.18,Healthy,Yes,82.21,"August 27, 2024"
ZA-04896,Hippopotamus,Hippopotamus amphibius,Mammal,Herbivore,Wetland,Tanzania,Riverside Zoo,Vulnerable,Male,20.5,1554.06,347.0,40,101.1,  Healthy ,,357.57,24 Jun 2025
ZA-00386,Polar Bear,Ursus maritimus,Mammal,Carnivore,Arctic,Canada,Metro City Zoo,VU,Male,14.1,421.88,270.2,25,13.01,Healthy,1,340.33,2024-04-01
ZA-04301,Leopard,Panthera pardus,Mammal,Carnivore,Forest,Kenya,Greenfield Sanctuary,VU,Male,5.4,64.45,171.7,14,2.12,Healthy,N/A,101.15,2025-07-13
ZA-02498,African Elephant,Loxodonta africana,Mammal,Herbivore,Savanna,Tanzania,Metro City Zoo,VU,Female,19.2,4590.68,558.6,60,255.06,Sick,Yes,1566.65,2022-06-17
ZA-02284,Giant Panda,Ailuropoda melanoleuca,Mammal,HERBIVORE,Forest,China,Coastal Aquarium & Zoo,Vulnerable,Female,11.3,87.23,143.2,20,5.73,  Under Observation ,,261.61,2024-03-18
ZA-00016,Red Kangaroo,Osphranter rufus,Mammal,Herbivore,Desert,Australia,Highland Wildlife Reserve,LC,Male,8.3,-,140.2,15,9.31,Healthy,True,209.43,26/10/2023
ZA-01825,King Cobra,Ophiophagus hannah,Reptile,Carnivore,Forest,India,Metro City Zoo,Vulnerable,F,16.1,5.77,362.0,20,0.23,Healthy,N/A,89.02,2024-12-16
ZA-03163,Emperor Penguin,Aptenodytes forsteri,Bird,Piscivore,Arctic,Antarctica,Safari Park North,NT,Male,2.6,17.34,97.8,20,0.68,Healthy,Yes,68.25,2025-02-11
ZA-04997,Grey Wolf,Canis lupus,Mammal,Carnivore,,Canada,safari park north,LC,Male,6.5,52.54,137.0,8,1.88,Healthy,1,64.01,2025-01-21
ZA-01389,Orangutan,Pongo pygmaeus,Mammal,Omnivore,Forest,Malaysia,Highland Wildlife Reserve,critically endangered,Male,14.3,66.33 kg,121.6,35,3.53,Injured,Yes,$214.02,2023-05-17
ZA-04628,King Cobra,Ophiophagus hannah,Reptile,Carnivore,Forest,Indonesia,Riverside Zoo,VU,Male,3.6,4.43,366.2,20,0.14,HEALTHY,Yes,52.97,04-15-2023
ZA-01589,Chimpanzee,Pan troglodytes,Mammal,Omnivore,Forest,Tanzania,Metro City Zoo,EN,Male,21.5,42.54,90.3 cm,40,1.51,Healthy,Yes,125.42,31/12/2024
ZA-00502,Galapagos Tortoise,Chelonoidis niger,Reptile,Herbivore,Island,Ecuador,Highland Wildlife Reserve,VU,Male,68.6,319.95,120.8 cm,100,16.14,Healthy,1,174.3,2024-11-20
ZA-03349,Giant Panda,Ailuropoda melanoleuca,Mammal,Herbivore,Forest,China,Greenfield Sanctuary,VU,Male,7.9,121.99,147.1,20,6.47,Under Observation,No,271.48,"February 10, 2025"
ZA-04935,Chimpanzee,Pan troglodytes,Mammal,Omnivore,Forest,Uganda,Highland Wildlife Reserve,ENDANGERED,Female,14.6,55.83,89.4,40,3.38,Healthy,No,133.88,2022-06-19
ZA-01752,Grey Wolf,Canis lupus,Mammal,Carnivore,Forest,usa,unknown,Least Concern,Female,2.5,37.97,119.0,8,1.52,Healthy,Y,67.62 USD,24 May 2022
ZA-03275,Lion,Panthera leo,Mammal,Carnivore,Savanna,Kenya,Highland Wildlife Reserve,Vulnerable,Female,5.4,216.37,233.8 cm,14,8.24,Healthy,na,181.65,2023-08-03
ZA-01151,Gorilla,Gorilla gorilla,Mammal,Herbivore,Forest,Uganda,Highland Wildlife Reserve,critically endangered,Male,11.4,178.63,172.4,35,9.42,Sick,Yes,344.05,2024-06-19
ZA-03427,Giraffe,Giraffa camelopardalis,Mammal,Herbivore,Savanna,Tanzania,Coastal Aquarium & Zoo,VU,Male,2.1,563.45,358.4,25,33.65,Healthy,No,$297.33,18/04/2025
ZA-01305,Golden Eagle,Aquila chrysaetos,Bird,CARNIVORE,mountain,Mongolia,Riverside Zoo,Least Concern,Female,,3890 g,na,25,0.16,Sick,No,85.81,2024-07-19
ZA-01232,Gorrila,Gorilla gorilla,Mammal,Herbivore,Forest,Gabon,Highland Wildlife Reserve,CRITICALLY ENDANGERED,Female,14.4,137.85,158.6,35,9.26,Healthy,Yes,164.06,29/06/2022
ZA-02745,Flamingoe,Phoenicopterus roseus,Bird,Omnivore,Wetland,India,Safari Park North,Least Concern,M,N/A,2.63,115.9,30,0.12,Injured,1,$147.05,"April 30, 2025"
ZA-01793,Cheetah,Acinonyx jubatus,Mammal,Carnivore,Savanna,Namibia,Metro City Zoo,VU,unknown,1.6,28.88,104.1,12,,Sick,True,$208.98,02/01/2022
ZA-04760,Orangutan,Pongo pygmaeus,mammal,Omnivore,Forest,Indonesia,Highland Wildlife Reserve,Critically Endangered,Male,11.7,85.44,,35,3.86,Healthy,No,163.07,2023-08-07
ZA-03556,King Cobra,Ophiophagus hannah,Reptile,carnivore,Forest,Thailand,Highland Wildlife Reserve,Vulnerable,Male,11.6,5.95,416.4,20,,Healthy,Yes,$73.97,01-25-2022
ZA-01270,Gorilla,Gorilla gorilla,Mammal,Herbivore,Forest,Gabon,Greenfield Sanctuary,Critically Endangered,Female,14.5,134.77,178.8,35,6.13,Healthy,Yes,93.37,2025-03-16
ZA-03161,  Axolotl ,Ambystoma mexicanum,Amphibian,Carnivore,Wetland,Mexico,Riverside Zoo,Critically Endangered,Male,5.2,0.24,25.3,12,0.01,Healthy,Y,37.22,2024-11-25
ZA-03489,Koala,phascolarctos cinereus,Mammal,Herbivore,Forest,Australia,Metro City Zoo,Vulnerable,Male,5.9,9.6,72.5,13,-,Healthy,Yes,52.71,28/02/2024
ZA-00964,Emperor Penguin,Aptenodytes forsteri,Bird,Piscivore,Arctic,unknown,Safari Park North,,Male,,19.03,N/A,20,0.9,Under Observation,1,192.57,2023-10-21
ZA-03155,Black Rhinoceros,Diceros bicornis,Mammal,Herbivore,Savanna,SOUTH AFRICA,Safari Park North,CR,Female,27.0,1081.96,373.6,40,unknown,INJURED,N,561.58 USD,2024-08-15
ZA-00498,Cheetah,Acinonyx jubatus,Mammal,Carnivore,Savanna,Kenya,Safari Park North,VU,Female,8.1,37.75,129.1,12,1.76,Healthy,Yes,55.72,2025-08-20
ZA-00353,Flamingoe,Phoenicopterus roseus,Bird,Omnivore,Wetland,IND,Safari Park North,Least Concern,Female,6.2,2.41,108.3 cm,30,0.09,Healthy,Yes,46.54,2024-12-09
ZA-01839,Bald Eagle,haliaeetus leucocephalus,Bird,Carnivore,forest,USA,Safari Park North,na,Female,15.9,4.4,78.1,25,0.2,Healthy,Yes,102.25,2022-12-02
ZA-03946,Brown Bear,Ursus arctos,Mammal,Omnivore,Forest,Canada,Greenfield Sanctuary,Least Concern,F,15.6,,188.5,25,11.73,Injured,True,509.43,28/06/2022
ZA-04132,Clownfish,Amphiprion ocellaris,Fish,Omnivore,Ocean,Philippines,  Greenfield Sanctuary ,LC,Female,1.9 yrs,0.01,9.0,8,0.0,Healthy,No,56.66 USD,2023-02-19
ZA-02491,Emperor Penguin,Aptenodytes forsteri,Bird,Piscivore,Arctic,Antarctica,Metro City Zoo,unknown,female,1.1,12.66,80.8,20,0.72,Under Observation,Yes,171.65,2024-05-30
ZA-00002,Scarlet Macaw ,Ara macao,Bird,Herbivore,Forest,Costa Rica,Safari Park North,LC,Male,21.1,na,79.2,50,0.07,Healthy,Yes,54.03,2022-11-16
ZA-04404,Tiger,Panthera tigris,Mammal,Carnivore,Forest,Indonesia,  Coastal Aquarium & Zoo ,EN,Female,2.2,143.2,222.6,16,5.19,Healthy,No,103.09,2023-04-27
ZA-00286,Nile Crocodile,Crocodylus niloticus,Reptile,Carnivore,Wetland,Kenya,Greenfield Sanctuary,Least Concern,Female,18.5,306.05,NULL,70,13.99,Under Observation,None,582.05,2024-10-22
ZA-04955,Brown Bear,Ursus arctos,Mammal,Omnivore,Forest,Canada,Safari Park North,Least Concern,Female,17.8,262390 g,186.0,25,12.98,Healthy,True,115.68,2024-11-23
ZA-01647,Koala,Phascolarctos cinereus,Mammal,Herbivore,Forest,australia,Highland Wildlife Reserve,vulnerable,female,0.6,None,47.2,13,0.21,Healthy,Yes,68.41,2024-10-14
ZA-00784,GALAPAGOS TORTOISE,Chelonoidis niger,Reptile,Herbivore,Island,Ecuador,Safari Park North,Vulnerable,FEMALE,62.5,206.34,113.1,100,15.36,Healthy,NULL,137.17,28 Aug 2023
ZA-02909,King Cobra,Ophiophagus hannah,Reptile,Carnivore,Forest,IND,Metro City Zoo,Vulnerable,Male,3.2,4.96,358.1,20,0.2,Sick,No,127.94,16/06/2023
ZA-04165,Saltwater Crocodile,Crocodylus porosus,Reptile,Carnivore,Wetland,Australia,Metro City Zoo,least concern,F,18.0,386.21,473.4,70,17.26,Healthy,Yes,$290.10,2022-07-19
ZA-04848,Gorilla,Gorilla gorilla,Mammal,Herbivore,FOREST,Uganda,Safari Park North,Critically Endangered,Female,4.5,89.67,145.8,35,6.24,Healthy,Y,116.64,21/02/2025
ZA-02397,Ostrich,Struthio camelus,Bird,Omnivore,Savanna,kenya,Riverside Zoo,LC,M,17.9,116.16,221.8,40,5.38,-,Yes,293.3,03/03/2022
ZA-00069,Red-eyed Tree Frog,Agalychnis callidryas,Amphibian,Insectivore,Forest,Costa Rica,  Metro City Zoo ,LC,Female,0.7,unknown,5.5,5,0.0,Sick,None,-,2022-04-18
ZA-00404,Giant Panda,Ailuropoda melanoleuca,Mammal,Herbivore,Forest,China,Riverside Zoo,Vulnerable,M,12.6,121.1,149.3 cm,20,7.17,Sick,NULL,NULL,2025-03-25
ZA-03435,Chimpanzee,Pan troglodytes,Mammal,Omnivore,Forest,Tanzania,Coastal Aquarium & Zoo,EN,Male,35.0,57.2,95.5,40,2.6,Healthy,Yes,78.71,2024-02-23
ZA-02803,Polar Bear,Ursus maritimus,Mammal,Carnivore,Arctic,Russian Federation,Highland Wildlife Reserve,Vulnerable,Female,16.3,404.77,241.5 cm,25,16.82,Under Observation,Yes,324.73 USD,2025-06-13
ZA-00798,Chimpanzi,Pan troglodytes,Mammal,Omnivore,Forest,Congo,Greenfield Sanctuary,EN,Male,13.2,50.89,98.1,40,2.24,NULL,Yes,221.15,05-15-2024
ZA-03099,BLACK RHINOCEROS,Diceros bicornis,Mammal,Herbivore,Savanna,South africa,Riverside Zoo,Critically Endangered,Female,22.5,1102.71,321.1,40,83.19,Healthy,No,$291.10,10/05/2023
ZA-03502,Green Iguana,Iguana iguana,Reptile,Herbivore,Forest,Costa Rica,Highland Wildlife Reserve,NULL,Male,11.0,4610 g,142.1,15,0.37,Healthy,Y,52.04,31/03/2022
ZA-04615,King Cobra,Ophiophagus hannah,Reptile,Carnivore,FOREST,Indonesia,Metro City Zoo,Vulnerable,F,14.4,5.58,N/A,20,0.22,Under Observation,1,99.6,2024-08-08
ZA-02024,Chimpanzee,Pan troglodytes,Mammal,Omnivore,Forest,unknown,Coastal Aquarium & Zoo,Endangered,F,16.2,40.99,87.4,-1,1.8,Healthy,0,174.66,
ZA-00178,Axolotl,Ambystoma mexicanum,Amphibian,Carnivore,WETLAND,Mexico,Riverside Zoo,CR,F,9.6,0.2,-,12,0.01,Healthy,Yes,39.27,16/06/2024
ZA-00954,AXOLOTL,Ambystoma mexicanum,Amphibian,Carnivore,Wetland,Mexico,Metro City Zoo,CR,Male,,0.18,23.3,12,0.01,Healthy ,Yes,$38.08,11-16-2023
ZA-03429,Whale Shark,Rhincodon typus,Fish,Omnivore,Ocean,Pakistan,Riverside Zoo,EN,Female,51.6,10130.6,958.4,70,426.16,Injured,Yes,2183.86,2023-06-30
ZA-02140,Nile Crocodile,Crocodylus niloticus,Reptile,Carnivore,Wetland,Kenya,Greenfield Sanctuary,LC,Male,31.9,361.93,493.9,70,15.24,healthy,Yes,126.96,31/05/2023
ZA-01201,Plains Zebra,Equus quagga,Mammal,Herbivore,Savanna,Botswana,Safari Park North,near threatened,Male,18.2,410.81,238.6,25,21.52,Healthy,Yes,327.34,04-24-2025
ZA-04450,Bottlenose Dolphin,tursiops truncatus,Mammal,Piscivore,Ocean,Mexico,Coastal Aquarium & Zoo,Least Concern,Male,24.3,191.69,298.1,40,,Under Observation,Yes,332.3,2024-02-26
ZA-02916,Snow Leopard,Panthera uncia,Mammal,Carnivore,MOUNTAIN,Mongolia,Safari Park North,VU,Male,,40.03,139.1,15,1.57,Healthy,No,147.07 USD,27 Mar 2023
ZA-04594,Emperor Penguin,Aptenodytes forsteri,Bird,Piscivore,Arctic,Antarctica,Coastal Aquarium & Zoo,NT,M,5.0,23.79,123.4,20,1.36,Healthy,Yes,70.97,2024-04-14
ZA-02301,Lyon,Panthera leo,Mammal,Carnivore,Savanna,South Africa,Safari Park North,Vulnerable,Male,3.5,160.06,260.0 cm,14,6.2,Healthy,No,181.2,2023-12-29
za-01757,Girafe,Giraffa camelopardalis,Mammal,Herbivore,Savanna,Namibia,Metro City Zoo,VU,Male,3.1,754.4,358.0,25,NULL,Healthy ,Yes,401.68,2023-03-06
ZA-03487,Snow Leopard,Panthera uncia,Mammal,Carnivore,Mountain,China,Coastal Aquarium & Zoo,VU,Female,12.6,77.8 lbs,117.1,15,1.66,Healthy,unknown,69.59,22/02/2025
ZA-02607,Nile Crocodile,Crocodylus niloticus,Reptile,Carnivore,Wetland,Kenya,Highland Wildlife Reserve,LC,Male,N/A,383.89,479.3,70,16.52,Healthy,No,$243.16,2025-02-09
ZA-01578,Clownfish,Amphiprion ocellaris,Fish,Omnivore,Ocean,Indonesia,Greenfield Sanctuary,Least Concern,female,6.1,0.02,8.7,8,0.0,Injured,Yes,NULL,2024-01-01
ZA-02720,Ostrich,Struthio camelus,Bird,Omnivore,Savanna,South Africa,Highland Wildlife Reserve,Least Concern,male,27.9,116.24,208.6,40,5.85,Healthy,No,112.02,16 May 2025
ZA-02242,Hippopotamus,Hippopotamus amphibius,Mammal,Herbivore,Wetland,Tanzania,Safari Park North,VU,Female,12.9,1323.2,None,40,92.38,Sick,Yes,886.88,29 Jan 2024
ZA-01929,Bottlenose Dolphin,Tursiops truncatus,Mammal,Piscivore,Ocean,USA,Greenfield Sanctuary,LC,MALE,11.7,241.35,288.5,40,13.58,Healthy,Yes,205.85,17/09/2024
ZA-02775,Bald Eagle,Haliaeetus leucocephalus,Bird,Carnivore,Forest,Canada,Greenfield Sanctuary,Least Concern,Male,17.7,6.31,88.2,25,0.24,Sick,Yes,72.34,2023-08-25
ZA-01508,Plains Zebra,Equus quagga,Mammal,Herbivore,Savanna,Kenya,Highland Wildlife Reserve ,NT,Female,15.5,383.27,236.9,25,27.24,Healthy,Yes,None,01-17-2024
ZA-01498,Green Sea Turtle,Chelonia mydas,Reptile,Herbivore,Ocean,Pakistan,Safari Park North,EN,Male,14.4,110.3,102.3,80,4.78,Healthy ,Yes,251.64,08/01/2024
ZA-03750,Brown Bear,Ursus arctos,Mammal,Omnivore,NULL,Russian Federation,Safari Park North,Least Concern,Female,9.2,274.38,197.1,25,10.97,Healthy,Yes,269.26,28/06/2025
ZA-02293,Snow Leopard,Panthera uncia,Mammal,Carnivore,Mountain,Mongolia,Safari Park North,VU,Male,3.4,28.31,124.7,15,1.08,Under Observation,N,130.9,06/06/2022
ZA-02494,Whale Shark,rhincodon typus,Fish,Omnivore,NULL,Pakistan,Coastal Aquarium & Zoo,EN,Female,62.4,10521.43,1027.0,70,474.83,Sick,Y,1608.71,2023-08-22
ZA-04366,Axolotl,ambystoma mexicanum,Amphibian,Carnivore,Wetland,Mexico,Metro City Zoo,Critically Endangered,Male,0.2,0.06,15.7,12,0.0,Healthy,Yes,47.93,2025-07-14
ZA-00539,hippopotamus,Hippopotamus amphibius,Mammal,Herbivore,Wetland,Zambia,Safari Park North,VU,Male,N/A,1464.64,356.0,40,118.49,Injured,Yes,811.34,2022-05-22
ZA-01331,Great White Shark,Carcharodon carcharias,Fish,Carnivore,Ocean,South Africa,Riverside Zoo,Vulnerable,Female,43.8,995.71,None,70,46.31,Healthy,No,420.02,2023-10-01
ZA-02304,Komodo Dragon,Varanus komodoensis,Reptile,Carnivore,Forest,Indonesia,Greenfield Sanctuary,Endangered,Male,11.5,NULL,269.9,30,2.57,Healthy,Yes,,"August 06, 2025"
ZA-02500,Bottlenose Dolphin,Tursiops truncatus,Mammal,Piscivore,Ocean,Mexico,Greenfield Sanctuary,LEAST CONCERN,FEMALE,13.9,250.43,283.7,40,14.41,Sick,Yes,$283.88,10-28-2022
ZA-01613,Snow Leopard,Panthera uncia,Mammal,Carnivore,Mountain,Pakistan,Coastal Aquarium & Zoo,VULNERABLE,female,na,32.57,107.2,15,1.31,Healthy,No,$83.80,07/08/2023
ZA-01489,Giant Panda,Ailuropoda melanoleuca,Mammal,Herbivore,Forest,china,Coastal Aquarium & Zoo,Vulnerable,Male,16.8,125.2,NULL,20,5.54,Sick,Y,218.46,2024-03-25
ZA-02019,Asian Elephant,Elephas maximus,Mammal,Herbivore,Forest,Thailand,Coastal Aquarium & Zoo,Endangered,Female,20.3,2979.69,522.5,60,170.75,  Healthy ,Yes,NULL,03 Mar 2023
ZA-01745,Galapagos Tortoise,Chelonoidis niger,Reptile,Herbivore ,Island,Ecuador,Greenfield Sanctuary,VU,Female,68.9,286.94,114.5,100,na,Healthy,Yes,188.96,2023-08-24
ZA-03587,Flamingoe,Phoenicopterus roseus,Bird,Omnivore,-,india,Riverside Zoo,LC,MALE,9.2,3.75,unknown,30,0.21,Healthy,Y,53.52,2023-07-15
ZA-00023,Saltwater Crocodile,Crocodylus porosus,Reptile,Carnivore,Wetland,india,Coastal Aquarium & Zoo,LC,Male,30.5,383.92,464.4,70,17.03,Healthy,No,$285.73,2023-05-22
ZA-04854,Scarlet Macaw,Ara macao,Bird,Herbivore,FOREST,Brazil,coastal aquarium & zoo,LC,M,7.2,0.58 kg,69.1,50,0.03,Injured,Yes,120.48,2025-01-15
ZA-00121,Axolotl,ambystoma mexicanum,Amphibian,  Carnivore ,Wetland,Mexico,Riverside Zoo,CR,Female,5.1 yrs,0.2,23.7,12,0.01,Healthy,No,34.92,2025-06-30
ZA-04296,African Elephant,Loxodonta africana,Mammal,Herbivore,Savanna,Kenya,Metro City Zoo,VU,M,40.2,5536.66,595.6,60,415.64,Healthy,Yes,490.02,12-20-2024
ZA-02917,African Elephant,Loxodonta africana,Mammal,Herbivore,Savanna,S. Africa,Greenfield Sanctuary,Vulnerable,M,23.1,5063.81,640.6,60,309.8,Healthy,Yes,585.9,2023-08-28
ZA-00949,Nile Crocodile,Crocodylus niloticus,Reptile,Carnivore,Wetland,Tanzania,Highland Wildlife Reserve,least concern,Male,23.5,425.28,484.6,70,20.4,Healthy,Yes,232.5,2025-07-08
ZA-00511,Snow Leopard,Panthera uncia,Mammal,Carnivore,Mountain,Mongolia,Greenfield Sanctuary,vulnerable,Male,8.8,-,131.1,15,1.92,Healthy,Yes,$112.71,10-18-2022
ZA-01394,Grey Wolf,Canis lupus,Mammal,Carnivore,Forest,Russian Federation,Coastal Aquarium & Zoo,LC,Female,5.2,41.33,125.8,8,1.9,Sick,True,168.74,07-28-2023
ZA-01509,Giant Panda,Ailuropoda melanoleuca,Mammal,Herbivore,Forest,China,Metro City Zoo,Vulnerable,Male,1.5,44.53,114.3,20,2.44,Healthy,No,87.72,2023-05-26
ZA-01195,Tiger,Panthera tigris,Mammal,Carnivore,Forest,Russia,Safari Park North,EN,male,9.1,229.62,294.6,16,9.21,Healthy,N/A,$107.80,29/04/2023
ZA-04456,Red Kangaroo,Osphranter rufus,Mammal,Herbivore,desert,Australia,Greenfield Sanctuary,least concern,Female,6.7,68.39,126.9,15,3.34,Injured,Yes,206.65,2022-08-20
ZA-01332,Gorilla,Gorilla gorilla,mammal,Herbivore,Forest,Congo,riverside zoo,Critically Endangered,Female,3.8,71.51,128.2,35,4.28,Under Observation,Yes,$144.73,2022-06-08
ZA-01310,Nile Crocodile,Crocodylus niloticus,Reptile,Carnivore,Wetland,Zambia,Coastal Aquarium & Zoo,LC,Male,37.1,384.32,451.7,70,19.6,Healthy,True,237.1,20/03/2022
ZA-04949,Tiger,Panthera tigris,Mammal,Carnivore,N/A,Russia,Metro City Zoo,endangered,Female,11.5,217.25,266.2,16,8.18,Healthy,Yes,$118.33,2024-04-25
ZA-04815,Great White Shark,carcharodon carcharias,Fish,Carnivore,OCEAN,USA,Highland Wildlife Reserve,Vulnerable,Female,38.8,1104.57,443.1,70,34.53,Healthy,Y,$312.67,2023-08-25
ZA-02974,Giant Panda,Ailuropoda melanoleuca,Mammal,Herbivore,Forest,China,Greenfield Sanctuary,Vulnerable,M,13.2,251.5 lbs,160.7,20,6.48,Healthy,Yes,183.51,2023-07-25
ZA-03801,Emperor Penguin,aptenodytes forsteri,Bird,Piscivore,Arctic,Antarctica,Highland Wildlife Reserve,NT,Female,0.3,7.59,68.6,20,0.38,Healthy,1,55.3,08-01-2022
ZA-04388,Polar Bear,Ursus maritimus,Mammal,Carnivore,Arctic,USA,METRO CITY ZOO,VU,F,21.0,412.24,252.5,25,13.17,Healthy,1,,"December 03, 2024"
ZA-04108,Orangutan,Pongo pygmaeus,Mammal,Omnivore,Forest,Indonesia,Metro City Zoo,Critically Endangered,Female,4.6,45.8,88.2,35,1.94,Healthy,Yes,208.36,2023-02-19
ZA-00127,Nile Crocodile,Crocodylus niloticus,Reptile,Carnivore,Wetland,Kenya,Safari Park North,LC,Female,36.1 yrs,381.81,480.2,70,17.99,Healthy,Yes,175.86,31/12/2022
ZA-01932,Komodo Dragon,Varanus komodoensis,Reptile,Carnivore,Forest,Indonesia,Safari Park North,EN,Female,13.3,-,237.0,30,2.89,HEALTHY,N,67.00 USD,"April 13, 2024"
ZA-02813,Plains Zebra,Equus quagga,Mammal,Herbivore,Savanna,Tanzania,Highland Wildlife Reserve,Near Threatened,Female,23.5,338.52 kg,225.0,25,17.95,Healthy,unknown,,17/01/2024
ZA-03975,Sea Otter,Enhydra lutris,Mammal,Carnivore,Ocean,  Canada ,Riverside Zoo,Endangered,female,7.8,23.63 kg,109.3,15,1.01,Healthy,False,69.19,11/04/2022
ZA-02540,African Elephant,Loxodonta africana,Mammal,Herbivore,Savanna,S. Africa,Highland Wildlife Reserve,Vulnerable,Male,24.4,6250.81,625.5,60,394.92,Injured,True,None,11 Jan 2023
ZA-02670,Whale Shark,Rhincodon typus,Fish,Omnivore,Ocean,Pakistan,Riverside Zoo,EN,Male,20.4,10245.12,1026.0,70,406.96,Healthy,Yes,1057.34,25/06/2023
ZA-04985,Golden Eagle,Aquila chrysaetos,Bird,Carnivore,Mountain,na,Greenfield Sanctuary,Least Concern,Female,10.7,4.54,80.5,25,0.19,Sick,Yes,105.84,30 Nov 2022
ZA-04061,Ostrich,Struthio camelus,Bird,Omnivore,Savanna,Kenya,Greenfield Sanctuary,unknown,Female,28.3,208.8 lbs,197.9,40,NULL,Under Observation,Yes,209.41,25 Jan 2022
ZA-03720,Clownfish,Amphiprion ocellaris,FISH,Omnivore,Ocean,Philippines,Coastal Aquarium & Zoo,LC,na,5.5,0.0 lbs,8.7,8,0.0,Under Observation,Yes,118.71,2024-10-27
ZA-03749,Scarlet Macaw,Ara macao,Bird,Herbivore,Forest,Peru,Highland Wildlife Reserve,Least Concern,Female,23.5,0.88,86.2,50,None,Healthy,Yes,49.46,2024-06-07
ZA-01118,Orangutan,Pongo pygmaeus,Mammal,Omnivore,Forest,Malaysia,Riverside Zoo,Critically Endangered,M,11.2,82.0,114.1,35,2.8,Injured,Yes,253.09,2022-04-10
ZA-03249,Chimpanzi,Pan troglodytes,Mammal,Omnivore,Forest,Tanzania,Coastal Aquarium & Zoo,EN,female,20.6,57.21,83.0,40,2.6,Injured,No,309.29,2025-06-04
ZA-04614,Chimpanzee,Pan troglodytes,Mammal,Omnivore,Forest,DRC,Riverside Zoo,EN,Male,19.2,unknown,98.9,40,1.88,Healthy,Yes,153.12,2024-04-02
ZA-00664,Giraffe,Giraffa camelopardalis,Mammal,Herbivore,Savanna,Kenya,Greenfield Sanctuary,VU,Male,10.4,1339.32,441.5,25,97.24,Healthy,Yes,434.87 USD,10 Nov 2023
ZA-02823,Tiger,Panthera tigris,Mammal,Carnivore,Forest,Russia,Highland Wildlife Reserve,EN,Female,10.1,191120 g,276.8,16,6.18,sick,No,206.25,2022-03-22
ZA-00574,Giraffe,Giraffa camelopardalis,Mammal,Herbivore,Savanna,Namibia,Metro City Zoo,Vulnerable,Female,20.9,1058.2,421.9 cm,25,69.51,Healthy,No,474.38,2022-10-07
ZA-03653,Sea Otter,Enhydra lutris,Mammal,Carnivore,Ocean,Canada,Highland Wildlife Reserve,EN,Female,7.3,24.74,104.8,15,0.66,Healthy,Yes,72.07,26/01/2023
ZA-00697,Giraffe,giraffa camelopardalis,Mammal,Herbivore,Savanna,Kenya,Coastal Aquarium & Zoo,VU,unknown,9.8,1111800 g,457.8,25,67.23,NULL,1,273.18,20/01/2024
ZA-04084,Clownfish,Amphiprion ocellaris,Fish,Omnivore,Ocean,Indonesia,Greenfield Sanctuary,LEAST CONCERN,Female,0.6,10 g,6.4 cm,8,0.0,Healthy,Yes,30.15,22 Oct 2022
ZA-04809,Saltwater Crocodile,Crocodylus porosus,Reptile,Carnivore,Wetland,Indonesia,Safari Park North,LC,Female,11.1,221.68,439.5,70,10.63,Sick,Yes,395.1,07-13-2024
ZA-04906,Golden Eagle,Aquila chrysaetos,Bird,Carnivore,Mountain,usa,coastal aquarium & zoo,LC,Male,17.5,4.61,87.7,25,0.18,HEALTHY,N,N/A,22/08/2024
ZA-03170,Hippopotamus,Hippopotamus amphibius,Mammal,Herbivore,Wetland,Kenya,Riverside Zoo,Vulnerable,Female,NULL,1405.25 kg,325.7,40,80.72,Healthy,Y,391.12,2024-07-02
ZA-04200,Nile Crocodile,Crocodylus niloticus,Reptile,Carnivore,Wetland,Zambia,Coastal Aquarium & Zoo,LC,Male,13.5,355.95,401.0,70,13.72,Injured,Yes,unknown,27 Nov 2024
ZA-01072,Golden Eagle,Aquila chrysaetos,Bird,Carnivore,Mountain,Pakistan,Metro City Zoo,LC,Female,2.9,2.47,66.4,25,0.12,Healthy,No,78.95,2023-02-23
ZA-04378,African Elephant,Loxodonta africana,Mammal,herbivore,Savanna,Botswana,Coastal Aquarium & Zoo,Vulnerable,Female,45.5,3903.54,540.3,60,225.07,Under Observation,True,None,29/03/2025
ZA-02188,Asian Elephant,Elephas maximus,Mammal,Herbivore,Forest,INDIA,Highland Wildlife Reserve,Endangered,Male,21.5,4035.82,583.1,60,223.11,Healthy,No,1025.28,na
ZA-04023,Bald Eagle,haliaeetus leucocephalus,Bird,Carnivore,Forest,USA,Metro City Zoo,LEAST CONCERN,Female,4.7,3.68,73.5 cm,25,0.12,Healthy,True,46.07,2023-10-22
ZA-04210,Hippopotamus,Hippopotamus amphibius,Mammal,Herbivore,N/A,Tanzania,Coastal Aquarium & Zoo,VU,Female,0.4,368.54,191.2,40,20.16,Healthy,Yes,108.21,05-03-2024
ZA-02046,Hippopotamus,Hippopotamus amphibius,Mammal,Herbivore,Wetland,Kenya,Greenfield Sanctuary,VU,Male,21.2,1552.63,335.8,40,112.91,Under Observation,Yes,619.44,11/07/2023
ZA-00283,Bottlenose Dolphin,Tursiops truncatus,Mammal,Piscivore,Ocean,Australia,Coastal Aquarium & Zoo,Least Concern,Female,26.5,176.76,296.9,40,7.19,Healthy,Yes,118.13,05-20-2024
ZA-00259,Emperor Penguin,Aptenodytes forsteri,Bird,Piscivore,ARCTIC,na,Metro City Zoo,near threatened,Female,8.9,61.3 lbs,113.0,20,1.4,Healthy,Yes,85.54,2022-10-17
ZA-02665,Red Kangaroo,Osphranter rufus,Mammal,Herbivore,Desert,Australia,metro city zoo,Least Concern,Male,11.9,62.54,146.1,15,2.71,Injured,Yes,,01-23-2023
ZA-01812,Koala,Phascolarctos cinereus,Mammal,Herbivore,Forest,N/A,Coastal Aquarium & Zoo,VU,male,unknown,11.18,74.2,13,0.67,Injured,Yes,$247.72,14/05/2025
ZA-01798,Saltwater Crocodile,Crocodylus porosus,Reptile,Carnivore,Wetland,Australia,Safari Park North,LC,Female,12.8,671.1 lbs,430.4,70,10.84,Healthy,Yes,None,2025-04-04
ZA-00600,Komodo Dragon,Varanus komodoensis,Reptile,Carnivore,Forest,Indonesia,Greenfield Sanctuary,EN,Male,15.9,77.09,262.9,30,3.04,Healthy,Yes,$117.35,11/12/2023
ZA-03234,Scarlet Macaw,Ara macao,Bird,Herbivore,Forest,Peru,Riverside Zoo,LEAST CONCERN,Female,19.5,0.82,80.9,50,0.05,Healthy,No,38.76,2024-09-29
ZA-00726,Cheetah,Acinonyx jubatus,Mammal,Carnivore,SAVANNA,Botswana,Riverside Zoo,VU,Male,5.5,43.07,126.9,12,1.93,Healthy,Y,130.82 USD,2022-12-15
ZA-01637,Orangutan ,Pongo pygmaeus,Mammal,Omnivore,Forest,Indonesia,Highland Wildlife Reserve,CR,female,unknown,66.79,103.9,35,3.43,Healthy,No,193.26,2024-08-06
ZA-02919,Axolotl,Ambystoma mexicanum,Amphibian,Carnivore,Wetland,Mexico,Safari Park North,CR,Female,6.0,0.18,22.8,12,0.01,N/A,1,41.5,27/07/2023
ZA-00678,Ostrich,Struthio camelus,Bird,Omnivore,Savanna,Kenya,Highland Wildlife Reserve,LC,F,13.6,113.64,201.4,40,4.23,Injured,Yes,,2023-01-15
ZA-01330,Tiger,Panthera tigris,Mammal,Carnivore,Forest,India,Greenfield Sanctuary,EN,M,11.4,243.66,295.4,16,10.43,Healthy,Yes,196.99,2024-08-31
ZA-01153,Whale Shark,Rhincodon typus,FISH,Omnivore,Ocean,Mexico,Safari Park North,EN,Male,45.4,7882.87,1017.4,70,409.07,Healthy,No,613.95 USD,2022-04-23
ZA-01347,Giraffe,Giraffa camelopardalis,Mammal,Herbivore,Savanna,Tanzania,Safari Park North,VU,female,12.0,1314.61,465.2,25,57.95,Healthy,Yes,316.11 USD,03/07/2024
ZA-00056,Hipopotamus,Hippopotamus amphibius,Mammal,Herbivore,Wetland,Zambia,Highland Wildlife Reserve,Vulnerable,Male,12.2,None,363.2,40,107.79,Healthy,Yes,394.04,"December 26, 2022"
ZA-04189,Polar Bear,Ursus maritimus,Mammal,Carnivore,Arctic,Russia,Greenfield Sanctuary,vulnerable,Male,21.3,291.6,250.1,25,12.99,Healthy,Yes,239.07,15 Oct 2022
ZA-00826,King Cobra,Ophiophagus hannah,Reptile,Carnivore,Forest,Thailand,Safari Park North,VULNERABLE,Male,7.3,5920 g,414.6,20,0.22,Healthy,No,54.6,2023-05-22
ZA-01412,King Cobra,Ophiophagus hannah,Reptile,Carnivore,Forest,Indonesia,Coastal Aquarium & Zoo,Vulnerable,MALE,5.1,6.12,401.7,20,NULL,Healthy,Yes,45.49,2023-11-22
ZA-01547,Bald Eagle,Haliaeetus leucocephalus,Bird,CARNIVORE,Forest,USA,Safari Park North,LC,Male,3.4,3410 g,71.5,25,0.11,Healthy,None,64.19,2023-01-09
ZA-03337,Axolotl,Ambystoma mexicanum,Amphibian,Carnivore,Wetland,Mexico,Metro City Zoo,CR,Male,8.4,0.2,25.6,12,0.01,Injured,Yes,143.36,2024-02-04
ZA-02215,Bottlenose Dolphin,Tursiops truncatus,Mammal,Piscivore,Ocean,Mexico,Coastal Aquarium & Zoo,LC,Female,6.4,,259.5,40,3.79,Healthy,Y,142.32,2024-11-29
ZA-00086,Plains Zebra,Equus quagga,Mammal,Herbivore,Savanna,Tanzania,Coastal Aquarium & Zoo,Near Threatened,Male,14.9,401.06,256.6,25,21.34,Healthy,No,$194.64,2024-03-06
ZA-02921,Whale Shark,Rhincodon typus,Fish,Omnivore,Ocean,Mexico,Coastal Aquarium & Zoo,EN,Male,46.1,9450.36,1066.0,70,348.87,Under Observation,Yes,1988.8,01-22-2024
ZA-01362,Whale Shark,Rhincodon typus,Fish,Omnivore,Ocean,Mexico,Safari Park North,Endangered,Male,62.6,10545.35,1044.4,70,531.09,Under Observation,True,1856.45,2023-09-24
ZA-02936,Ostrich,Struthio camelus,Bird,Omnivore,Savanna,Kenya,Coastal Aquarium & Zoo,LC,Female,9.8,96.45,183.3,40,4.18,Injured,No,314.9,10-09-2024
ZA-00889,Komodo Dragon,Varanus komodoensis,Reptile,Carnivore,Forest,Indonesia,Greenfield Sanctuary,endangered,MALE,NULL,81.1,253.3,30,3.49,Healthy,None,142.15,10 Oct 2024
ZA-02955,Red Kangaroo,Osphranter rufus,Mammal,Herbivore,Desert,Australia,Highland Wildlife Reserve,Least Concern,Female,11.9,None,140.0,15,3.62,Healthy,Yes,71.24,2025-04-25
ZA-01688,Asian Elephant,Elephas maximus,Mammal,Herbivore,Forest ,Sri Lanka,Riverside Zoo,EN,Male,N/A,4518.08,554.5,60,246.19,Healthy,Yes,$552.49,2022-02-03
ZA-01820,Bald Eagle,Haliaeetus leucocephalus,Bird,Carnivore,forest,USA,Coastal Aquarium & Zoo,LC,Male,21.9,5.44,89.4,25,0.21,healthy,Yes,58.54,2023-12-02
ZA-03704,Tiger,Panthera tigris,Mammal,Carnivore,Forest,Russian Federation,metro city zoo,Endangered,Male,2.4,144.23,250.0,16,6.87,Healthy,Yes,125.48,2025-09-04
ZA-01973,Orangutan,Pongo pygmaeus,Mammal,Omnivore,Forest,Malaysia,Coastal Aquarium & Zoo,Critically Endangered,Female,7.2,50.18,101.4,35,2.21,NULL,Yes,73.18,19/10/2022
ZA-00715,Brown Bear,Ursus arctos,Mammal,Omnivore,Forest,usa,Coastal Aquarium & Zoo,Least Concern,male,NULL,343.41,215.9,25,15.77,Under Observation,Yes,417.95,02-24-2025
ZA-02287,Grey Wolf,Canis lupus,Mammal,Carnivore,Forest,USA,Greenfield Sanctuary,LEAST CONCERN,Female,3.6,37.44,134.6,8,1.47,Under Observation,No,151.13,"June 05, 2025"
ZA-04832,Scarlet Macaw,Ara macao,Bird,  Herbivore ,Forest,Brazil,  Greenfield Sanctuary ,LC,Female,41.1,860 g,88.0,50,0.04,Healthy,Yes,57.85,2023-05-18
ZA-03991,Hippopotamus,Hippopotamus amphibius,Mammal,herbivore,Wetland,Zambia,Safari Park North,VU,Male,27.2,1642.02,376.0,40,108.25,Healthy,Yes,370.87,2022-03-05
ZA-04501,Asian Elephant,Elephas maximus,Mammal,Herbivore,Forest,Sri Lanka,Coastal Aquarium & Zoo,EN,Male,30.5,4209.14 kg,581.0,60,361.54,Healthy,Yes,$733.06,2024-01-12
ZA-02849,Snow Leopard,Panthera uncia,Mammal,Carnivore,Mountain,Pakistan,Safari Park North,VU,male,4.9,36.99,119.7,15,1.16,Sick,Yes,156.98,22/05/2023
ZA-00124,  Sea Otter ,Enhydra lutris,Mammal,Carnivore,  Ocean ,Canada,Greenfield Sanctuary ,Endangered,Male,,30.27,123.1,15,1.02,Healthy,Y,$60.74,01/08/2023
ZA-04762,Asian Elephant,Elephas maximus,Mammal,Herbivore,Forest,India,Safari Park North,Endangered,M,54.5,3635.91,536.0,60,245.58,Healthy,No,622.64,06-17-2025
ZA-00981,Komodo Dragon,Varanus komodoensis,Reptile,Carnivore,Forest,INDONESIA,Riverside Zoo,EN,Male,0.6,48.3 lbs,155.4,30,0.88,healthy,Yes,None,2025-02-08
ZA-00176,Snow Leopard,Panthera uncia,MAMMAL,Carnivore,Mountain,Mongolia,Coastal Aquarium & Zoo,VU,F,8.3,40.71,122.6,15,1.76,Healthy,No,$90.61,2022-04-30
ZA-00582,Clownfish,Amphiprion ocellaris,Fish,Omnivore,Ocean,Australia,Safari Park North,LC,Female,2.1,0.02,9.0,8,0.0,Healthy,Yes,47.26,22 Feb 2024
ZA-04131,Peacock,Pavo cristatus,Bird,Omnivore,forest,India,Metro City Zoo,Least Concern,FEMALE,5.0,,NULL,20,0.2,Healthy,N,56.74,2023-11-11
ZA-01617,Galapagos Tortoise,chelonoidis niger,Reptile,Herbivore,Island,  Ecuador ,Safari Park North,Vulnerable,Female,43.5,232.75,118.2,100,16.55,Sick,Yes,603.61,2023-04-17
ZA-04547,Axolotl,Ambystoma mexicanum,  Amphibian ,Carnivore,Wetland,Mexico,Highland Wildlife Reserve,critically endangered,Male,5.3,0.2,25.5,12,0.01,Healthy,N,40.02,2023-07-13
ZA-02877,King Cobra,Ophiophagus hannah,Reptile,Carnivore,Forest,IND,Riverside Zoo,Vulnerable,M,11.6,9.34,-,20,0.54,Healthy,Yes,60.98,2025-02-04
ZA-04923,Polar Bear,Ursus maritimus,Mammal,Carnivore,  Arctic ,Russia,Greenfield Sanctuary,Vulnerable,Female,4.6,309.54,212.8,25,9.24,Healthy,NULL,133.38,2025-05-29
ZA-03244,Grey Wolf,Canis lupus,Mammal,Carnivore,  Forest ,Canada,Coastal Aquarium & Zoo,Least Concern,MALE,2.1,39.68,127.1,8,1.12,Sick,Yes,$86.06,2023-01-07
ZA-01862,Galapagos Tortoise,Chelonoidis niger,Reptile,Herbivore,Island,Ecuador,Safari Park North,VU,Male,55.0,331.31,124.0,100,23.61,Healthy,Yes,$148.15,2023-08-08
ZA-03576,Hippopotamus,Hippopotamus amphibius,Mammal,Herbivore,Wetland,kenya,Metro City Zoo,vulnerable,F,9.5,1137.07 kg,320.9,40,59.64,Injured,Yes,687.47,2023-10-13
ZA-03607,Black Rhinoceros,Diceros bicornis,Mammal,Herbivore,Savanna,Namibia,Safari Park North,CR,Male,five,1118.51,362.2,40,57.06,Healthy,1,382.12,2025-08-13
ZA-04879,Gorilla,Gorilla gorilla,Mammal,Herbivore,Forest,Gabon,Riverside Zoo,CR,Female,18.8,122.75,168.9,35,8.04,Sick,Yes,243.87,2024-02-13
ZA-02975,Peacock,Pavo cristatus,bird,Omnivore,Forest,Sri Lanka,Metro City Zoo,Least Concern,Male,4.0,3.88,191.6,20,0.16,Healthy,Yes,NULL,11-21-2022
ZA-00298,Tiger,Panthera tigris,Mammal,Carnivore,Forest,russia,Highland Wildlife Reserve,EN,Female,4.5,200.72,270.7,16,9.04,Healthy,Yes,143.37,31/01/2024
ZA-00926,Whale Shark,Rhincodon typus,Fish,Omnivore,Ocean,Australia,Safari Park North,EN,NULL,29.9,8869.8,959.8,70,497.47,Injured,No,1534.1,15 Jun 2022
ZA-04119,Grey Wolf,Canis lupus,Mammal,Carnivore,forest,USA,Coastal Aquarium & Zoo,LC,F,3.0,30.15,127.3,8,1.1,Healthy,Yes,86.9,2023-01-30
ZA-04227,Green Sea Turtle,Chelonia mydas,Reptile,Herbivore,Ocean,Pakistan,Greenfield Sanctuary,Endangered,Female,53.1,124.42,102.4,80,6.49,Healthy,Yes,164.86,02-13-2022
ZA-02116,Tiger,Panthera tigris,Mammal,Carnivore,Forest,india,Coastal Aquarium & Zoo,Endangered,Female,6.1,223.28,246.8,16,7.77,Healthy,1,185.72,2023-01-06
ZA-01308,Chimpanzee,Pan troglodytes,Mammal,Omnivore,Forest,Uganda,Metro City Zoo,EN,Female,13.0,47.75,,40,1.64,Healthy,Yes,120.16,"July 15, 2025"
ZA-01673,Green Iguana,Iguana iguana,Reptile,Herbivore,Forest,Brazil,Highland Wildlife Reserve,na,Male,2.6,4.62 kg,133.1,15,0.29,HEALTHY,No,77.23,04-17-2024
ZA-01200,King Cobra,Ophiophagus hannah,Reptile,Carnivore,Forest,Thailand,Greenfield Sanctuary,VULNERABLE,Male,4.0,4.3,351.3,20,0.18,Healthy,Yes,30.84,21/02/2025
ZA-02230,Emperor Penguin,Aptenodytes forsteri,  Bird ,Piscivore,Arctic,Antarctica,Greenfield Sanctuary,Near Threatened,Male,12.4,30.56,121.1,20,1.83,Injured,na,108.95,10-23-2023
ZA-00504,Snow Leopard,Panthera uncia,Mammal,Carnivore,Mountain,China,  Highland Wildlife Reserve ,VU,Female,8.7,44310 g,115.8,15,1.93,Healthy,Yes,121.27,05-02-2023
ZA-00294,Snow Leopard,Panthera uncia,mammal,Carnivore,Mountain,China,Metro City Zoo,VU,Female,3.2,32.19 kg,113.7,15,1.3,Healthy,unknown,98.36,2024-10-27
ZA-02691,Giraffe,Giraffa camelopardalis,Mammal,Herbivore,Savanna,Namibia,Metro City Zoo,VU,Female,17.6,1104.5,388.5,25,55.49,Healthy,Yes,345.99,25 Apr 2025
ZA-02580,Green Iguana,Iguana iguana,Reptile,herbivore,Forest,Brazil,Coastal Aquarium & Zoo,Least Concern,M,5.0,5.42,154.7,15,None,Healthy,N,69.03,2023-07-19
ZA-04168,Orangutan,Pongo pygmaeus,Mammal,Omnivore,Forest,Indonesia,Metro City Zoo,CR,M,19.7,183.0 lbs,118.8,35,3.49,Sick,Yes,233.12,2025-04-12
ZA-00693,Black Rhinoceros,Diceros bicornis,Mammal,Herbivore,Savanna,  Kenya ,na,CR,Male,16.7,1306.0,322.7,40,71.02,Healthy,N,268.61,2024-12-03
ZA-00687,Lion,Panthera leo,Mammal,Carnivore,Savanna,Kenya,Riverside Zoo,Vulnerable,Male,9.4,245.66,244.9,14,9.06,Healthy,Y,150.69 USD,2025-04-08
ZA-00818,Black Rhinoceros,Diceros bicornis,Mammal,Herbivore,Savanna,Namibia,Highland Wildlife Reserve,critically endangered,Male,18.3,1093.08,364.0,40,81.15,Healthy,No,246.29,26/04/2023
ZA-00217,Tiger,Panthera tigris,Mammal,Carnivore,Forest,Russia,Riverside Zoo,endangered,NULL,,206.66,248.7,16,8.31,Healthy,Yes,202.85,2024-07-23
ZA-03326,Scarlet Macaw,Ara macao,bird,HERBIVORE,Forest,Brazil,Safari Park North,LC,Male,1.1,0.7 lbs,55.7,50,0.02,None,0,103.52,2023-08-20
ZA-03890,Bottlenose Dolphin,Tursiops truncatus,Mammal,Piscivore,Ocean,USA,Greenfield Sanctuary,LC,Female,19.6,176.3,289.1,40,,Sick,Yes,351.14,2024-06-25
ZA-03112,Hippopotamus,Hippopotamus amphibius,Mammal,Herbivore,Wetland,kenya,Metro City Zoo,Vulnerable,Male,26.9,1578.44,349.1,40,97.23,Injured,Yes,"1,285.82 USD",2025-08-19
ZA-04925,African Elephant,Loxodonta africana,Mammal,Herbivore,Savanna,Kenya,Coastal Aquarium & Zoo,Vulnerable,Male,11.7,3649.37,565.4,60,239.44,Healthy,Yes,505.32,08-05-2024
ZA-00479,Green Sea Turtle,Chelonia mydas,Reptile,Herbivore,Ocean,Australia,Highland Wildlife Reserve,Endangered,Female,62.9,120.46,100.5,80,,Under Observation,Yes,196.82,"September 25, 2022"
ZA-04213,Bottlenose Dolphin,Tursiops truncatus,Mammal,Piscivore,Ocean,Mexico,Greenfield Sanctuary,Least Concern,None,28.3,206.13,320.5,40,unknown,Healthy,Yes,238.15,2022-06-12
ZA-04641,Asian Elephant,Elephas maximus,Mammal,Herbivore,Forest,Sri Lanka,Metro City Zoo,Endangered,Female,10.0,2581920 g,474.6,60,N/A,Healthy,No,572.72,"August 14, 2022"
ZA-03199,Plains Zebra,Equus quagga,Mammal,Herbivore,Savanna,Kenya,Coastal Aquarium & Zoo,Near Threatened,Female,4.3,242.26,204.5,25,,Healthy,Yes,191.38,2023-08-05
ZA-00813,Axolotl,Ambystoma mexicanum,Amphibian,Carnivore,Wetland,Mexico,Metro City Zoo,critically endangered,Male,1.9,0.13,21.7 cm,12,0.01,Healthy,Yes,60.23,2024-09-24
ZA-00844,Grey Wolf,Canis lupus,Mammal,Carnivore,Forest,Russian Federation,Riverside Zoo,Least Concern,Male,3.5,34.52,125.7,8,1.16,Healthy,Yes,101.84,05/01/2025
ZA-03057,Black Rhinoceros,Diceros bicornis,Mammal,Herbivore,Savanna,South Africa,Metro City Zoo,CR,female,14.5,867.92,358.7,40,71.47,Sick,Yes,$566.78,09/04/2024
ZA-02376,Polar Bear,Ursus maritimus,Mammal,Carnivore,Arctic,Canada,Greenfield Sanctuary,VU,Male,10.9,545.53,234.3,25,19.02,Healthy,Y,197.64,05/01/2023
ZA-04070,Plains Zebra,Equus quagga,Mammal,Herbivore,Savanna,Tanzania,Riverside Zoo,NT,Male,8.9,344.32,258.3,25,19.61,Injured,No,527.44,2023-05-05
ZA-02033,King Cobra,Ophiophagus hannah,Reptile,Carnivore,Forest,Thailand,Coastal Aquarium & Zoo,VU,Female,11.7,5.41,410.6,20,0.18,Healthy,-,47.35,2022-10-02
ZA-00968,Komodo Dragon,Varanus komodoensis,Reptile,Carnivore,Forest,INDONESIA,Greenfield Sanctuary,EN,Male,16.9,73.49,262.4,30,2.21,Healthy,Yes,158.46,31/02/2023
ZA-04646,Giraffe,Giraffa camelopardalis,Mammal,  Herbivore ,Savanna,Tanzania,Metro City Zoo,Vulnerable,F,4.5,852.41,415.7,25,48.1,Healthy,Yes,255.58,-
ZA-00973,Great White Shark,Carcharodon carcharias,Fish,Carnivore,Ocean,South Africa,Highland Wildlife Reserve,VU,Male,48.0,2044.3 lbs,502.2,70,35.09,Under Observation,Yes,542.24,2023-08-20
za-01897,Golden Eagle,Aquila chrysaetos,  Bird ,Carnivore,Mountain,USA,Metro City Zoo,Least Concern,F,3.2,2.34,67.0,25,,Healthy,Yes,54.43,2024-10-23
ZA-02705,Nile Crocodile,Crocodylus niloticus,Reptile,Carnivore,Wetland,Tanzania,Highland Wildlife Reserve,LC,Male,38.7,370.23,522.1 cm,70,12.35,Healthy,Yes,256.9,2025-02-19
ZA-04080,Whale Shark,Rhincodon typus,fish,Omnivore,Ocean,Mexico,Coastal Aquarium & Zoo,EN,Female,24.6,8930.01 kg,916.2,70,382.8,Healthy,No,$866.33,2023-03-07
ZA-04274,African Elephant,Loxodonta africana,Mammal,Herbivore,Savanna,South Africa,Safari Park North,VU,Female,49.7,10005.0 lbs,598.1,60,314.06,Under Observation,Yes,1287.31,30 Nov 2023
ZA-03375,Brown Bear,Ursus arctos,Mammal,Omnivore,  Forest ,Canada,Highland Wildlife Reserve,LC,male,6.1,289.76,191.4,25,14.13,Under Observation,True,420.26,14 Jan 2023
ZA-04231,Red Kangaroo,Osphranter rufus,Mammal,Herbivore,Desert,Australia,Riverside Zoo,Least Concern,MALE,7.3,83.64,,15,4.5,Healthy,Yes,94.25,2024-04-27
ZA-02041,Grey Wolf,Canis lupus,Mammal,Carnivore,Forest,Russia,Metro City Zoo,LC,Female,5.9,34.86,126.6,8,1.52,Healthy,,97.9,21 Nov 2022
ZA-00350,Emperor Penguin,Aptenodytes forsteri,Bird,Piscivore,Arctic,Antarctica,Riverside Zoo,Near Threatened,Male,9.5,34.58,118.9,20,1.78,Injured,Yes,274.02,07/08/2025
ZA-02952,Giraffe,Giraffa camelopardalis,MAMMAL,Herbivore,Savanna,Tanzania,Safari Park North,Vulnerable,Female,-,1160.5,473.2,25,63.39,Sick,Yes,599.79 USD,2022-06-20
ZA-01346,Scarlet Macaw,Ara macao,Bird,Herbivore,Forest,Brazil,Highland Wildlife Reserve,LEAST CONCERN,F,23.9,0.99,80.3,50,0.07,Healthy,Yes,$45.52,27/01/2025
ZA-00976,Flamingo,Phoenicopterus roseus,BIRD,Omnivore,Wetland,Kenya,Coastal Aquarium & Zoo,LC,female,14.0,-,119.3,30,0.14,Healthy,Yes,$56.18,23 Jul 2023
ZA-04359,SALTWATER CROCODILE,Crocodylus porosus,Reptile,Carnivore,Wetland,India,Metro City Zoo,LEAST CONCERN,male,36.9,526.51,452.6,70,21.34,Healthy,Yes,253.06,10/02/2025
ZA-00510,Red Kangaroo,Osphranter rufus,Mammal,Herbivore,Desert,Australia,Highland Wildlife Reserve,LC,Female,3.9,55.74,124.4,15,3.26,Healthy,Yes,122.88,21 Mar 2022
ZA-00123,Asian Elephant,Elephas maximus,Mammal,Herbivore,Forest,Sri Lanka,Safari Park North,EN,Female,None,3678.63,498.9,60,281.17,Healthy,Yes,382.36,30/11/2022
ZA-04598,Cheeta,Acinonyx jubatus,Mammal,Carnivore,Savanna,Kenya,NULL,VU,Female,3.8,44.8,123.2,12,1.74,Healthy,Yes,128.29,2025-03-22
ZA-04630,Snow Leopard ,Panthera uncia,Mammal,Carnivore,Mountain,China,Coastal Aquarium & Zoo,Vulnerable,male,10.9,58.39,138.1,15,2.95,Healthy,Yes,$116.87,2024-05-24
ZA-01711,Grey Wolf,Canis lupus,Mammal,Carnivore,forest,Russia,Safari Park North,LC,Male,4.8,42.29 kg,145.9,8,1.62,Healthy,Yes,96.88,2025-07-12
ZA-02101,Chimpanzee,Pan troglodytes,Mammal,Omnivore,Forest,Uganda,Coastal Aquarium & Zoo,Endangered,Male,8.2,36.72 kg,88.4,40,1.85,  Healthy ,Yes,104.25,04-17-2024
ZA-00870,Saltwater Crocodile,Crocodylus porosus,Reptile,Carnivore,Wetland,Australia,Highland Wildlife Reserve,LC,Male,55.7,511.61,na,70,27.09,Healthy,1,183.09,01/07/2023
ZA-04637,Snow Leopard,Panthera uncia,Mammal,Carnivore,Mountain,Pakistan,Greenfield Sanctuary,vulnerable,unknown,7.5,38.36,138.2,15,1.09,Sick,Yes,unknown,01-05-2022
ZA-01031,Golden Eagle,Aquila chrysaetos,Bird,Carnivore,Mountain,Pakistan,Coastal Aquarium & Zoo,Least Concern,Female,12.0,4.79,84.0,25,0.2,Healthy,Y,78.66,2025-05-10
ZA-03464,Peacock,Pavo cristatus,  Bird ,  Omnivore ,Forest,Pakistan,Safari Park North,Least Concern,Male,11.7,5.57,208.2,20,0.21,Healthy,Yes,47.88,02 Nov 2024
ZA-01999,Saltwater Crocodile,Crocodylus porosus,Reptile,Carnivore,Wetland,India,Highland Wildlife Reserve,LC,Male,28.5,462.98,511.8,70,20.3,  Under Observation ,True,453.53,2023-11-27
ZA-03591,Whale Shark,Rhincodon typus,Fish,Omnivore,Ocean,Pakistan,Safari Park North,Endangered,Male,46.0,11600.73 kg,1026.4,70,442.08,Healthy,Yes,1108.42,29 Mar 2023
ZA-01157,Ostrich,Struthio camelus,Bird,omnivore,Savanna,Kenya,Metro City Zoo,LC,Female,12.9,96.06,213.0,40,3.52,Sick,Yes,$150.09,17/06/2022
ZA-03157,Tigr,Panthera tigris,Mammal,Carnivore,Forest,Indonesia,Metro City Zoo,EN,M,10.1,211.58,291.5,16,8.49,Healthy,Yes,177.96 USD,2022-05-18
ZA-01576,African Elephant,Loxodonta africana,Mammal,Herbivore,Savanna,Kenya,Coastal Aquarium & Zoo,Vulnerable,Female,46.0,4188.74 kg,NULL,60,N/A,Healthy,Yes,651.2,2024-05-27
ZA-04812,Nile Crocodile,crocodylus niloticus,Reptile,CARNIVORE,Wetland,Kenya,Greenfield Sanctuary,Least Concern,F,43.1,383.71,480.0,70,15.52,Healthy,Yes,271.29,"August 22, 2022"
ZA-00062,Giant Panda,Ailuropoda melanoleuca,Mammal,Herbivore,Forest,China,Highland Wildlife Reserve,VU,M,6.6,112.09,156.7,20,7.8,Under Observation,Yes,247.87,2024-02-10
ZA-00473,Giraffe,Giraffa camelopardalis,Mammal,Herbivore,Savanna,Tanzania,Greenfield Sanctuary,VU,Female,11.1,1161.15,445.6,25,80.44,Injured,1,535.93,2022-09-01
ZA-03455,Green Sea Turtle,Chelonia mydas,Reptile,Herbivore,Ocean,NULL,Coastal Aquarium & Zoo,Endangered,Male,21.7,-,,80,11.74,Healthy,Yes,147.06,2022-06-13
ZA-00866,Koala,Phascolarctos cinereus,Mammal,Herbivore,FOREST,Australia,Coastal Aquarium & Zoo,vulnerable,M,,NULL,77.8,13,0.48,Healthy,Yes,73.35,10-23-2024
ZA-03584,Ostrich,Struthio camelus,Bird,Omnivore,Savanna,south africa,Greenfield Sanctuary,least concern,Male,13.7,121.05,210.6,40,5.01,Injured,Yes,373.86,2025-07-24
ZA-04878,Axolotl,Ambystoma mexicanum,Amphibian,Carnivore,Wetland,Mexico,Safari Park North,CR,Female,5.4,0.17,20.3,12,0.01,Sick,Yes,$59.66,17 Mar 2024
ZA-03615,Lionn,Panthera leo,Mammal,Carnivore,Savanna,South africa,Coastal Aquarium & Zoo,Vulnerable,Female,11.0,175.59,249.4,14,7.59,Under Observation,Yes,350.99,2023-04-20
ZA-04959,Golden Eagle,aquila chrysaetos,Bird,Carnivore,Mountain,Pakistan,Coastal Aquarium & Zoo,Least Concern,Female,19.0,4.75,,25,0.15,Under Observation,No,108.59,"July 29, 2025"
ZA-03389,Green Sea Turtle,chelonia mydas,Reptile,Herbivore,Ocean,Pakistan,Highland Wildlife Reserve,EN,Female,15.5,112.59,97.7,80,6.95,healthy,No,188.94,03/10/2022
ZA-02181,Red Kangaroo,Osphranter rufus,Mammal,Herbivore,DESERT,Australia,Greenfield Sanctuary,Least Concern,Male,6.1,81.75,144.5,15,,Healthy,NULL,$151.62,22 Mar 2022
ZA-03282,Peacock,Pavo cristatus,Bird,Omnivore,Forest,Pakistan,  Coastal Aquarium & Zoo ,LC,female,None,3.82,178.4,20,0.15,Healthy,False,$85.40,2023-02-09
ZA-04249,Golden Eagle,Aquila chrysaetos,Bird,Carnivore,Mountain,Pakistan,Safari Park North,LC,Male,,5.17,82.3,25,0.18,Healthy,Yes,59.93,2023-01-23
ZA-01629,King Cobra,Ophiophagus hannah,Reptile,Carnivore,Forest,india,Safari Park North,VU,Female,3.9,5.25,356.9,20,0.22,na,Yes,77.13,"February 21, 2022"
ZA-02439,Great White Shark,Carcharodon carcharias,Fish,Carnivore,Ocean,USA,Metro City Zoo,Vulnerable,Male,64.5,1269.26,478.0,70,54.28,Injured,Yes,552.2,2022-08-13
ZA-01150,Orangutan,Pongo pygmaeus,Mammal,Omnivore,Forest,Indonesia,Greenfield Sanctuary,CR,Male,27.8,82.24,NULL,35,3.66,Injured,Y,188.05,2025-02-04
ZA-01161,Sea Otter ,Enhydra lutris,Mammal,Carnivore,Ocean,Canada,Highland Wildlife Reserve,EN,,7.3,26.64,134.1,15,0.85,Healthy,Yes,106.63,06-19-2023
ZA-00257,Nile Crocodile,Crocodylus niloticus,REPTILE,Carnivore,Wetland,Tanzania,Safari Park North,LC,,21.0,449.19,468.4,70,13.42,Healthy,Yes,186.35,2023-06-07
ZA-02599,Grey Wolf,Canis lupus,Mammal,Carnivore,Forest,-,Highland Wildlife Reserve,LC,Female,4.4,35.44,133.3,8,1.75,Healthy,No,N/A,2024-10-28
ZA-04609,Red Kangaroo,Osphranter rufus,Mammal,Herbivore,Desert,Australia,Riverside Zoo,least concern,Female,4.4,76.73,134.8,15,5.15,Healthy,No,99.99,03-18-2024
ZA-01106,Komodo Dragon,Varanus komodoensis,Reptile,Carnivore,Forest,Indonesia,Greenfield Sanctuary,Endangered,Male,8.4,80.53 kg,264.9,30,3.62,Healthy,Yes,200.87,25/01/2022
ZA-01513,Hippopotamus,Hippopotamus amphibius,Mammal,Herbivore,Wetland,Kenya,Safari Park North,Vulnerable,Female,19.0,1700.46,330.7,40,125.07,Healthy,Y,431.77,17 Oct 2022
ZA-03408,Plains Zebra,Equus quagga,Mammal,Herbivore,Savanna,Kenya,Greenfield Sanctuary,NT,N/A,13.7,343.14,245.0,25,22.03,Sick,Yes,417.11,2024-03-01
ZA-00558,Clownfish,Amphiprion ocellaris,Fish,Omnivore,Ocean,Indonesia,Safari Park North,least concern,Male,2.7,0.03,9.1,8,0.0,Healthy,Yes,46.08,11-17-2023
ZA-01851,Saltwater Crocodile,Crocodylus porosus,Reptile,Carnivore,Wetland,Australia,SAFARI PARK NORTH,least concern,Male,38.8,426.62,487.6,70,15.91,Healthy,Yes,N/A,2022-07-28
ZA-02089,African Elephant,Loxodonta africana,Mammal,Herbivore,Savanna,Kenya,Riverside Zoo,VU,Female,24.7,4402.19 kg,556.2,60,197.19,Healthy,Y,629.09,20 May 2025
ZA-02900,Clownfish,Amphiprion ocellaris,Fish,Omnivore,Ocean,Indonesia,Highland Wildlife Reserve,Least Concern,male,4.4,0.03,9.1,8,0.0,Sick,,unknown,03-15-2023
ZA-03221,Scarlet Macaw,Ara macao,Bird,Herbivore,Forest,  Brazil ,Metro City Zoo,Least Concern,Female,16.1,1.0,83.7,50,0.07,Sick,Yes,95.87 USD,2022-11-25
ZA-00262,Sea Otter,Enhydra lutris,Mammal,Carnivore,OCEAN,Russian Federation,Safari Park North,EN,female,6.2,21.74 kg,118.4,15,0.86,Healthy,1,82.31,01/02/2025
ZA-04326,red kangaroo,Osphranter rufus,Mammal,Herbivore,Desert,Australia,Coastal Aquarium & Zoo,Least Concern,-,10.9,73.5,144.8,15,5.58,Healthy,Yes,94.4,2025-04-16
ZA-00628,Giraffe,Giraffa camelopardalis,Mammal,HERBIVORE,Savanna,Kenya,Riverside Zoo,Vulnerable,Female,18.0,1112.65,471.3,25,54.66,Healthy,No,328.14,09/08/2024
ZA-01890,Emperor Penguin,Aptenodytes forsteri,Bird,Piscivore,Arctic,Antarctica,Safari Park North,Near Threatened,M,6.9,86.2 lbs,110.4,20,1.81,Healthy,N/A,94.52,11 Jan 2025
ZA-03043,Nile Crocodile,Crocodylus niloticus,Reptile,Carnivore,Wetland,Zambia,Coastal Aquarium & Zoo,LC,Male,40.9,432.84,486.9,70,14.35,Injured,True,474.57,24 Jun 2024
ZA-02079,Polar Bear,Ursus maritimus,Mammal,Carnivore,Arctic,Russia,Coastal Aquarium & Zoo,Vulnerable,Male,18.4,548.23,263.8,25,18.92,Under Observation,True,421.39,2024-04-04
ZA-03586,Green Iguana,Iguana iguana,Reptile,Herbivore,Forest,Costa Rica,Highland Wildlife Reserve,Least Concern,Female,5.5,4.69,143.0,15,0.24,Healthy,No,-,2025-08-15
ZA-01607,Nile Crocodile,Crocodylus niloticus,Reptile,Carnivore,Wetland,Kenya,Safari Park North,LC,Male,55.5,378.68,483.7,70,13.74,Healthy,Yes,321.5,02 Nov 2023
ZA-01021,Golden Eagle,Aquila chrysaetos,Bird,Carnivore,Mountain,USA,Safari Park North,LC,Female,19.8,na,89.0,25,0.18,Healthy,Y,61.25,2022-05-13
ZA-00609,African Elephant,Loxodonta africana,Mammal,herbivore,Savanna,Botswana,safari park north,Vulnerable,M,39.2,5958.07,640.1,60,385.59,Under Observation,Yes,711.92,2022-01-06
ZA-01404,Grey Wolf,Canis lupus,Mammal,Carnivore,Forest,Russia,Riverside Zoo,Least Concern,Female,2.3,37.63,127.6,8,1.48,Healthy,Yes,92.46,08 May 2024
ZA-03255,Whale Shark,Rhincodon typus,Fish,Omnivore,  Ocean ,Pakistan,Riverside Zoo,EN,Male,19.6,9069.71,983.5,70,332.97,Healthy,Yes,660.95,24/03/2025
ZA-02097,Saltwater Crocodile,Crocodylus porosus,Reptile,Carnivore,Wetland,Australia,Greenfield Sanctuary,Least Concern,Male,35.5,480.66,None,70,18.44,  Healthy ,Y,195.95,2023-03-18
ZA-00210,Ostrich,Struthio camelus,Bird,Omnivore,savanna,South africa,Greenfield Sanctuary,LC,Female,10.8,94.18,194.6,40,5.05,Healthy,Yes,150.34,2022-10-09
ZA-03799,Giraffe,Giraffa camelopardalis,Mammal,Herbivore,Savanna,Tanzania,Metro City Zoo,Vulnerable,Male,13.1,1369.47,,25,74.29,Healthy,No,327.46,2022-09-11
ZA-03540,Saltwater Crocodile,Crocodylus porosus,Reptile,Carnivore,Wetland,Australia,Safari Park North,LC,Male,,1217.2 lbs,533.1,70,21.53,Under Observation,True,575.38,2023-07-25
ZA-00154,Snow Leopard,Panthera uncia,Mammal,Carnivore,Mountain,China,Coastal Aquarium & Zoo,VULNERABLE,Female,3.9,75.7 lbs,129.1,15,1.45,Healthy,No,95.79,2022-05-24
ZA-01591,King Cobra,Ophiophagus hannah,  Reptile ,Carnivore,Forest,Thailand,Safari Park North,Vulnerable,F,6.0,4.85,380.9,20,0.2,Healthy,Yes,NULL,17 Aug 2022
ZA-02443,Plains Zebra,Equus quagga,MAMMAL,Herbivore,Savanna,Kenya,Highland Wildlife Reserve,Near Threatened,Female,15.7,825.3 lbs,223.3 cm,25,22.19,Healthy,Yes,215.95,28 Nov 2024
ZA-01148,Snow Leopard,Panthera uncia,  Mammal ,Carnivore,MOUNTAIN,Pakistan,Safari Park North,VU,Female,7.7,42.85,122.4,15,2.17,Healthy,Yes,68.34 USD,25/10/2022
ZA-03428,Giraffe,Giraffa camelopardalis,Mammal,Herbivore,Savanna,Namibia,Coastal Aquarium & Zoo,Vulnerable,Male,12.8,1478.52,459.8,25,90.25,Under Observation,True,$581.46,01-29-2025
ZA-01968,Snow Leopard,Panthera uncia,Mammal,Carnivore,Mountain,mongolia,Riverside Zoo,VU,F,1.6,21.62,NULL,15,0.81,Healthy,No,NULL,2024-11-08
ZA-03207,Nile Crocodile,Crocodylus niloticus,Reptile,Carnivore,Wetland ,Tanzania,Highland Wildlife Reserve,LC,Female,43.3,441.94,429.0,70,16.67,Under Observation,Yes,262.48,05/08/2024
ZA-02434,Hippopotamus,Hippopotamus amphibius,Mammal,Herbivore,Wetland,Zambia,Greenfield Sanctuary,VU,Male,19.1,1553.47,NULL,40,88.12,Under Observation,Yes,875.75,2023-07-12
ZA-01634,Nile Crocodile,Crocodylus niloticus,Reptile,Carnivore,Wetland,Tanzania,Metro City Zoo,least concern,Female,27.1,404.69,446.6,70,15.21,Healthy,Yes,$176.79,28 Jun 2023
ZA-03293,Polar Bear,Ursus maritimus,Mammal,Carnivore,Arctic,Canada,Riverside Zoo,Vulnerable,Female,12.6,450.17,235.2,25,15.82,Healthy,Yes,282.17,2022-03-16
ZA-00598,Saltwater Crocodile,Crocodylus porosus,Reptile,Carnivore,Wetland,Australia,greenfield sanctuary,LC,M,34.8,475.75,517.4,70,17.14,Healthy,Yes,196.4,01-01-2022
ZA-03138,African Elephant,Loxodonta africana,Mammal,Herbivore,Savanna,  Botswana ,Coastal Aquarium & Zoo,VU,Male,27.4,4908.17,613.9,60,204.3,Healthy,Yes,$594.60,10/10/2023
ZA-01657,Nile Crocodile,Crocodylus niloticus,Reptile,Carnivore,Wetland,Kenya,Safari Park North,Least Concern,Male,43.4,479.62,441.3,70,23.76,Healthy,Yes,159.76,2022-11-08
ZA-04415,Plains Zebra,Equus quagga,Mammal,Herbivore,Savanna,Tanzania,Riverside Zoo,None,female,14.8,353.36,218.8,25,21.79,Healthy,Yes,169.76,04-09-2023
ZA-03298,Giraffe,Giraffa camelopardalis,Mammal,Herbivore,Savanna,Tanzania,NULL,VU,Male,16.7,1602.75,509.2,25,95.74,Healthy,Yes,357.56,03/01/2024
ZA-01566,Whale Shark,Rhincodon typus,Fish,Omnivore,Ocean,Pakistan,Coastal Aquarium & Zoo,EN,Male,5.2,4032.39,na,70,184.95,Under Observation,Yes,"$1,004.18",2024-08-08
ZA-01519,King Cobra,Ophiophagus hannah,Reptile,Carnivore,  Forest ,Indonesia,Safari Park North,Vulnerable,Female,8.9,5.07,386.7,20,0.15,Injured,Yes,123.28,2023-06-22
ZA-04330,Giraffe,Giraffa camelopardalis,Mammal,Herbivore,Savanna,Namibia,Greenfield Sanctuary,VU,M,14.8,2882.5 lbs,492.4,25,72.39,Healthy,Yes,232.09,11/06/2023
ZA-00226,Giraffe,Giraffa camelopardalis,Mammal,Herbivore,Savanna,Tanzania,Greenfield Sanctuary,Vulnerable,Male,5.1,1257.43,416.8,25,75.22,Healthy,Yes,356.04,2023-09-23
ZA-04573,Red Kangaroo,Osphranter rufus,Mammal,HERBIVORE,Desert ,Australia,Highland Wildlife Reserve,least concern,Male,3.4,69.84,132.2,15,4.54,Injured,Yes,383.16,17 Aug 2023
ZA-02518,Red Kangaroo,Osphranter rufus,Mammal,Herbivore,Desert,Australia,Riverside Zoo,LC,Female,8.4,60.39,136.8,15,,Healthy,True,100.72,2023-11-10
ZA-04319,Komodo Dragon,Varanus komodoensis,Reptile,Carnivore,Forest,  Indonesia ,Highland Wildlife Reserve,EN,Male,8.0,79.07,256.2,30,3.25,Healthy,unknown,108.54,2023-09-03
ZA-02394,Scarlet Macaw,Ara macao,Bird,Herbivore,Forest,Brazil,Coastal Aquarium & Zoo,LC,Female,37.3,0.82 kg,84.8,50,0.05,Healthy,Yes,$36.30,2024-09-26
ZA-01761,Emperor Penguin,Aptenodytes forsteri,Bird,Piscivore,Arctic,Antarctica,Coastal Aquarium & Zoo,NT,Female,8.5,69.5 lbs,117.9,20,1.88,Under Observation,Yes,117.68,11/08/2025
ZA-01361,Lion,Panthera leo,Mammal,Carnivore,Savanna,Tanzania,Greenfield Sanctuary,Vulnerable,Male,11.5,210.73,236.9,14,7.04,Under Observation,Yes,267.94,2023-01-09
ZA-03305,Flamingo,Phoenicopterus roseus,Bird,Omnivore,Wetland,Kenya,Greenfield Sanctuary,LC,Female,3.2,1.66,96.4,30,0.1,Healthy,Yes,$89.52,20 Jun 2022
ZA-02325,Flamingo,Phoenicopterus roseus,Bird,Omnivore,Wetland,Kenya,Greenfield Sanctuary,LC,MALE,13.7,2.94,124.6,30,,Under Observation,Y,109.35,2023-06-28
ZA-03559,Orangutan,Pongo pygmaeus,Mammal,Omnivore,Forest,Malaysia,Safari Park North,Critically Endangered,Male,5.0,46.78,90.3,35,2.26,Healthy,Yes,85.14,12 Mar 2025
ZA-04403,Axolotl,Ambystoma mexicanum,Amphibian,Carnivore,Wetland,Mexico,Riverside Zoo,critically endangered,Male,4.2,0.23,25.3,12,0.01,Healthy,No,43.41,2025-01-21
ZA-01834,Red-eyed Tree Frog,Agalychnis callidryas,Amphibian,Insectivore,Forest,Mexico,Riverside Zoo,LC,,,0.01,7.0,5,,Injured,1,106.81,2025-09-06
ZA-03662,Bald Eagle,Haliaeetus leucocephalus,Bird,Carnivore,Forest,Canada,Coastal Aquarium & Zoo,Least Concern,Female,5.6,3.78 kg,78.3,25,0.17,Healthy,Yes,101.80 USD,"September 19, 2023"
ZA-02010,Clownfish,Amphiprion ocellaris,Fish,Omnivore,Ocean,Philippines,Greenfield Sanctuary,LC,Male,,0.02 kg,9.3,8,0.0,injured,Yes,82.72,
ZA-03658,African Elephant,Loxodonta africana,Mammal,  Herbivore ,Savanna,South Africa,na,Vulnerable,Female,unknown,5045.05,610.5,60,241.04,Healthy,Yes,638.74,2022-07-03
ZA-04188,Bald Eagle,Haliaeetus leucocephalus,Bird,Carnivore,Forest,Canada,Coastal Aquarium & Zoo,Least Concern,Male,22.6,4.84,86.0,25,0.21,Under Observation,Yes,123.28,2023-08-07
ZA-03858,Snow Leopard,Panthera uncia,Mammal,Carnivore,Mountain,Pakistan,Riverside Zoo,VU,Female,8.5,42.39,121.8,15,1.7,Healthy,Yes,80.22,14/03/2025
ZA-00694,Lion,Panthera leo,Mammal,Carnivore,Savanna,Kenya,Greenfield Sanctuary,VU,Male,5.0,206.08,251.2,14,9.27,Healthy,Yes,141.4,2024-05-24
ZA-04659,Saltwater Crocodile,Crocodylus porosus,Reptile,Carnivore,Wetland,india,Safari Park North,LC,Male,36.0,1110.0 lbs,493.8,70,21.85,Injured,0,-,2022-02-01
ZA-02613,Komodo Dragon,Varanus komodoensis,Reptile,Carnivore,Forest,Indonesia,Coastal Aquarium & Zoo,EN,Male,13.2,70.3,261.7,30,2.67,Sick,Yes,298.51,2022-05-26
ZA-01187,  Red Kangaroo ,Osphranter rufus,Mammal,Herbivore,Desert,Australia,Greenfield Sanctuary,LC,F,8.2,58.72,136.9,15,3.67,Healthy,No,101.98,02 Nov 2022
ZA-01370,Green Sea Turtle,Chelonia mydas,Reptile,Herbivore,Ocean,Australia,Coastal Aquarium & Zoo,EN,Female,61.3,134.73,109.0,80,5.95,Healthy,Y,173.58,2023-04-30
ZA-01908,African Elephant,Loxodonta africana,Mammal,Herbivore,Savanna,Kenya,Metro City Zoo,vulnerable,Female,28.0,5408.13,586.0,60,304.36,Healthy ,Yes,814.21,2025-08-21
ZA-04089,Red-eyed Tree Frog,Agalychnis callidryas,Amphibian,Insectivore,Forest,Costa Rica,Riverside Zoo,Least Concern,Female,2.7,0.01,6.7,5,0.0,Healthy,Yes,44.9,2023-06-20
ZA-02478,Sea Otter,Enhydra lutris,Mammal,Carnivore,Ocean,Russia,Coastal Aquarium & Zoo,endangered,Male,2.2,22.31,107.9,15,1.01,Injured,Yes,$211.46,01 Jul 2023
ZA-00017,Bald Eagle,Haliaeetus leucocephalus,Bird,Carnivore,Forest,usa,Riverside Zoo,LC,Female,9.7,5.32,85.0,25,0.27,Healthy,No,50.08,2023-08-17
ZA-02515,Scarlet Macaw,Ara macao,Bird,Herbivore,Forest,peru,Riverside Zoo,Least Concern,Female,13.9,0.83,79.9,50,0.04,Healthy,No,62.07,2022-02-09
ZA-04745,King Cobra,Ophiophagus hannah,Reptile,Carnivore,Forest,Indonesia,Safari Park North,VU,Male,15.0,10.7 lbs,444.0,20,0.16,Healthy,Yes,38.14,04-25-2023
ZA-02206,GIANT PANDA,Ailuropoda melanoleuca,Mammal,Herbivore,Forest,China,Safari Park North,VU,Female,6.7,107.02,135.8 cm,20,5.75,Healthy,No,184.75,12-24-2023
ZA-03596,Green Sea Turtle,Chelonia mydas,Reptile,Herbivore,Ocean,Mexico,Safari Park North,EN,Female,2.5,49.51,76.4,80,2.8,HEALTHY,N/A,124.52,2024-11-20
ZA-01487,Red Kangaroo,Osphranter rufus,Mammal,Herbivore,Desert,Australia,Safari Park North,LC,Female,9.3,66.12,135.2,15,4.24,Healthy,na,$95.40,2025-06-09
ZA-01677,Golden Eagle,Aquila chrysaetos,Bird,Carnivore,Mountain,USA,Coastal Aquarium & Zoo,LC,Female,19.5,4.69,83.3,25,0.24,HEALTHY,Yes,72.01,2022-04-12
ZA-02354,Golden Eagle,Aquila chrysaetos,Bird,Carnivore,Mountain,Mongolia,Greenfield Sanctuary,least concern,Female,6.6,4.4,78.7,25,0.14,Sick,Yes,135.98,2022-06-05
ZA-00657,Golden Eagle,Aquila chrysaetos,Bird,carnivore,Mountain,usa,Safari Park North ,N/A,Male,2.0,,None,25,-,Healthy,1,74.37 USD,None
ZA-01572,Saltwater Crocodile,Crocodylus porosus,Reptile,Carnivore,Wetland,INDIA,COASTAL AQUARIUM & ZOO,LC,female,55.4,434.62,475.1,70,12.27,Healthy,Yes,$220.35,08-26-2024
ZA-01738,Hippopotamus ,Hippopotamus amphibius,Mammal,Herbivore,Wetland,Tanzania,Greenfield Sanctuary,VU,Male,25.1,1565.98,398.0,40,84.15,Healthy,1,450.72,2025-03-27
ZA-03856,Giraffe,Giraffa camelopardalis,Mammal,Herbivore,Savanna,Namibia,Metro City Zoo,VU,Female,20.5,1247.94,497.6,25,92.33,Healthy,No,577.97,2024-09-17
ZA-02847,Great White Shark,Carcharodon carcharias,Fish,Carnivore,Ocean,South africa,Coastal Aquarium & Zoo,VU,Male,50.0,1043.32,501.5,70,42.35,Under Observation,No,619.75,2023-03-19
ZA-02981,Komodo Dragon,Varanus komodoensis,Reptile,Carnivore,Forest,Indonesia,Riverside Zoo,Endangered,Male,10.8,168.8 lbs,257.8,30,3.27,Healthy,Yes,$108.89,2022-12-04
ZA-00619,Gorilla,Gorilla gorilla,Mammal,Herbivore,Forest,Congo,Greenfield Sanctuary,critically endangered,Male,28.9 yrs,190.83,176.9,35,10.07,Under Observation,NULL,461.71,2024-02-09
ZA-02848,Tiger,Panthera tigris,Mammal,Carnivore,Forest,India,Coastal Aquarium & Zoo,EN,Female,9.4,278.32,277.8,16,9.89,Healthy,Yes,182.28,2022-08-26
ZA-04530,Giraffe,Giraffa camelopardalis,Mammal,Herbivore,Savanna,Kenya,Metro City Zoo,VU,Male,9.0,2946.9 lbs,440.8,25,70.35,Healthy,Y,306.09,2022-08-15
ZA-00868,Polar Bear,Ursus maritimus,Mammal,Carnivore,Arctic,Canada,Metro City Zoo,VU,Female,10.7,378.49,242.3,25,22.75,Healthy,No,258.77,2024-04-12
ZA-02508,plains zebra,Equus quagga,Mammal,Herbivore,SAVANNA,Kenya,Greenfield Sanctuary,NULL,M,11.5,385.77,228.3,25,26.62,Healthy,1,295.64,2024-11-12
ZA-02111,Asian Elephant,Elephas maximus,Mammal,Herbivore,Forest,Sri Lanka,  Greenfield Sanctuary ,EN,M,23.0,4032.98,581.7,60,173.96,Healthy,Y,$748.10,2025-07-09
ZA-00458,Hippopotamus,Hippopotamus amphibius,Mammal,Herbivore,-,Tanzania,Riverside Zoo,VU,Male,unknown,1525.3,348.2,40,70.21,Healthy,N,347.18,2022-04-19
ZA-04302,Bald Eagle,Haliaeetus leucocephalus,Bird ,Carnivore,Forest,USA,Riverside Zoo,unknown,Male,11.4,6.38,92.6,500,0.25,Under Observation,Yes,$99.62,2025-02-10
ZA-00791,Sea Otter,Enhydra lutris,Mammal,Carnivore,Ocean,Russia,Safari Park North,EN,Female,7.9,29.25,118.2,15,1.36,Healthy,Yes,63.59,2022-10-24
ZA-04383,Brown Bear,Ursus arctos,Mammal,Omnivore,Forest,Canada,Riverside Zoo,Least Concern,N/A,12.4,271.69,212.8,25,8.61,Sick,Yes,419.85,2024-09-06
ZA-03608,polar bear,Ursus maritimus,mammal,Carnivore,Arctic,Canada,Coastal Aquarium & Zoo,vulnerable,Female,16.3,442.86,242.6,25,14.95,Healthy,True,285.31,07-19-2024
ZA-03823,Hipopotamus,Hippopotamus amphibius,Mammal,Herbivore,Wetland,-,Highland Wildlife Reserve,VU,M,14.4,1616.76,369.1,40,69.37,Injured,Yes,$739.17,2024-11-07
ZA-02261,Saltwater Crocodile,Crocodylus porosus,Reptile,Carnivore,Wetland,Australia,Coastal Aquarium & Zoo,LC,Male,27.3,478.41,514.0,70,22.96,Healthy,Yes,$155.40,08-13-2023
ZA-04707,GOLDEN EAGLE,Aquila chrysaetos,Bird,Carnivore,Mountain,USA,Safari Park North,Least Concern,Female,9.4,5.34,83.8,25,0.22,Under Observation,True,$126.03,2022-01-29
ZA-02809,Black Rhinoceros,Diceros bicornis,Mammal,Herbivore,Savanna,Namibia,Safari Park North,CR,Male,26.3,1232.45,370.5,40,76.62,HEALTHY,Yes,367.43 USD,04-16-2024
ZA-03519,Bottlenose Dolphin,Tursiops truncatus,Mammal,Piscivore,Ocean,Australia,Metro City Zoo,Least Concern,Male,N/A,203.96,309.4,40,9.31,Healthy,No,151.31,2025-01-21
ZA-00734,African Elephant,Loxodonta africana,Mammal,Herbivore,Savanna,South Africa,Highland Wildlife Reserve ,Vulnerable,MALE,32.4,4623.77,613.1,60,223.51,Under Observation,na,1156.64,30/06/2022
ZA-04990,African Elephant,Loxodonta africana,Mammal,Herbivore,Savanna,South Africa,Greenfield Sanctuary,VU,Female,19.0,4084.82,559.2,60,260.13,Healthy,Yes,826.81,02-01-2023
ZA-03959,Cheetah,Acinonyx jubatus,Mammal,Carnivore,Savanna,NAMIBIA,Highland Wildlife Reserve,VU,Female,9.3,45.87,129.7,12,2.15,Healthy,No,154.3,16/01/2023
ZA-02134,Hippopotamus,Hippopotamus amphibius,Mammal,Herbivore,Wetland,Zambia,Coastal Aquarium & Zoo,vulnerable,Male,10.5,1590.85 kg,353.5,40,104.43,Healthy,unknown,308.29,2025-08-07
ZA-04268,Great White Shark,carcharodon carcharias,Fish,Carnivore,Ocean,South Africa,Coastal Aquarium & Zoo,Vulnerable,Male,N/A,1008.95,483.6,70,41.7,Healthy,No,309.6,2023-10-31
ZA-01945,Axolotl,Ambystoma mexicanum,Amphibian,Carnivore,Wetland,Mexico,Greenfield Sanctuary,Critically Endangered,Male,1.1,0.1,21.5,12,0.0,Healthy,1,$56.29,2023-11-03
ZA-02280,Asian Elephant,Elephas maximus,Mammal,Herbivore,Forest,India,Greenfield Sanctuary,EN,Male,40.9,3377.39,606.8 cm,60,230.11,Injured,Yes,1447.89,2023-03-02
ZA-00660,Polar Bear,Ursus maritimus,Mammal,Carnivore,Arctic,Canada,Coastal Aquarium & Zoo,VU,MALE,10.1,536.67,262.3,25,17.02,Under Observation,Yes,464.63,2023-04-15
ZA-02431,King Cobra,Ophiophagus hannah,Reptile,Carnivore,Forest,Thailand,Safari Park North,VU,female,8.7,4.73,377.2,20,0.15,Healthy,No,82.06,2022-12-17
ZA-03752,African Elephant,Loxodonta africana,Mammal,Herbivore,Savanna,Kenya,Highland Wildlife Reserve,VU,Male,30.7,13107.7 lbs,660.5 cm,60,-,Healthy,Yes,604.23,2022-04-29
ZA-02529,clownfish,Amphiprion ocellaris,FISH,Omnivore,Ocean,Indonesia,Greenfield Sanctuary,LC,female,None,0.02,8.4,8,0.0,Healthy,Yes,31.66,2024-09-16
ZA-04488,Brown Bear,Ursus arctos,Mammal,Omnivore,Forest,Russia,riverside zoo,LC,Female,3.8,211.73,172.2,25,,Healthy,Yes,254.82,20/10/2023
ZA-00643,Red Kangaroo,osphranter rufus,Mammal,Herbivore,Desert,Australia,Riverside Zoo,LEAST CONCERN,Female,two,15.71,79.5,15,0.98,Healthy,Yes,$81.76,12 May 2025
ZA-00169,Bottlenose Dolphin,Tursiops truncatus,Mammal,Piscivore,Ocean,Australia,Safari Park North,Least Concern,Female,33.8 yrs,unknown,280.4,40,7.77,Healthy,Y,161.9,2023-01-02
ZA-01518,Emperor Penguin,Aptenodytes forsteri,Bird,Piscivore,ARCTIC,Antarctica,COASTAL AQUARIUM & ZOO,Near Threatened,na,6.6,na,100.8,20,2.38,Healthy,Yes,$94.98,2022-05-15
ZA-01801,Bald Eagle,Haliaeetus leucocephalus,Bird,Carnivore,FOREST,USA,Coastal Aquarium & Zoo,Least Concern,female,7.4,9.8 lbs,NULL,25,0.19,Healthy,Yes,44.67,None
ZA-03395,Bald Eagle,Haliaeetus leucocephalus,Bird,Carnivore,Forest,Canada,Riverside Zoo,LC,Male,13.7,5.77,93.9,0,0.3,Healthy,Yes,58.91,2024-08-03
ZA-01918,Galapagos Tortoise,Chelonoidis niger,Reptile,Herbivore,Island,Ecuador,Safari Park North,VU,F,28.4,223.73,117.0,100,10.86,Healthy,Yes,188.9,23/09/2023
ZA-00273,Hippopotamus,Hippopotamus amphibius,Mammal,Herbivore,Wetland,Zambia,Coastal Aquarium & Zoo,VULNERABLE,Female,12.5,1716.92,349.1,40,101.15,Healthy,Yes,,05/05/2024
ZA-02469,Emperor Penguin,Aptenodytes forsteri,Bird,Piscivore,Arctic,Antarctica,Metro City Zoo,Near Threatened,M,8.6,34.11,120.3,20,,Healthy,Yes,unknown,02-18-2023
ZA-04868,Flamingo,Phoenicopterus roseus,Bird,OMNIVORE,Wetland,Spain,Riverside Zoo,Least Concern,M,11.4,3.38,128.5,30,0.14,Healthy,Yes,43.09,None
ZA-01067,Black Rhinoceros,Diceros bicornis,Mammal,Herbivore,Savanna,Kenya,Safari Park North,CR,F,25.9,2665.3 lbs,307.1,40,N/A,Healthy,Yes,472.54,2024-11-26
ZA-00495,Grey Wolf,Canis lupus,MAMMAL,Carnivore,Forest,USA,Metro City Zoo,least concern,Female,2.2,28.19,133.7,8,1.07,Healthy,Yes,138.41,2025-05-09
ZA-01913,Whale Shark,Rhincodon typus,Fish,Omnivore,OCEAN,Pakistan,Riverside Zoo,EN,Female,12.7,,810.4,70,308.01,Healthy,-,828.32,08/10/2022
ZA-03647,Whale Shark,Rhincodon typus,Fish,Omnivore,Ocean,Australia,Greenfield Sanctuary,EN,Male,39.4,23605.1 lbs,982.2,70,400.69,Healthy,Yes,948.32,"August 18, 2025"
ZA-00039,  Nile Crocodile ,Crocodylus niloticus,Reptile,Carnivore,Wetland,Kenya,Highland Wildlife Reserve,Least Concern,Female,13.6,310.78,404.3,70,10.53,Healthy,Y,275.6,18/10/2022
ZA-00307,Polar Bear,Ursus maritimus,Mammal,Carnivore,Arctic,USA,Greenfield Sanctuary,VU,Male,na,None,269.2,25,19.42,Healthy,Yes,286.63 USD,02-20-2023
ZA-03741,Galapagos Tortoise,Chelonoidis niger,Reptile,Herbivore,Island,Ecuador,Metro City Zoo,Vulnerable,Male,31.2,234.96,112.9,100,13.32,Injured,1,$378.73,28 May 2022
ZA-04103,Black Rhinoceros,Diceros bicornis,Mammal ,Herbivore,Savanna,Namibia,Riverside Zoo,NULL,Female,14.1,883.1,367.7,40,57.66,Healthy,No,366.77,26/10/2024
ZA-03153,Scarlet Macaw,Ara macao,Bird ,Herbivore,Forest,Brazil,Coastal Aquarium & Zoo,LC,Male,37.8,N/A,85.7,50,0.04,Healthy,1,44.74,18 May 2023
ZA-02830,Golden Eagle,Aquila chrysaetos,Bird,Carnivore,Mountain,United States,Metro City Zoo,Least Concern,None,15.8,5.13,82.7,25,0.29,Healthy,0,61.96,03/05/2022
ZA-00782,Giraffe,Giraffa camelopardalis,Mammal,Herbivore,Savanna,Tanzania,Safari Park North,VU,Male,17.2,1228.16,465.1,25,77.71,Injured,-,363.38,17 Jul 2025
ZA-00535,Koala,Phascolarctos cinereus,MAMMAL,Herbivore,Forest,Australia,Coastal Aquarium & Zoo,VU,F,5.7,8.03,74.3,13,0.59,Healthy,No,62.91,28/06/2024
ZA-00584,CLOWNFISH,Amphiprion ocellaris,Fish,Omnivore,Ocean,Philippines,Riverside Zoo,LC,Male,3.4,0.02,9.1,8,0.0,Healthy,Yes,37.78,06-20-2022
ZA-04144,axolotl,Ambystoma mexicanum,Amphibian,Carnivore,Wetland,Mexico,Greenfield Sanctuary,critically endangered,Female,6.2,0.18,24.6,12,,Healthy,Yes,$55.79,2025-02-07
ZA-03797,Asian Elephant,Elephas maximus,Mammal,Herbivore,Forest,Thailand,Highland Wildlife Reserve,EN,F,36.7,3396.86,580.6,60,237.09,Healthy,Yes,402.11,2025-09-01
ZA-04931,Lion,Panthera leo,Mammal,Carnivore,Savanna,Tanzania,coastal aquarium & zoo,VU,Male,4.7,205.46,265.8,14,9.44,Healthy,Yes,299.29,24/01/2025
ZA-01356,Bottlenose Dolphin,Tursiops truncatus,Mammal,Piscivore,Ocean,USA,Safari Park North,LC,Male,15.6,N/A,na,40,unknown,healthy,Yes,147.08,2023-09-22
ZA-02862,Snow Leopard,Panthera uncia,  Mammal ,Carnivore,Mountain,Mongolia,Riverside Zoo,vulnerable,Female,8.4,38.09,122.9,15,1.62,Healthy,Yes,109.92 USD,2025-07-06
ZA-00317,Nile Crocodile,Crocodylus niloticus,Reptile,Carnivore,Wetland,Tanzania,Greenfield Sanctuary,Least Concern,M,31.1,unknown,465.8,70,-,Under Observation,Y,328.24 USD,2022-12-07
ZA-02198,hippopotamus,Hippopotamus amphibius,Mammal,Herbivore,N/A,Kenya,Safari Park North,Vulnerable,Male,22.7,2030.09,363.0,40,129.92,Healthy,Yes,$504.98,2023-04-28
ZA-02565,Snow Leopard,Panthera uncia,Mammal,  Carnivore ,Mountain,China,Metro City Zoo,Vulnerable,Male,6.4,43.39,136.0,15,1.52,Healthy,Yes,$83.10,2023-06-20
ZA-04641,Asian Elephant,Elephas maximus,Mammal,Herbivore,Forest,Sri Lanka,Metro City Zoo,Endangered,Female,10.0,2581920 g,474.6,60,N/A,Healthy,No,572.72,"August 14, 2022"
ZA-04928,Asian Elephant,Elephas maximus,Mammal,Herbivore,Forest,Thailand,Metro City Zoo,Endangered,Female,39.8,3125.98,525.4,60,199.01,Healthy,Yes,542.76,2023-03-27
ZA-01795,Tigar,Panthera tigris,Mammal,Carnivore,Forest,Russian Federation,Greenfield Sanctuary,EN,female,8.5,203.5,285.9,16,9.45,Injured,True,433.48 USD,2023-12-22
ZA-04794,Plains Zebra,Equus quagga,Mammal,Herbivore,Savanna,Kenya,Riverside Zoo,NT,M,18.9,403.04,247.7,25,26.8,Healthy,Yes,144.91,14/09/2023
ZA-04372,Komodo Dragon,Varanus komodoensis,Reptile,Carnivore,Forest,Indonesia,Highland Wildlife Reserve,EN,Male,20.2,74.3,256.5,30,1.68,Under Observation,Yes,$332.86,16/01/2025
ZA-00272,Brown Bear,Ursus arctos,Mammal,Omnivore,Forest,Russia,Riverside Zoo,LC,Male,7.2,280.8,203.4,25,11.61,Healthy,1,214.76,2023-07-25
ZA-00549,African Elephant,Loxodonta africana,Mammal,Herbivore,savanna,S. Africa,Safari Park North,VULNERABLE,Male,20.3,4608.73,656.3,60,306.74,Healthy,1,763.02,2024-04-25
ZA-01693,Polar Bear,Ursus maritimus,Mammal,Carnivore,Arctic,usa,  Safari Park North ,Vulnerable,Male,7.8,414.73,278.9,25,18.0,Injured,Yes,N/A,01-29-2022
ZA-03526,King Cobra,Ophiophagus hannah,Reptile,Carnivore,FOREST,Thailand,Highland Wildlife Reserve,VU,M,1.6,2620 g,294.9,20,0.11,Sick,No,121.91,2022-04-12
ZA-03013,Nile Crocodile,Crocodylus niloticus,Reptile,Carnivore,Wetland,Zambia,Coastal Aquarium & Zoo,LC,na,54.6,468.48,483.1,70,16.66,Healthy,Y,276.19,2025-05-04
ZA-04939,AXOLOTL,Ambystoma mexicanum,Amphibian,Carnivore,Wetland,Mexico,Highland Wildlife Reserve,CR,Male,8.7,0.21,25.7,12,0.01,Under Observation,Yes,109.99,16 Jul 2024
ZA-02391,Peacock,Pavo cristatus,Bird,Omnivore,Forest,Pakistan,Highland Wildlife Reserve ,LC,Female,7.0,4.51,187.5,20,0.19,Healthy,Yes,55.94,07-04-2022
ZA-03877,Sea Otter,Enhydra lutris,Mammal,Carnivore,Ocean,USA,Riverside Zoo,N/A,Male,2.6,16.5,104.3,15,0.56,Healthy,Yes,na,02-03-2022
ZA-00895,Grey Wolf,Canis lupus,Mammal,Carnivore,Forest,Canada,Greenfield Sanctuary,Least Concern,Female,4.5,39.89,133.0,8,na,Healthy,Yes,200.29,2025-08-11
ZA-02000,Giraffe,Giraffa camelopardalis,Mammal,Herbivore,Savanna,Kenya,Riverside Zoo,VU,Male,16.2,1080.63,451.3,25,77.91,Healthy,True,209.5,30/09/2024
ZA-02123,  Chimpanzee ,Pan troglodytes,Mammal,Omnivore,Forest,Uganda,Safari Park North,EN,F,5.3,28.26,72.7,40,1.35,Healthy,False,111.36,29 Dec 2022
ZA-04158,Cheetah,Acinonyx jubatus,Mammal,Carnivore,Savanna,Botswana,Safari Park North,Vulnerable,female,two,54.24,,12,1.8,Under Observation,1,257.03,2022-08-28
ZA-01248,Red Kangaroo,Osphranter rufus,Mammal,Herbivore,Desert,Australia,Metro City Zoo,LC,Male,3.2,59.01,133.0,15,3.08,Healthy,Yes,85.77,06/01/2023
ZA-01260,Grey Wolf,Canis lupus,Mammal,Carnivore,Forest,USA,NULL,LC,Female,N/A,28.69,120.1,8,1.26,HEALTHY,N,84.95,"March 26, 2022"
ZA-00810,Cheetah,Acinonyx jubatus,Mammal,  Carnivore ,Savanna,Kenya,Highland Wildlife Reserve,Vulnerable,M,9.5,None,145.3,12,2.21,Under Observation,Yes,166.44,2024-12-21
ZA-01050,POLAR BEAR,Ursus maritimus,Mammal,Carnivore,Arctic,Canada,Highland Wildlife Reserve,Vulnerable,Male,14.0,482.75 kg,255.4,25,20.02,Sick,No,395.97,2024-07-10
ZA-01879,Whale Shark,Rhincodon typus,Fish,Omnivore,Ocean,NULL,Riverside Zoo,Endangered,Female,27.5,6098.54,1003.4,70,222.79,Healthy,Yes,424.24,2023-03-08
ZA-02880,Clownfish,Amphiprion ocellaris,Fish,Omnivore,Ocean,Indonesia,Riverside Zoo,Least Concern,Female,7.0,0.02,8.2,8,0.0,Healthy,Yes,27.12,06-18-2025
ZA-00108,Orangutan,Pongo pygmaeus,Mammal,Omnivore,Forest,Indonesia,Highland Wildlife Reserve,critically endangered,F,21.4,200.4 lbs,106.3,35,4.56,Under Observation,No,414.14,01/01/2023
ZA-00674,NILE CROCODILE,Crocodylus niloticus,Reptile,Carnivore,Wetland ,None,Riverside Zoo,least concern,Female,45.7,375.02,463.7,70,N/A,Healthy,No,,2025-06-01
ZA-04603,Asian Elephant,Elephas maximus,Mammal,Herbivore,Forest,Thailand,Coastal Aquarium & Zoo,EN,F,37.2,3574.52,519.9,60,195.13,Healthy,Yes,618.81 USD,None
ZA-04953,Hippopotamus,Hippopotamus amphibius,Mammal,Herbivore,Wetland,Kenya,Metro City Zoo,Vulnerable,Male,26.0,1585.9,342.7,40,89.43,Healthy,No,$460.55,06-06-2022
ZA-01533,Galapagos Tortoise,Chelonoidis niger,Reptile,Herbivore,Island,Ecuador,Coastal Aquarium & Zoo,VU,Female,39.4,220.57,unknown,100,11.22,Healthy,Yes,127.77,03-20-2024
ZA-01856,Ostrich,Struthio camelus,Bird,Omnivore,Savanna,Kenya,Safari Park North,LC,Female,27.5,95.41 kg,205.1,40,5.02,Healthy,Yes,120.15,2025-01-09
ZA-00212,Red Kangaroo,Osphranter rufus,Mammal,Herbivore,Desert,Australia,Coastal Aquarium & Zoo,Least Concern,Female,2.3,46.91,133.3,15,2.78,Healthy,1,88.49,2024-04-12
ZA-03148,Snow Leopard,Panthera uncia,Mammal,Carnivore,Mountain,Pakistan,Coastal Aquarium & Zoo,VU,Female,11.4,35.02,125.0,15,1.29,Healthy,Yes,na,2024-03-01
ZA-02257,ASIAN ELEPHANT,Elephas maximus,Mammal,Herbivore,Forest,Sri Lanka,Metro City Zoo,EN,Male,12.7,2682.83 kg,518.6,60,154.93,Healthy,Yes,475.02,2024-12-31
ZA-02106,Tiger,Panthera tigris,Mammal,Carnivore,Forest,india,Riverside Zoo,Endangered,Female,3.2,192.75,261.1,16,9.03,Sick,Yes,251.39,06/04/2023
ZA-03269,Lion,Panthera leo,Mammal,Carnivore,Savanna,Kenya,Riverside Zoo,VU,male,2.9,175.22,237.6,14,6.25,Injured,No,388.58,2024-07-11
ZA-04912,Polar Bear,Ursus maritimus,Mammal,Carnivore,Arctic,Russia,Coastal Aquarium & Zoo,vulnerable,M,8.2,502.96,273.1,25,23.17,Sick,na,518.1,2022-07-09
ZA-01974,Chimpanzee,Pan troglodytes,Mammal,Omnivore,Forest,Tanzania,Riverside Zoo,endangered,Male,5.5,37.59,75.8,40,1.59,  Healthy ,Yes,unknown,2025-05-19
ZA-01502,Hippopotamus,Hippopotamus amphibius,Mammal,Herbivore,Wetland,Kenya,Highland Wildlife Reserve,VU,N/A,8.6,1076.48,311.8,40,-,Under Observation,Yes,688.37 USD,2023-01-18
ZA-04183,Snow Leopard,Panthera uncia,Mammal,Carnivore,Mountain,Pakistan,Riverside Zoo,Vulnerable,Female,10.1,42.01,131.5,15,1.44,Healthy,Yes,115.77,2022-06-05
ZA-00647,Whale Shark,Rhincodon typus,Fish,Omnivore ,Ocean,Australia,Riverside Zoo,ENDANGERED,M,46.7,7972.18,1040.1,70,305.0,Sick,Yes,1870.03,10/06/2022
ZA-03634,Nile Crocodile,Crocodylus niloticus,Reptile,Carnivore,Wetland,Tanzania,Safari Park North,Least Concern,MALE,28.6,402.97,469.5,70,14.78,Healthy,No,221.52 USD,2025-07-21
ZA-00772,Clownfish,Amphiprion ocellaris,Fish,Omnivore,Ocean,Indonesia,greenfield sanctuary,LC,Female,3.7,0.02,9.1,8,0.0,Healthy,Yes,49.69,2024-01-25
ZA-00704,Bottlenose Dolphin,tursiops truncatus,Mammal,Piscivore,Ocean,Mexico,Coastal Aquarium & Zoo,LC,Female,20.3,216.28,302.1,40,11.25,Injured,Yes,334.27,2025-09-02
ZA-03588,Emperor Penguin,Aptenodytes forsteri,Bird,Piscivore,Arctic,N/A,Metro City Zoo,Near Threatened,Male,14.5,29.83,120.2,20,1.69,Healthy,Yes,100.39,2022-06-19
ZA-01250,Red Kangaroo,Osphranter rufus,Mammal,Herbivore,Desert,Australia,Highland Wildlife Reserve,Least Concern,female,None,56.5,137.7,15,3.22,Healthy,False,118.38,2023-09-08
ZA-02473,Tiger,Panthera tigris,Mammal,Carnivore,Forest,Indonesia,Safari Park North,EN,Female,3.3,182.33 kg,239.3,16,7.69,Under Observation,Yes,204.33,2024-01-06
ZA-01861,African Elephant,Loxodonta africana,Mammal,Herbivore,Savanna,Tanzania,Riverside Zoo,VU,Male,6.4,2977.74,472.0,60,166.45,Under Observation,No,904.4,04/07/2025
ZA-00710,Giant Panda,Ailuropoda melanoleuca,Mammal,Herbivore,Forest,China,Riverside Zoo,vulnerable,Male,9.2,99.99,157.2,20,7.34,Injured,Yes,$283.61,14 Dec 2022
ZA-02673,Snow Leopard,Panthera uncia,Mammal,Carnivore,Mountain,China,Metro City Zoo,VU,Female,6.8,41.85,121.1 cm,15,2.1,Sick,Yes,240.91 USD,"June 09, 2023"
ZA-01462,Black Rhinoceros,Diceros bicornis,Mammal,Herbivore,Savanna,Namibia,Metro City Zoo,critically endangered,F,7.1,874.33,279.2,40,47.01,Injured,Yes,None,04/06/2023
ZA-01485,Cheetah,Acinonyx jubatus,Mammal,Carnivore,Savanna,-,metro city zoo,Vulnerable,Male,,60.95,129.8,12,2.9,Healthy,True,93.5,06-09-2023
ZA-02546,Plains Zebra,Equus quagga,Mammal,Herbivore,  Savanna ,Botswana,Highland Wildlife Reserve,NT,Male,9.5,338.46,239.2,25,,Healthy,True,$285.88,17 Feb 2022
ZA-00231,Cheetah,Acinonyx jubatus,Mammal ,  Carnivore ,Savanna,Kenya,  Coastal Aquarium & Zoo ,Vulnerable,Male,5.9,51.64,145.0,12,1.88,Injured,Yes,216.51,2025-03-13
ZA-01357,Axolotl,Ambystoma mexicanum,Amphibian,Carnivore,Wetland,Mexico,Coastal Aquarium & Zoo,Critically Endangered,F,7.7,-,24.1,12,0.01,Healthy,Yes,41.32,2023-01-27
ZA-03012,Emperor Penguin,Aptenodytes forsteri,Bird,Piscivore,Arctic,Antarctica,Metro City Zoo,Near Threatened,Male,None,11.9,74.5,20,0.68,Healthy,No,87.91,28 Mar 2022
ZA-00852,Polar Bear,Ursus maritimus,Mammal,CARNIVORE,Arctic,usa,Highland Wildlife Reserve,VU,Female,3.0,259.18,191.3,25,10.87,Injured,Yes,586.66,2023-05-13
ZA-01005,Plains Zebra,Equus quagga,Mammal,Herbivore,Savanna,Kenya,Safari Park North,Near Threatened,Male,8.0,420.88,240.7,25,26.43,Healthy,Yes,$184.46,2022-01-15
ZA-01997,African Elephant,Loxodonta africana,Mammal,Herbivore,Savanna,Botswana,Metro City Zoo,VU,Female,28.7,10501.0 lbs,527.9,60,204.49,Sick,,1390.77,16/05/2023
ZA-01835,Nile Crocodile,Crocodylus niloticus,Reptile,Carnivore,  Wetland ,Tanzania,Coastal Aquarium & Zoo,LC,Male,19.9,352.59,481.3,70,15.16,Healthy,True,167.38,2023-11-06
ZA-03974,Bald Eagle ,Haliaeetus leucocephalus,Bird,Carnivore,Forest,USA,Greenfield Sanctuary,Least Concern,Male,20.4,5.97,88.8,25,0.22,Healthy,No,46.33 USD,18/10/2023
ZA-01317,Red Kangaroo,Osphranter rufus,Mammal,Herbivore,Desert,Australia,Greenfield Sanctuary,least concern,Female,6.6,77.37,137.6,15,,Under Observation,Yes,242.08,2023-05-31
ZA-03328,Snow Leopard,panthera uncia,Mammal,Carnivore,Mountain,Mongolia,Riverside Zoo,VU,Male,4.0,,unknown,15,1.64,Healthy,No,104.32,10/11/2024
ZA-01624,Axolotl,Ambystoma mexicanum,Amphibian,Carnivore,Wetland,Mexico,Highland Wildlife Reserve,CR,Male,5.1,0.19,26.1,12,0.01,Healthy,True,36.38,2023-06-01
ZA-01481,Bottlenose Dolphin,Tursiops truncatus,Mammal,Piscivore,Ocean,Australia,Metro City Zoo,LC,female,33.7,165.92 kg,278.7,40,8.48,Healthy,True,$91.92,03-04-2025
ZA-03834,Clownfish,Amphiprion ocellaris,Fish,Omnivore,Ocean,Indonesia,Coastal Aquarium & Zoo,LC,Female,3.5,0.02,9.0,8,0.0,Under Observation,Yes,94.55,2022-09-19
ZA-01279,Galapagos Tortoise,Chelonoidis niger,Reptile,Herbivore,Island,Ecuador,Metro City Zoo,Vulnerable,Female,54.2,221.80 kg,113.0 cm,100,11.69,Healthy,Yes,85.32,2023-06-15
ZA-03081,Plains Zebra,Equus quagga,Mammal,Herbivore,Savanna,Botswana,Coastal Aquarium & Zoo,NT,Female,8.2,-,215.7,25,20.38,None,Yes,189.62 USD,2024-03-10
ZA-01824,Emperor Penguin,Aptenodytes forsteri,Bird,Piscivore,Arctic,Antarctica,Greenfield Sanctuary,NT,M,na,27.97 kg,127.2 cm,20,None,Healthy,-,59.4,2023-08-10
ZA-01054,Bald Eagle,Haliaeetus leucocephalus,Bird,Carnivore,Forest,USA,Riverside Zoo,least concern,M,18.6,4.14 kg,87.6,25,0.16,Injured,1,148.17,26/09/2023
ZA-04146,Tiger,Panthera tigris,Mammal,Carnivore,Forest,Russia,Riverside Zoo,Endangered,Female,12.6,228.19,279.0,16,8.05,Healthy,Yes,na,2025-06-07
ZA-00476,Plains Zebra,Equus quagga,Mammal,Herbivore,Savanna,Kenya,Coastal Aquarium & Zoo,near threatened,Male,17.1,413.11,243.2,25,21.56,Under Observation,Yes,371.67,2024-12-11
ZA-02283,Lion,Panthera leo,Mammal ,Carnivore,Savanna,South Africa,Coastal Aquarium & Zoo,VULNERABLE,Male,,na,272.0,14,8.35,Healthy,No,167.2,2023-06-16
ZA-03712,Red Kangaroo,Osphranter rufus,Mammal,Herbivore,Desert,Australia,Coastal Aquarium & Zoo,Least Concern,FEMALE,3.4,54.32,144.4,15,3.32,UNDER OBSERVATION,Yes,148.69,2024-03-17
ZA-03147,King Cobra,Ophiophagus hannah,  Reptile ,Carnivore,NULL,IND,Highland Wildlife Reserve,VU,Male,9.6,6.35,439.7,20,0.28,Sick,True,111.67,"November 30, 2022"
ZA-00336,Great White Shark,Carcharodon carcharias,Fish ,Carnivore,Ocean,USA,Coastal Aquarium & Zoo,VU,Male,6.9,525.93,353.4,70,22.8,Healthy,Yes,$339.96,03-22-2024
ZA-02618,Tigr,Panthera tigris,Mammal,Carnivore,N/A,Russian Federation,Greenfield Sanctuary,Endangered,F,6.6,229.56,268.1,-1,10.77,Sick,1,na,03-14-2025
ZA-03663,Flamingo,Phoenicopterus roseus,Bird,Omnivore,Wetland,India,Highland Wildlife Reserve,LC,MALE,18.6,3.54,128.5,30,0.18,Injured,Yes,92.0,28 Oct 2022
ZA-00089,Bald Eagle,Haliaeetus leucocephalus,Bird,Carnivore,Forest,USA,Coastal Aquarium & Zoo,Least Concern,Male,18.1 yrs,5.44 kg,84.8,25,unknown,Healthy,Yes,41.37,22/12/2024
ZA-00875,Whale Shark,Rhincodon typus,Fish,Omnivore,Ocean,Mexico,Metro City Zoo,Endangered,Female,21.4,7322.54,1004.6,70,403.92,Healthy,Y,702.63,26/12/2022
ZA-00544,Axolotl,Ambystoma mexicanum,Amphibian,Carnivore,Wetland,Mexico,Greenfield Sanctuary,Critically Endangered,Male,6.9,0.22,28.0,12,0.01,Healthy,1,27.81,2023-07-17
ZA-03001,Axolotl,ambystoma mexicanum,Amphibian,Carnivore,Wetland,Mexico,Greenfield Sanctuary,CR,Male,5.4,0.22,24.8,12,0.01,Healthy,1,41.2,2024-03-22
ZA-02761,koala,Phascolarctos cinereus,Mammal,Herbivore,Forest,Australia,Metro City Zoo,VU,Female,10.7,NULL,67.8,13,,Healthy,Yes,None,2022-05-07
ZA-02795,Emperor Penguin,Aptenodytes forsteri,Bird,Piscivore,Arctic,Antarctica,Highland Wildlife Reserve,Near Threatened,female,11.6,28180 g,121.5,20,NULL,Under Observation,Yes,$165.62,2022-10-05
ZA-01881,Giraffe,Giraffa camelopardalis,Mammal,Herbivore,Savanna,Kenya,Coastal Aquarium & Zoo,Vulnerable,Male,14.7,1078.89,455.6,25,59.07,Under Observation,Yes,439.63 USD,12-26-2022
ZA-02182,Chimpanzee,Pan troglodytes,Mammal,Omnivore,Forest,Uganda,Highland Wildlife Reserve,Endangered,Female,unknown,40.76,92.5,40,,Healthy,Yes,75.57,15/07/2023
ZA-00927,Cheetah,Acinonyx jubatus,Mammal,Carnivore,Savanna,Botswana,Riverside Zoo,VU,MALE,unknown,25.21,117.9,12,0.77,Healthy,Yes,84.23,31/03/2024
ZA-00320,Axolotl,Ambystoma mexicanum,Amphibian,Carnivore,Wetland,Mexico,Greenfield Sanctuary,CR,male,4.5,0.19,26.5,12,0.01,Healthy,Yes,42.76,2024-10-13
ZA-00879,Sea Otter,Enhydra lutris,Mammal,Carnivore,Ocean,Canada,Riverside Zoo,Endangered,Female,2.9,14.59,97.1,15,0.55,Under Observation,Yes,151.83,08-24-2025
ZA-03995,Gorrila,Gorilla gorilla,Mammal,Herbivore,Forest,Uganda,Riverside Zoo,Critically Endangered,MALE,14.4,165.69,193.5,35,11.27,Healthy,Yes,115.63,20/02/2022
ZA-03247,Chimpanzee,Pan troglodytes,Mammal,Omnivore,Forest,tanzania,Coastal Aquarium & Zoo,EN,Female,14.0,41.71,90.8,40,1.98,None,Yes,87.79,2022-08-23
ZA-03079,Giant Panda,Ailuropoda melanoleuca,Mammal,Herbivore,Forest,China,Coastal Aquarium & Zoo,VULNERABLE,Male,5.6,106.82,165.7,20,6.39,Sick,True,219.1,2022-02-24
ZA-03762,Plains Zebra,Equus quagga,Mammal,Herbivore,Savanna,Tanzania,Riverside Zoo,Near Threatened,female,7.8,265.65,231.1,25,18.9,Healthy,Yes,242.44,2022-04-24
ZA-04748,Snow Leopard,Panthera uncia,Mammal,Carnivore,Mountain,Mongolia,Highland Wildlife Reserve,vulnerable,female,4.9,34.93,130.2,15,1.25,Injured,Yes,351.51,2022-07-25
ZA-04235,Asian Elephant,Elephas maximus,Mammal,Herbivore,Forest,Thailand,Safari Park North,Endangered,Male,14.3,7437.2 lbs,557.6,60,208.99,Healthy,No,$689.72,2022-10-01
ZA-04260,Red Kangaroo,Osphranter rufus,Mammal,Herbivore,Desert,Australia,Greenfield Sanctuary,LC,Female,10.9,72.67,131.5,15,4.75,Healthy,Yes,170.83,08-18-2024
ZA-01619,Asian Elephant,Elephas maximus,Mammal,Herbivore,Forest,India,Highland Wildlife Reserve,ENDANGERED,F,20.1,4188.32,569.3,60,245.48,Healthy,1,608.49,2025-05-23
ZA-03727,PLAINS ZEBRA,Equus quagga,Mammal,Herbivore,Savanna,Botswana,Riverside Zoo,near threatened,male,15.2,722.6 lbs,233.8,25,23.7,Healthy,Y,202.83,24/03/2022
ZA-04995,Grey Wolf,Canis lupus,Mammal,Carnivore,Forest,Canada,Safari Park North,LC,Male,3.1,104.3 lbs,133.0,8,1.75,Healthy,Yes,169.36,06-05-2022
ZA-01046,Saltwater Crocodile,Crocodylus porosus,reptile,Carnivore,Wetland,Indonesia,Greenfield Sanctuary,least concern,Male,15.5,353.77,500.0,70,15.87,Healthy,Yes,151.81,2024-02-19
ZA-01751,Giraffe,Giraffa camelopardalis,Mammal,Herbivore,Savanna,Kenya,Greenfield Sanctuary,VU,Female,two,1326250 g,473.9,25,82.55,Healthy,NULL,None,2023-07-22
ZA-03879,Chimpanzee,Pan troglodytes,Mammal,Omnivore,Forest,Tanzania,Greenfield Sanctuary,EN,Female,11.6,109.9 lbs,89.7,40,N/A,Healthy,No,,29 Aug 2023
ZA-03918,Tigr,Panthera tigris,Mammal ,Carnivore,Forest,india,Riverside Zoo,EN,F,9.5,219.3,287.2,16,8.37,Healthy,Yes,104.58,12-24-2022
ZA-01044,Clownfish,Amphiprion ocellaris,fish,Omnivore,Ocean,Australia,Greenfield Sanctuary,LC,Male,4.1,0.03,9.2,8,0.0,Healthy,,74.39,2023-04-27
ZA-03011,Tiger,Panthera tigris,Mammal,Carnivore,Forest,India,Coastal Aquarium & Zoo,ENDANGERED,F,3.1,174.2,248.9,16,7.68,Healthy,True,102.45,"December 18, 2024"
ZA-03291,Giant Panda,Ailuropoda melanoleuca,Mammal,Herbivore,Forest,China,Highland Wildlife Reserve,Vulnerable,Male,16.3,115.03,163.9,20,8.3,Injured,No,314.92,2024-03-10
ZA-02065,Peacock,Pavo cristatus,Bird,Omnivore,Forest,Pakistan,Greenfield Sanctuary,LC,Male,9.0,5.63,215.0,20,0.25,Injured,True,170.87,06 Aug 2024
ZA-02965,Saltwater Crocodile,Crocodylus porosus,Reptile,Carnivore,Wetland,Australia,Metro City Zoo,Least Concern,Female,40.9,409.76,466.4,70,18.35,Healthy,True,236.49,2022-01-15
ZA-00642,African Elephant,Loxodonta africana,Mammal,Herbivore,Savanna,Tanzania,Riverside Zoo,Vulnerable,Male,18.0,4972.06,617.8,60,225.35,Healthy,Yes,573.6,2022-12-26
ZA-00138,Green Iguana,Iguana iguana,Reptile,Herbivore,Forest,Costa Rica,Metro City Zoo,LC,Female,9.0,N/A,146.0,15,0.28,Healthy,0,69.74,2022-04-08
ZA-00881,Galapagos Tortoise,Chelonoidis niger,Reptile,Herbivore,Island,Ecuador,Greenfield Sanctuary,VU,M,83.3,286.19,122.5,100,18.24,Healthy,Yes,132.5,2024-03-06
ZA-01977,Asian Elephant,Elephas maximus,Mammal,Herbivore,Forest,Thailand,Coastal Aquarium & Zoo,Endangered,Male,20.4,4398.12,563.1,60,269.55,Healthy,Yes,539.67,na
ZA-01582,Nile Crocodile,crocodylus niloticus,Reptile,Carnivore,Wetland,Kenya,Coastal Aquarium & Zoo,Least Concern,M,17.1,374.26,450.0 cm,70,18.64,Healthy,Yes,400.47,2025-07-22
ZA-01098,Asian Elephant,Elephas maximus,Mammal,Herbivore,Forest,India,Coastal Aquarium & Zoo,EN,Female,16.8,7523.8 lbs,519.4,60,192.47,Healthy,No,535.85,2024-11-18
ZA-04813,Leopard,Panthera pardus,Mammal,Carnivore,Forest,Kenya,Riverside Zoo,VU,Male,7.2,61.73,163.3,14,2.18,Healthy,Yes,136.73,2022-05-17
ZA-01393,Snow Leopard,Panthera uncia,Mammal,Carnivore,Mountain,Mongolia,Metro City Zoo,Vulnerable,Female,6.7,None,118.0,15,1.55,Healthy,Yes,$93.95,01-07-2023
ZA-02084,Black Rhinoceros,Diceros bicornis,Mammal,Herbivore,Savanna,Namibia,Greenfield Sanctuary,CRITICALLY ENDANGERED,Female,12.6,-,334.7,40,51.82,healthy,Yes,327.21,10/04/2025
ZA-01267,Flamingo ,Phoenicopterus roseus,Bird,Omnivore,wetland,Kenya,Riverside Zoo,LC,M,21.5,3.44,124.4,30,0.21,Healthy,False,64.27,2024-02-05
ZA-04232,Nile Crocodile,Crocodylus niloticus,reptile,Carnivore,Wetland,Tanzania,Highland Wildlife Reserve,LEAST CONCERN,F,43.2,356.25,467.1,70,16.25,Healthy,Yes,192.95,06/11/2022
ZA-02575,Koala,Phascolarctos cinereus,Mammal,Herbivore,Forest,Australia,Riverside Zoo,VU,Male,5.6,107.69999999999999,68.5,13,0.86,Healthy,Yes,65.39,01 Dec 2022
ZA-02136,Chimpanzee,Pan troglodytes,Mammal,Omnivore,FOREST,  Congo ,Metro City Zoo,ENDANGERED,Male,13.7,53.54,90.8,40,2.51,Healthy,No,81.72,2023-06-29
ZA-01504,Red Kangaroo,Osphranter rufus,Mammal,Herbivore,Desert,Australia,Metro City Zoo,Least Concern,male,12.9,na,N/A,15,4.99,Healthy,Yes,87.38,05/02/2025
ZA-03368,Koala,phascolarctos cinereus,Mammal,Herbivore,Forest,Australia,Safari Park North,Vulnerable,M,6.0,10.21,82.1,13,0.53,Healthy,N,57.66 USD,07-03-2025
ZA-03730,Great White Shark,Carcharodon carcharias,Fish,Carnivore,Ocean,USA,Metro City Zoo,VU,female,20.9,1041.59,N/A,70,,Healthy,na,232.79,12-25-2024
ZA-00149,Giant Panda,Ailuropoda melanoleuca,Mammal,Herbivore,Forest,china,Highland Wildlife Reserve,Vulnerable,Male,7.9,121.19,155.8,20,5.59,Sick,Yes,235.34,2023-05-27
ZA-00304,Nile Crocodile,Crocodylus niloticus,Reptile,Carnivore,Wetland,Kenya,Riverside Zoo,Least Concern,M,19.0,352.04,453.1,70,16.18,Sick,No,567.3,2022-07-13
ZA-01925,Lion,Panthera leo,Mammal,Carnivore,Savanna,Tanzania,Riverside Zoo,Vulnerable,Female,2.7,141.44,224.1,14,5.44,Healthy,Yes,N/A,2023-02-04
ZA-04916,King Cobra,Ophiophagus hannah,Reptile,Carnivore,Forest,,Greenfield Sanctuary,VU,female,2.2,3.63,314.0,20,0.16,Healthy,Yes,38.36,2023-08-10
ZA-02638,  Komodo Dragon ,Varanus komodoensis,Reptile,Carnivore,Forest,Indonesia,Safari Park North,Endangered,Male,13.4,89.82 kg,271.2,30,2.72,Healthy,1,140.06,2022-06-02
ZA-01905,Axolotl,Ambystoma mexicanum,Amphibian,Carnivore,Wetland,Mexico,Riverside Zoo,Critically Endangered,Male,2.1,na,21.9,12,0.01,NULL,Yes,102.77,2024-01-30
ZA-04803,Chimpanzee,Pan troglodytes,Mammal,OMNIVORE,Forest,Congo,Metro City Zoo,Endangered,Female,12.4,45.2,89.3,40,na,Healthy,Yes,68.24,2024-06-10
ZA-04295,Lion,Panthera leo,Mammal,Carnivore,N/A,Tanzania,Coastal Aquarium & Zoo,Vulnerable,Male,6.9,243.45,257.8,14,11.78,Healthy,NULL,197.0,06-30-2022
ZA-03843,Red Kangaroo,Osphranter rufus,Mammal,Herbivore,Desert,Australia,Metro City Zoo,LC,Female,10.1,76.14,137.0,15,4.26,Healthy,Y,145.44,30/08/2024
ZA-04569,Whale Shark,Rhincodon typus,Fish,Omnivore,Ocean,Mexico,Metro City Zoo,EN,FEMALE,32.2,8196.42,952.0,70,395.12,Healthy,True,811.66,2024-07-23
ZA-01769,Tigr,Panthera tigris,Mammal,Carnivore,Forest,India,Highland Wildlife Reserve,Endangered,Male,5.9,322.58,309.0,16,10.98,Healthy,No,166.67,01-13-2024
ZA-02876,Polar Bear,ursus maritimus,Mammal,Carnivore,Arctic,USA,Coastal Aquarium & Zoo,VU,M,9.4,470.68,259.5,25,16.2,Healthy,Yes,192.90 USD,2024-09-03
ZA-02241,Cheeta,Acinonyx jubatus,Mammal,CARNIVORE,Savanna,Botswana,None,VU,Male,4.1,48.35,134.5,12,1.7,Healthy,Yes,70.9,28/04/2025
ZA-02683,Chimpanzee,Pan troglodytes,Mammal,Omnivore,-,Congo,Riverside Zoo,EN,Male,20.2,58.43 kg,94.1,40,2.71,Under Observation,Yes,217.37,2024-01-14
ZA-00484,Leopard,Panthera pardus,Mammal,Carnivore,Forest,S. Africa,Highland Wildlife Reserve,VU,Female,4.6,53.23,155.3,14,NULL,Healthy,Yes,148.5,2022-04-05
ZA-01281,RED KANGAROO,Osphranter rufus,Mammal,Herbivore,Desert,Australia,Metro City Zoo,LC,Female,9.1,69.22,None,15,4.45,Under Observation,1,236.14,None
ZA-03681,Bottlenose Dolphin,Tursiops truncatus,Mammal,Piscivore,Ocean,Australia,Coastal Aquarium & Zoo,LC,Female,7.9,140.89,256.6,40,9.08,Injured,Y,$305.00,05-31-2025
ZA-00792,Gorilla,Gorilla gorilla,Mammal,Herbivore,Forest,Uganda,Coastal Aquarium & Zoo,Critically Endangered,Female,19.4,162.21,172.5,35,8.71,Sick,Yes,314.41,14 Oct 2024
ZA-01202,Hippopotamus,Hippopotamus amphibius,Mammal,Herbivore,Wetland,Tanzania,Safari Park North,Vulnerable,Female,6.4,1054.18,293.4,40,,Healthy,Y,374.33 USD,2025-06-15
ZA-03913,Peacock,Pavo cristatus,Bird,Omnivore,Forest,Sri Lanka,Coastal Aquarium & Zoo,LC,Female,8.8,5.01,208.7,20,0.2,Healthy,Yes,84.48,2022-07-08
ZA-02363,Green Iguana,Iguana iguana,Reptile,Herbivore,Forest,mexico,Riverside Zoo,least concern,Male,3.4,10.6 lbs,unknown,15,0.32,Healthy,Yes,53.24,2022-08-27
ZA-03070,Girafe,Giraffa camelopardalis,Mammal,Herbivore,Savanna,Namibia,Highland Wildlife Reserve,Vulnerable,Female,12.3,1222.82,429.3,25,62.02,Healthy,Yes,254.33,2023-01-23
ZA-03430,Orangutan,Pongo pygmaeus,Mammal,Omnivore,Forest,Indonesia,Riverside Zoo,Critically Endangered,M,30.9,85.29,111.2,35,4.14,Healthy,Yes,$92.84,15/11/2023
ZA-00326,Saltwater Crocodile,Crocodylus porosus,Reptile,Carnivore,Wetland,Indonesia,Riverside Zoo,Least Concern,Male,20.9,545.48,509.9,70,24.95,Healthy,Yes,464.03,2024-11-16
ZA-04983,Emperor Penguin,Aptenodytes forsteri,Bird,piscivore,Arctic,Antarctica,Highland Wildlife Reserve,Near Threatened,Male,17.5,27.6,126.2,20,1.31,Under Observation,No,178.96,31/01/2024
ZA-02592,Green Iguana,Iguana iguana,Reptile,HERBIVORE,Forest,Brazil,Greenfield Sanctuary,LC,Male,na,6.07,160.8,15,0.42,Sick,Yes,137.85,2022-02-26
ZA-02711,Komodo Dragon,Varanus komodoensis,Reptile,Carnivore,Forest,Indonesia,Riverside Zoo,EN,Male,9.7,62.8,248.1,30,2.73,Under Observation,Yes,245.41,2022-11-18
ZA-01530,Gorilla,Gorilla gorilla,Mammal,Herbivore,Forest,Congo,Safari Park North,CR,Female,19.5,304.9 lbs,183.5,35,8.61,Healthy,1,$139.36,2022-04-14
ZA-02810,Black Rhinoceros,diceros bicornis,Mammal,Herbivore,Savanna,Kenya,Riverside Zoo,Critically Endangered,Male,999.0,1380.17,386.8,40,83.1,Under Observation,Yes,826.62 USD,2022-12-16
ZA-00686,Polar Bear,Ursus maritimus,Mammal,Carnivore,Arctic,USA,Coastal Aquarium & Zoo,VU,Male,3.2,248.05,213.6,25,10.83,Injured,NULL,$385.13,25/09/2022
ZA-01552,Great White Shark,Carcharodon carcharias,Fish,Carnivore,OCEAN,Australia,Metro City Zoo,Vulnerable,MALE,23.7,1094.16,453.3,70,unknown,Healthy,Yes,378.78,2022-04-05
ZA-04256,Orangutan,Pongo pygmaeus,Mammal,Omnivore,Forest,Malaysia,Riverside Zoo,Critically Endangered,Female,24.9,62.79,98.4,35,2.77,Healthy,Yes,113.8,2024-02-15
ZA-03872,King Cobra,Ophiophagus hannah,Reptile,Carnivore,Forest,India,Safari Park North,Vulnerable,female,3.9,3.32,369.5,20,NULL,Under Observation ,No,53.85,09-21-2024
ZA-00561,Saltwater Crocodile,Crocodylus porosus,Reptile,Carnivore,N/A,India,Greenfield Sanctuary,Least Concern,Female,26.9,441.96,435.6,0,21.73,Healthy,Yes,297.27 USD,06-12-2023
ZA-02251,Peacock,Pavo cristatus,Bird,Omnivore,Forest,Pakistan,coastal aquarium & zoo,LC,Female,4.9,4.92,187.5,-1,0.2,Healthy,No,62.16,10-21-2024
ZA-04822,Giant Panda,Ailuropoda melanoleuca,Mammal,Herbivore,Forest,China,Safari Park North,Vulnerable,Male,14.4,111.61,147.0,20,unknown,Healthy,Yes,168.4,23 Apr 2022
ZA-03501,SEA OTTER,Enhydra lutris,mammal,Carnivore,Ocean,Russia,Safari Park North,EN,female,3.8,14.88,115.4,15,0.55,Injured,No,165.86,27/01/2024
ZA-02690,African Elephant,Loxodonta africana,Mammal,Herbivore,Savanna,South Africa,Riverside Zoo,Vulnerable,F,36.4,3721.63,562.6,60,231.46,Healthy,True,805.22,None
ZA-04209,Nile Crocodile,Crocodylus niloticus,Reptile,Carnivore,Wetland,Tanzania,Metro City Zoo,LC,Female,35.0,400.82,435.9,70,19.48,Healthy,Yes,146.7,2024-07-29
ZA-02722,Tiger,Panthera tigris,Mammal,Carnivore,Forest,Indonesia,Metro City Zoo,Endangered,Male,6.5,252.17,310.8,16,,Under Observation,1,337.09,04-05-2023
ZA-03380,King Cobra,Ophiophagus hannah,Reptile,Carnivore,Forest,India,Coastal Aquarium & Zoo,VU,Female,11.2,4.66,unknown,20,0.19,Healthy,Yes,50.81,07-03-2023
ZA-03194,Cheetah,Acinonyx jubatus,MAMMAL,Carnivore,Savanna,Kenya,Coastal Aquarium & Zoo,VU,Female,5.4,46.03,124.0,12,2.18,Healthy,Yes,157.03,2025-05-26
ZA-01447,Red Kangaroo,osphranter rufus,Mammal,Herbivore,Desert,Australia,Greenfield Sanctuary,Least Concern,na,na,57.59,134.2,15,3.36,Under Observation,No,$192.19,2022-06-01
ZA-01953,Lion,Panthera leo,Mammal,Carnivore,Savanna,Tanzania,Greenfield Sanctuary,vulnerable,Male,0.8,82.99 kg,178.2,14,3.45,Under Observation,1,304.58,10-15-2022
ZA-00923,Leopard,Panthera pardus,Mammal,Carnivore ,Forest,-,Coastal Aquarium & Zoo,VU,Female,4.5,61.2,170.1,14,2.58,Healthy,Yes,na,2022-02-08
ZA-01625,Galapagos Tortoise,Chelonoidis niger,Reptile,Herbivore,Island,ECUADOR,Safari Park North,VU,F,64.0,233.88,112.8,100,14.36,injured,-,322.44,15 Sep 2024
ZA-00311,  Cheetah ,Acinonyx jubatus,Mammal,Carnivore,Savanna,Kenya,Safari Park North,VU,Female,4.0,44.3,138.7,12,2.32,Sick,Yes,131.06,2022-09-08
ZA-01320,Ostrich,Struthio camelus,Bird,Omnivore,Savanna,Namibia,Highland Wildlife Reserve,least concern,Female,15.0,108.17,210.3,40,6.27,Healthy,Yes,,12-29-2024
ZA-03532,Giraffe,Giraffa camelopardalis,Mammal,Herbivore,Savanna,Namibia,Riverside Zoo,Vulnerable,Female,8.2,922.3,403.3,25,57.26,Healthy,unknown,363.18,18/05/2023
ZA-01664,Red Kangaroo,Osphranter rufus,  Mammal ,Herbivore,Desert,Australia,Safari Park North,LC,Male,3.7,75.47,137.0,15,5.4,Injured,Y,260.65,2025-04-20
ZA-00816,Komodo Dragon,Varanus komodoensis,Reptile,Carnivore,Forest,Indonesia,Coastal Aquarium & Zoo,Endangered,Female,,62.24,246.4,30,2.84,Sick,Yes,$191.51,2022-03-06
ZA-04672,Golden Eagle,Aquila chrysaetos,Bird,Carnivore,Mountain,Mongolia,Highland Wildlife Reserve,Least Concern,Male,8.6,4.84 kg,89.8,25,0.24,Under Observation,Yes,85.3,2023-10-17
ZA-02267,Chimpanzee,Pan troglodytes,Mammal,Omnivore,Forest,Uganda,None,Endangered,Female,16.6,43.96,89.1,40,1.58,None,Y,101.37,2024-10-14
ZA-01474,Red-eyed Tree Frog,Agalychnis callidryas,amphibian,Insectivore,Forest,Costa Rica,Safari Park North,LC,Female,unknown,0.01,6.7,5,,Healthy,Yes,58.22 USD,2024-05-03
ZA-01774,Green Sea Turtle,Chelonia mydas,Reptile,Herbivore,Ocean,Australia,Greenfield Sanctuary,endangered,Female,3.4,44.62,64.6,80,2.19,Healthy,N/A,124.66,09-27-2024
ZA-04761,Grey Wolf,Canis lupus,Mammal,carnivore,Forest,Russia,Safari Park North,Least Concern,Female,3.5,47.63,123.9,8,1.99,Sick,True,210.06,03/11/2024
ZA-01094,Whale Shark,Rhincodon typus,Fish,Omnivore,Ocean,Mexico,Greenfield Sanctuary,Endangered,Male,-,7943.6,1064.6,70,253.81,Healthy,No,650.01,01-09-2024
ZA-04177,Lion,Panthera leo,MAMMAL,Carnivore,Savanna,Kenya,Riverside Zoo,vulnerable,MALE,,173.88,258.6,14,6.73,Healthy,Yes,,2022-07-12
ZA-01951,Flamingoe,phoenicopterus roseus,Bird,Omnivore,Wetland,IND,Greenfield Sanctuary,least concern,Female,10.9,2.6,106.6,30,0.12,Healthy,Yes,59.88,unknown
ZA-03885,Bald Eagle,Haliaeetus leucocephalus,Bird,Carnivore,Forest,Canada,Metro City Zoo,LEAST CONCERN,Male,9.5,5.06,79.7,25,0.2,Healthy,Yes,78.61,2022-10-29
ZA-04655,Ostrich,Struthio camelus,Bird,Omnivore,Savanna,South Africa,Coastal Aquarium & Zoo,Least Concern,Male,28.0,112.21,217.0,40,5.01,Injured,No,433.62,N/A
ZA-04821,Green Iguana,Iguana iguana,Reptile,Herbivore,Forest,brazil,Riverside Zoo,Least Concern,Female,8.2,,150.1,15,0.22,Healthy,Yes,40.98,30 Dec 2024
ZA-02801,CHIMPANZEE,Pan troglodytes,Mammal,Omnivore,Forest,DRC,HIGHLAND WILDLIFE RESERVE,endangered,Female,20.7,55.33,88.1,40,2.73,Healthy,N/A,93.79,09-07-2022
ZA-01240,Hippopotamus,Hippopotamus amphibius,Mammal,Herbivore,Wetland,Zambia,Highland Wildlife Reserve,Vulnerable,male,17.3,1689.02,386.0,40,87.0,healthy,Yes,462.58,N/A
ZA-00330,SALTWATER CROCODILE,Crocodylus porosus,Reptile,Carnivore,  Wetland ,Australia,Riverside Zoo,LC,Male,17.0,365.04,458.4,70,13.89,Healthy,No,166.82,2022-06-12
ZA-03103,Lion,Panthera leo,Mammal,Carnivore,Savanna,South Africa,coastal aquarium & zoo,Vulnerable,MALE,12.6,165.11,274.0,14,6.5,Healthy,Yes,$133.12,2022-08-14
ZA-00243,Polar Bear,Ursus maritimus,  Mammal ,Carnivore,Arctic,United States,Highland Wildlife Reserve,Vulnerable,Female,16.9,406.53,235.3,25,16.45,Healthy,Yes,231.02,07-29-2024
ZA-04830,Chimpanzee,Pan troglodytes,Mammal,Omnivore,Forest,Uganda,Riverside Zoo,EN,Female,7.2,35.24,77.5,40,1.58,Healthy,No,88.82 USD,03-21-2022
ZA-02258,African Elephant,Loxodonta africana,Mammal,Herbivore,Savanna,Tanzania,Safari Park North,Vulnerable,Female,40.9,4204.24,608.1,60,288.36,Healthy,Yes,na,11 Jun 2025
ZA-02819,Red Kangaroo,Osphranter rufus,Mammal,Herbivore,Desert,-,Safari Park North,least concern,male,5.2,86.44 kg,140.9,15,4.24,Healthy,Yes,135.77,03-21-2023
ZA-03825,Plains Zebra,Equus quagga,Mammal,Herbivore,Savanna,Kenya,Coastal Aquarium & Zoo,NT,Female,12.5,312.87,204.1,25,22.57,Sick,Yes,271.74,"February 22, 2023"
ZA-00754,Asian Elephant,Elephas maximus,Mammal,Herbivore,Forest,Sri Lanka,Metro City Zoo,Endangered,female,10.7,None,480.6 cm,60,112.89,Injured,Yes,,2024-09-04
ZA-04532,Cheetah,Acinonyx jubatus,Mammal,Carnivore,Savanna,Namibia,Metro City Zoo,VU,Male,2.1,32.91,117.4,12,,Under Observation,Yes,160.16,"March 19, 2025"
ZA-01564,Brown Bear,Ursus arctos,Mammal,Omnivore,Forest,Canada,Safari Park North,least concern,Female,8.6,252.01,204.5,25,7.54,Healthy,No,na,2023-11-03
ZA-01935,Grey Wolf,Canis lupus,Mammal,Carnivore,Forest,USA,Metro City Zoo,least concern,Male,3.3,102.2 lbs,na,8,1.27,Sick,Y,189.54,2023-12-25
ZA-04944,Giraffe,Giraffa camelopardalis,Mammal,Herbivore,Savanna,Namibia,Safari Park North,Vulnerable,male,10.1,1548.21,456.8,25,88.36,Healthy,Yes,$390.47,2023-10-19
ZA-03494,Scarlet Macaw,Ara macao,Bird,Herbivore,Forest,Costa Rica,Metro City Zoo,LC,female,27.8,0.88,76.3,50,0.04,Healthy,1,59.04,04/01/2023
ZA-03023,Green Iguana,Iguana iguana,Reptile,Herbivore ,Forest,Mexico,COASTAL AQUARIUM & ZOO,Least Concern,M,10.7,5.68,na,15,0.39,Sick,Y,155.44,2022-08-20
ZA-02649,Bottlenose Dolphin,Tursiops truncatus,Mammal,Piscivore,Ocean,USA,Greenfield Sanctuary,LC,F,7.3,113.52,254.5,40,5.17,Injured,Yes,419.85 USD,"July 23, 2022"
ZA-01857,Giant Panda,Ailuropoda melanoleuca,Mammal,Herbivore,Forest,China,Safari Park North,vulnerable,F,14.5,97.44,145.6,20,5.54,Healthy,Yes,143.49,2022-12-23
ZA-03564,Great White Shark,Carcharodon carcharias,Fish,Carnivore,Ocean,Australia,Greenfield Sanctuary,VU,Male,21.0,1247.77,na,70,48.16,Healthy,Yes,355.46,2023-03-13
ZA-01965,Green Iguana,Iguana iguana,Reptile,Herbivore,Forest,Brazil,Coastal Aquarium & Zoo,LC,Female,7.1,4.68,148.0,15,0.31,Healthy,Yes,60.29,02-23-2025
ZA-01014,Giraffe,Giraffa camelopardalis,Mammal,Herbivore,savanna,Kenya,Coastal Aquarium & Zoo,vulnerable,Female,9.0 yrs,1264.06 kg,481.3,25,59.12,Healthy,Yes,416.85,2023-08-13
ZA-01428,Peacock,Pavo cristatus,Bird,Omnivore,Forest,Sri Lanka,Riverside Zoo,Least Concern,Male,NULL,2.31,151.6,20,N/A,Under Observation,No,76.8,28/08/2024
ZA-03323,Golden Eagle,Aquila chrysaetos,Bird,Carnivore,Mountain,  USA ,Riverside Zoo,Least Concern,Male,7.5,5.3,93.9,25,0.19,Healthy,Yes,40.19,2024-02-22
ZA-01296,Cheetah,acinonyx jubatus,Mammal,Carnivore,Savanna,Kenya,Greenfield Sanctuary,VU,F,6.2,43.98,137.8,12,,Healthy,Yes,154.52,2024-01-29
ZA-00467,Galapagos Tortoise,Chelonoidis niger,Reptile,Herbivore,Island,Ecuador,Greenfield Sanctuary,Vulnerable,unknown,42.9,232.53,130.1,100,10.03,Healthy,Yes,106.64,2025-03-05
ZA-04029,Cheetah,Acinonyx jubatus,Mammal,Carnivore,savanna,Namibia,Greenfield Sanctuary,Vulnerable,Male,4.2,64.1,142.8,12,2.51,Healthy,Yes,96.4,10/05/2023
ZA-00175,Komodo Dragon,Varanus komodoensis,REPTILE,Carnivore,Forest,Indonesia,Coastal Aquarium & Zoo,Endangered,female,16.2,70.15,234.1,30,,Healthy,1,93.97,03-27-2023
ZA-00278,  Giraffe ,Giraffa camelopardalis,Mammal,Herbivore,Savanna,Kenya,Safari Park North,VU,Female,5.7,1199.45,446.3,25,87.5,Healthy,Yes,$334.84,08/03/2025
ZA-01070,Snow Leopard,Panthera uncia,Mammal,Carnivore,Mountain,China,Safari Park North,VU,Male,6.9,46.54,133.3,15,1.85,Healthy,Yes,59.83 USD,2024-10-17
ZA-01549,Chetah,Acinonyx jubatus,Mammal,Carnivore,Savanna,Namibia,Coastal Aquarium & Zoo,vulnerable,Female,8.9,51600 g,122.4,12,1.66,Healthy,Yes,136.84,2024-02-16
ZA-01025,Whale Shark,Rhincodon typus,Fish,Omnivore,Ocean,Pakistan,Greenfield Sanctuary,EN,female,34.8,na,944.2,70,332.77,Healthy,Yes,N/A,2024-09-13
ZA-02835,Grey Wolf,canis lupus,Mammal,Carnivore,Forest,USA,Metro City Zoo,Least Concern,Female,4.4,33.35,124.8,8,1.32,Sick,Y,142.22,2024-08-11
ZA-01467,Red Kangaroo,Osphranter rufus,Mammal,Herbivore,Desert,Australia,Riverside Zoo,LC,Male,4.4,138.6 lbs,139.8,15,4.79,Healthy,na,123.89,2023-02-12
ZA-01714,Hippopotamus,Hippopotamus amphibius,Mammal,Herbivore,Wetland,Kenya,Safari Park North,VULNERABLE,F,33.1,1312.38,322.4,40,86.73,Healthy,Yes,357.0,09-12-2022
ZA-03425,Nile Crocodile,Crocodylus niloticus,Reptile,Carnivore,Wetland,Zambia,Riverside Zoo,Least Concern,Female,43.1,423.76,395.1,70,13.57,Healthy,No,204.94,2023-07-29
ZA-02612,Green Sea Turtle,Chelonia mydas,Reptile,Herbivore,ocean,Australia,Greenfield Sanctuary,EN,Female,10.8,92.07,89.0,80,5.66,Sick,No,340.92,2022-10-21
ZA-00389,Nile Crocodile,Crocodylus niloticus,Reptile,Carnivore,Wetland,Kenya,Highland Wildlife Reserve ,Least Concern,female,45.2,372.02,479.8,70,13.59,Healthy,Yes,360.27,02-15-2022
ZA-02071,Bottlenose Dolphin,Tursiops truncatus,Mammal,Piscivore,Ocean,Australia,Riverside Zoo,LC,Female,24.5,175.1,301.7,40,7.28,Injured,1,366.69,2024-08-15
ZA-03971,Cheetah,Acinonyx jubatus,Mammal,Carnivore,Savanna,Kenya,Highland Wildlife Reserve,VU,Male,10.8,47.78,128.8,12,1.87,injured,True,None,"March 30, 2023"
ZA-03496,Brown Bear,Ursus arctos,Mammal,Omnivore,Forest,USA,Safari Park North,Least Concern,FEMALE,9.7,641.7 lbs,188.2,25,10.95,Healthy,Yes,165.42,11/05/2022
ZA-02822,  Plains Zebra ,Equus quagga,Mammal,Herbivore,Savanna,Kenya,Safari Park North,NEAR THREATENED,Male,5.0,359.24,233.8,25,20.75,Healthy,Yes,214.78,2024-06-27
ZA-01425,Flamingo,Phoenicopterus roseus,Bird,Omnivore,Wetland,INDIA,Metro City Zoo,LC,Male,21.0,NULL,124.4,30,0.2,Sick,Yes,98.24 USD,2025-04-05
ZA-03543,Komodo Dragon,Varanus komodoensis,Reptile,Carnivore,Forest,Indonesia,Metro City Zoo,EN,Male,21.8,60.96 kg,248.5,30,2.26,Under Observation,True,154.19,"January 26, 2025"
ZA-04134,Nile Crocodile,Crocodylus niloticus,Reptile,Carnivore,Wetland,Tanzania,Riverside Zoo,Least Concern,Female,32.1,405.99,454.4,70,15.49,Healthy,Yes,$215.04,2022-04-10
ZA-03575,Scarlet Macaw,Ara macao,Bird,Herbivore,Forest,Costa Rica,Coastal Aquarium & Zoo,LC,Female,27.9,1.03,86.7,50,0.07,Healthy,No,36.94,2023-08-08
ZA-00051,Scarlet Macaw,Ara macao,Bird,Herbivore,Forest,Costa Rica,Greenfield Sanctuary,Least Concern,Female,31.3,0.88,82.2,50,0.08,Healthy,Yes,52.93,"April 11, 2025"
ZA-01888,African Elephant,Loxodonta africana,Mammal,Herbivore,Savanna,Kenya,Safari Park North,VU,Female,NULL,3405.52,590.3,60,210.85,Sick,Yes,906.89,2023-08-24
ZA-03696,Polar Bear,Ursus maritimus,Mammal,Carnivore,Arctic,Russia,Metro City Zoo,VU,None,9.2,412.6,236.2,25,15.33,Healthy ,No,281.49,2023-06-29
ZA-04230,Clownfish,Amphiprion ocellaris,Fish,Omnivore,  Ocean ,Australia,Riverside Zoo,LC,unknown,1.8,0.02,8.3,8,0.0,Healthy,Yes,$57.78,01/04/2023
ZA-00483,Golden Eagle,Aquila chrysaetos,Bird,Carnivore,Mountain,Mongolia,Metro City Zoo,LC,F,,6.37,na,25,0.27,Healthy,No,69.28,03-03-2024
ZA-03394,Lion,Panthera leo,Mammal,Carnivore ,Savanna,Kenya,Coastal Aquarium & Zoo,VU,Female,4.7,178.48,247.1,14,6.79,Healthy,Yes,127.23,2024-12-27
ZA-02252,Golden Eagle,Aquila chrysaetos,Bird,Carnivore,Mountain,Pakistan,Safari Park North,LC,Female,10.0,5.47,81.7,25,0.17,Healthy,Yes,75.59,None
ZA-04163,Golden Eagle,Aquila chrysaetos,Bird,Carnivore,Mountain,Pakistan,Greenfield Sanctuary,LC,Male,2.2,2.68 kg,64.4,25,0.12,  Healthy ,Yes,56.37,2022-11-16
ZA-02314,Chimpanzee,Pan troglodytes,Mammal,Omnivore,Forest,Tanzania,Metro City Zoo,EN,M,10.4,52.28,92.9,40,2.93,Healthy,No,189.54,11/01/2022
ZA-02850,Snow Leopard,Panthera uncia,Mammal,Carnivore,Mountain,Pakistan,Greenfield Sanctuary,VU,Female,unknown,39.89,131.0,15,1.47,Healthy,Yes,102.07,15 May 2023
ZA-03104,Green Sea Turtle,Chelonia mydas,  Reptile ,Herbivore,Ocean,Pakistan,Greenfield Sanctuary,Endangered,Male,32.0,1809.7,104.2,80,11.67,Healthy,Yes,192.26,04 Aug 2025
ZA-04128,Sea Otter,Enhydra lutris,Mammal,Carnivore,Ocean,US,Riverside Zoo,EN,Male,9.5,None,120.9,15,1.1,Healthy,Yes,88.32,2025-03-04
ZA-03868,Sea Otter,Enhydra lutris,Mammal,Carnivore,Ocean,USA,Greenfield Sanctuary,EN,FEMALE,5.8,24.22,119.6,15,0.92,Healthy,Yes,$88.98,2024-11-26
ZA-02466,Great White Shark,Carcharodon carcharias,Fish,Carnivore,Ocean,South Africa,Safari Park North,Vulnerable,Male,30.0,1079.55,508.2,70,49.95,Healthy,Yes,516.61,05-23-2024
ZA-02930,Red Kangaroo,Osphranter rufus,MAMMAL,Herbivore,Desert,Australia,Metro City Zoo,Least Concern,Male,None,81.4,138.2,15,5.5,Healthy,True,122.39,13/06/2024
ZA-04107,Flamingo ,Phoenicopterus roseus,Bird,Omnivore,Wetland,India,Greenfield Sanctuary,LC,Female,8.0,2.87,108.9,30,0.13,Under Observation,Yes,93.84,02-08-2023
ZA-00065,Peacock,pavo cristatus,Bird,Omnivore,Forest,India,Highland Wildlife Reserve,LC,Female,4.2,5.17,168.0,20,0.19,Under Observation,Yes,$138.57,2024-01-26
ZA-04887,Koala,Phascolarctos cinereus,Mammal,herbivore,Forest,Australia,Metro City Zoo,VU,male,2.1,7.42 kg,67.1,13,0.51,Under Observation,Yes,113.2,2025-08-05
ZA-00777,Sea Otter,Enhydra lutris,Mammal,Carnivore,Ocean,Canada,Coastal Aquarium & Zoo,EN,Male,2.3,20.02,102.6,15,0.67,Healthy,Yes,92.74,05-11-2022
ZA-04174,Bald Eagle,Haliaeetus leucocephalus,Bird,Carnivore,Forest,usa,Highland Wildlife Reserve,Least Concern,Male,11.0,5.56,79.3,25,0.18,Healthy,Yes,61.49,2025-08-25
ZA-04588,Grey Wolf,Canis lupus,Mammal,Carnivore,Forest,Canada,Safari Park North,least concern,Male,None,43.95,137.4,8,na,Healthy,Y,113.86,05-21-2023
ZA-02735,Hippopotamus,Hippopotamus amphibius,Mammal,Herbivore,Wetland,Zambia,Metro City Zoo,-,Male,9.5,1386.52,329.6,40,90.46,Healthy,True,343.1,10-18-2023
ZA-02581,Whale Shark,Rhincodon typus,Fish,Omnivore,Ocean,Mexico,Riverside Zoo,Endangered,M,26.0,10783.42,1000.2,500,680.52,Under Observation,Yes,3120.99,2025-05-16
ZA-03484,Koala,phascolarctos cinereus,Mammal,Herbivore,Forest,Australia,Metro City Zoo,VU,Female,0.6,3.57,43.8,13,0.21,Sick,No,69.83 USD,2023-05-13
ZA-00764,Leopard,Panthera pardus,Mammal,Carnivore,Forest,India,Greenfield Sanctuary,Vulnerable,Female,9.7,46.24 kg,164.0,14,2.41,Injured,True,$176.33,10-19-2022
ZA-02345,Saltwater Crocodile,Crocodylus porosus,Reptile,Carnivore,Wetland,India,Metro City Zoo,LC,female,61.2,424.67,479.7,70,11.74,Healthy,Yes,$261.92,"April 09, 2023"
ZA-02816,Ostrich,Struthio camelus,Bird,Omnivore,Savanna,Kenya,Highland Wildlife Reserve,LC,Female,24.9,92.35,209.8,40,4.18,Under Observation,Yes,206.35,2024-09-13
ZA-04850,Brown Bear,ursus arctos,Mammal,Omnivore,Forest,USA,Riverside Zoo,LC,Male,12.0,None,196.5,25,16.23,Healthy,Yes,195.63,2023-01-17
ZA-04027,Scarlet Macaw,Ara macao,Bird,Herbivore,Forest,Brazil,Greenfield Sanctuary,Least Concern,Male,37.4,1.1,88.2,50,0.06,Healthy,1,49.93,22/04/2022
ZA-00725,African Elephant,Loxodonta africana,Mammal,Herbivore,Savanna,Kenya,Riverside Zoo,VU,F,29.6,4009.34,556.1,60,278.69,Healthy,Yes,586.75,01-07-2024
ZA-04729,Peacock,Pavo cristatus,Bird,Omnivore,Forest,Sri Lanka,Metro City Zoo,LC,Female,11.8,10.2 lbs,194.5,20,0.21,Healthy,Y,62.77 USD,2024-10-22
ZA-04710,Grey Wolf,Canis lupus,Mammal,Carnivore,  Forest ,USA,Metro City Zoo,LC,Female,5.6,33.52,124.2,8,1.32,Healthy,No,77.38,"March 29, 2023"
ZA-04869,Grey Wolf,Canis lupus,mammal,Carnivore,Forest,Russia,Greenfield Sanctuary,LC,MALE,2.7,39.68,132.7,8,1.37,Healthy,N,83.15 USD,2024-08-08
ZA-01133,Saltwater Crocodile,Crocodylus porosus,Reptile,Carnivore,Wetland,India,Safari Park North,least concern,Male,4.7,208.03,360.0,70,7.41,Healthy,Yes,163.6,2022-04-30
ZA-01736,Peacock,Pavo cristatus,Bird,Omnivore,Forest,Pakistan,Coastal Aquarium & Zoo,Least Concern,Male,8.2,5.14,191.4,20,0.2,Healthy,Yes,63.93,2024-10-24
ZA-03125,Flamingo,Phoenicopterus roseus,Bird,Omnivore,Wetland,Spain,coastal aquarium & zoo,Least Concern,Male,21.8,2.49,124.0,30,0.12,Healthy,Yes,57.3,20 Dec 2022
ZA-00274,Hippopotamus,Hippopotamus amphibius,Mammal ,Herbivore,Wetland,Kenya,Highland Wildlife Reserve,VU,M,5.1,1106.19,297.9,40,66.57,Sick,Yes,725.12,02-28-2024
ZA-02945,Polar Bear,Ursus maritimus,Mammal,Carnivore,Arctic,Russia,Metro City Zoo,VU,M,13.3,475.88,244.5,25,19.7,Healthy,Yes,208.79,2024-06-23
ZA-04922,Koala,Phascolarctos cinereus,mammal,Herbivore,Forest,Australia,Greenfield Sanctuary,Vulnerable,Female,2.8,5.73,67.5,13,0.53,Healthy,,49.5,2023-06-07
ZA-04951,King Cobra,Ophiophagus hannah,Reptile,Carnivore,Forest,Indonesia,Riverside Zoo,Vulnerable,MALE,4.7,5.21,397.8,20,0.17,Under Observation,True,100.18,15/05/2024
ZA-01453,Nile Crocodile,Crocodylus niloticus,Reptile,Carnivore,wetland,Zambia,Highland Wildlife Reserve,LC,Female,14.2,321.26,399.6,70,16.96,Healthy,na,256.24,2023-11-10
ZA-02716,King Cobra,Ophiophagus hannah,Reptile,Carnivore,NULL,India,Metro City Zoo,VU,Female,9.4,5.02,448.7,20,0.19,Healthy,Y,73.34,2022-10-03
ZA-04246,Axolotl,Ambystoma mexicanum,Amphibian,carnivore,Wetland,Mexico,Safari Park North,CR,Female,7.2,0.19,25.3,12,0.01,Sick,No,93.63,07 Jul 2023
ZA-02693,Plains Zebra,Equus quagga,Mammal,Herbivore,Savanna,KENYA,Greenfield Sanctuary,NT,M,12.3,386.25,229.0,25,20.99,Healthy,Yes,261.38,2023-01-16
ZA-02768,Cheetah,Acinonyx jubatus,Mammal,Carnivore,Savanna,Namibia,Coastal Aquarium & Zoo,VU,Male,7.6,48.51,145.1,12,2.54,Healthy,Yes,76.67,2023-01-17
ZA-00219,Golden Eagle,Aquila chrysaetos,Bird,Carnivore,Mountain,USA,Riverside Zoo,LEAST CONCERN,Male,10.9,NULL,89.8,25,0.24,Healthy,True,$57.57,26/01/2025
ZA-00240,Asian Elephant,Elephas maximus,Mammal,Herbivore,Forest,India,Metro City Zoo,endangered,Female,21.4,3011.33,535.3,60,172.83,Healthy,No,399.85,2025-06-03
ZA-01132,Polar Bear,Ursus maritimus,Mammal,Carnivore,Arctic,US,Highland Wildlife Reserve,Vulnerable,Male,18.1,467.68,251.9,25,17.97,Healthy,Yes,322.53,2025-08-31
ZA-04893,Polar Bear,Ursus maritimus,Mammal,Carnivore,,USA,Safari Park North,Vulnerable,Female,18.6,447.69,unknown,25,19.11,Sick,N,499.06,14/08/2023
ZA-03265,Asian Elephant,Elephas maximus,Mammal,Herbivore,na,Sri Lanka,Highland Wildlife Reserve,Endangered,Male,28.6,3462.23,557.9,60,181.19,Healthy,N,-,09-01-2022
ZA-02240,Chimpanze,Pan troglodytes,  Mammal ,Omnivore,Forest,Congo,Greenfield Sanctuary,EN,F,14.1,54.05,83.8,40,2.39,Healthy,Yes,93.84,05-22-2025
ZA-01384,Hippopotamus,Hippopotamus amphibius,Mammal,Herbivore,Wetland,Zambia,Metro City Zoo,VULNERABLE,Female,16.2,1447.68,341.7,40,68.28,Under Observation,Yes,$540.83,"January 08, 2025"
ZA-03075,Emperor Penguin,Aptenodytes forsteri,Bird,Piscivore,Arctic,Antarctica,Coastal Aquarium & Zoo,Near Threatened,M,,27.78,123.9,20,1.83,Healthy,Y,105.48,2024-06-20
ZA-01358,Bald Eagle,Haliaeetus leucocephalus,Bird,Carnivore,Forest,Canada,Riverside Zoo,Least Concern,male,7.0,6.46,81.2,25,0.25,Injured,Yes,137.9,2023-06-27
ZA-02631,Orangutan,Pongo pygmaeus,Mammal,Omnivore,Forest,Malaysia,Greenfield Sanctuary,Critically Endangered,Male,23.3,80.85,109.5,35,4.15,HEALTHY,Yes,121.94,2025-08-18
ZA-02833,Polar Bear,Ursus maritimus,Mammal,CARNIVORE,Arctic,Russia,Coastal Aquarium & Zoo,vulnerable,Male,10.0,467.24,258.7,25,17.6,Healthy,Yes,356.69,13/09/2022
ZA-00625,Peacock,Pavo cristatus,Bird,Omnivore,Forest,India,Coastal Aquarium & Zoo,LC,Female,14.4,12.7 lbs,na,20,0.24,Under Observation,Yes,101.16,07-25-2022
ZA-00840,Gorilla,Gorilla gorilla,Mammal,Herbivore,Forest,Uganda,Coastal Aquarium & Zoo,Critically Endangered,F,19.4,141.67,179.1,35,8.92,Healthy,No,146.2,08-17-2025
ZA-00324,Ostrich,Struthio camelus,Bird,Omnivore,Savanna,South Africa,Highland Wildlife Reserve,LC,male,22.7,106.26,194.2,40,5.84,Under Observation,Yes,249.63,15/01/2022
ZA-00575,Komodo Dragon,Varanus komodoensis,Reptile,Carnivore,Forest,Indonesia,Metro City Zoo,Endangered,female,11.0,57.8,226.6,30,2.28,Sick,Yes,245.51,2024-02-29
ZA-01868,Nile Crocodile,Crocodylus niloticus,Reptile,Carnivore,  Wetland ,Tanzania,Metro City Zoo,Least Concern,Female,28.5,na,505.7,70,17.31,Healthy,0,247.11,29 Apr 2022
ZA-02827,Bald Eagle,Haliaeetus leucocephalus,Bird,Carnivore,Forest,Canada,Riverside Zoo,Least Concern,Male,10.0,4.74,81.4,25,0.2,Healthy,N/A,$86.55,01-18-2024
ZA-04700,Grey Wolf,Canis lupus,Mammal,Carnivore,Forest,Russian Federation,Riverside Zoo,least concern,M,4.6,38.27,130.0,8,1.76,Sick,0,221.45,07-05-2024
ZA-00438,Emperor Penguin,Aptenodytes forsteri,Bird,Piscivore,Arctic,antarctica,Highland Wildlife Reserve,Near Threatened,Male,1.3,15.02,80.8,20,0.77,Under Observation,0,192.12,02/03/2025
ZA-00120,Tiger,Panthera tigris,Mammal,Carnivore,Forest,India,coastal aquarium & zoo,Endangered,Female,3.0,142.77,238.3,16,5.26,Healthy,No,171.53,2025-06-30
ZA-04667,Chimpanzee,Pan troglodytes,Mammal,Omnivore,Forest,Tanzania,Riverside Zoo,EN,Male,13.6,52.8,99.8,40,2.45,Under Observation,Yes,209.89,2024-05-07
ZA-04845,Galapagos Tortoise,Chelonoidis niger,Reptile,Herbivore,Island,Ecuador,Riverside Zoo,VU,F,17.5,-,100.9,100,12.8,Healthy,Yes,128.65,2023-09-16
ZA-01840,Koala,Phascolarctos cinereus,Mammal,Herbivore,Forest,Australia,Coastal Aquarium & Zoo,vulnerable,Male,5.4,11.01,75.8,13,0.57,Healthy,,66.78,2024-04-09
ZA-01027,Flamingo,Phoenicopterus roseus,Bird,Omnivore,Wetland,india,Greenfield Sanctuary,LC,M,-,3.94,115.5,30,0.17,Under Observation,Yes,133.12,02-04-2022
ZA-03302,Snow Leopard,Panthera uncia,Mammal,Carnivore,Mountain,Mongolia,Coastal Aquarium & Zoo,VU,M,na,44.57,132.2,15,1.85,Healthy,1,$104.12,2025-09-05
ZA-04173,Leopard,Panthera pardus,Mammal,Carnivore,Forest,  Kenya ,Coastal Aquarium & Zoo,VU,F,10.6,54.28,164.3,14,2.81,Healthy,No,103.84,2025-04-25
ZA-03102,Clownfish,Amphiprion ocellaris,Fish,Omnivore,OCEAN,Australia,Greenfield Sanctuary,Least Concern,Female,5.2,0.02 kg,8.7,8,0.0,Healthy,Yes,51.51,24/09/2024
ZA-00901,Galapagos Tortoise,Chelonoidis niger,Reptile,Herbivore,Island,Ecuador,Highland Wildlife Reserve,Vulnerable,Female,63.6,283.04,113.4,100,14.57,Healthy,Yes,130.77,13 Dec 2022
ZA-04468,Saltwater Crocodile,Crocodylus porosus,Reptile,Carnivore,Wetland,N/A,Highland Wildlife Reserve,Least Concern,Female,35.3,423.66,458.5,70,12.93,Healthy,Yes,NULL,11 Mar 2023
ZA-01205,Giant Panda,Ailuropoda melanoleuca,Mammal,Herbivore,Forest,China ,Safari Park North,Vulnerable,Male,unknown,105.04,162.9,20,6.89,Healthy,No,140.78,21/07/2022
ZA-04750,Koala,Phascolarctos cinereus,Mammal,Herbivore,Forest,Australia,Riverside Zoo,Vulnerable,Female,3.5,9.85,71.0,13,0.78,Healthy,0,71.02,2025-06-24
ZA-01916,Sea Otter,Enhydra lutris,Mammal,Carnivore,Ocean,USA,Safari Park North,EN,Female,5.7,28.2,124.2,15,1.25,Healthy,Yes,$83.16,2022-07-26
ZA-04051,Saltwater Crocodile,Crocodylus porosus,Reptile,Carnivore,Wetland,Australia,Riverside Zoo,LC,female,20.8,468.76,451.0,70,16.68,Healthy,Yes,177.65,2023-01-04
ZA-00553,Golden Eagle,Aquila chrysaetos,Bird,Carnivore,Mountain,Mongolia,Safari Park North,Least Concern,Male,7.9,5.05,82.0,25,0.17,Injured,Yes,144.79,2022-01-04
ZA-00407,Golden Eagle,Aquila chrysaetos,Bird,Carnivore,Mountain,USA,Coastal Aquarium & Zoo,LC,Female,1.5,2.11,59.9,25,0.06,Injured,Yes,None,2022-10-27
ZA-04683,Golden Eagle,aquila chrysaetos,Bird,carnivore,Mountain,U.S.A.,Greenfield Sanctuary,LC,Female,15.3,4.87,83.1,25,0.24,Healthy,Yes,43.41,10-22-2024
ZA-01614,Great White Shark,Carcharodon carcharias,Fish,Carnivore,Ocean,USA,Metro City Zoo,VU,Male,11.5,863.6,451.1,70,None,Sick,Yes,$887.25,2024-04-26
ZA-02935,  Green Sea Turtle ,Chelonia mydas,Reptile,Herbivore,Ocean,Australia,Metro City Zoo,endangered,Female,36.3 yrs,133.84,112.0,80,8.3,healthy,Yes,111.32,2022-01-30
ZA-03299,Bottlenose Dolphin,Tursiops truncatus,Mammal,Piscivore,Ocean,Mexico,Safari Park North,LC,Female,10.5,177.94,284.3,40,8.19,Healthy,Yes,315.6,16/01/2025
ZA-02834,Leopard,Panthera pardus,Mammal,Carnivore,Forest,INDIA,Highland Wildlife Reserve,vulnerable,FEMALE,9.3,51.42,162.1,14,1.85,Healthy,Yes,73.46,13 Dec 2024
ZA-02350,Golden Eagle,Aquila chrysaetos,bird,Carnivore,Mountain,Mongolia,Greenfield Sanctuary,least concern,M,17.6,11.0 lbs,92.2 cm,25,0.25,,No,$49.09,2024-07-16
ZA-03110,African Elephant,Loxodonta africana,Mammal,Herbivore,Savanna,S. Africa,Coastal Aquarium & Zoo,VU,Male,23.1,4261.21,579.4,60,236.47,Healthy,Y,unknown,02-20-2023
ZA-01739,Red Kangaroo,Osphranter rufus,Mammal,Herbivore,Desert,Australia,Coastal Aquarium & Zoo,Least Concern,F,unknown,81.93,134.1,15,unknown,Healthy,N/A,107.0,03-25-2024
ZA-00237,Koala,Phascolarctos cinereus,Mammal,herbivore,Forest,Australia,Riverside Zoo,Vulnerable,M,3.4,11.48 kg,75.1,13,0.74,healthy,1,54.21,14 Jun 2022
ZA-03164,axolotl,Ambystoma mexicanum,Amphibian,Carnivore,Wetland,Mexico,Greenfield Sanctuary,CR,Male,5.9,0.2,,12,0.01,Healthy,Y,46.31,21/08/2022
ZA-00500,Clownfish,Amphiprion ocellaris,Fish,Omnivore,Ocean,Indonesia ,Greenfield Sanctuary,LEAST CONCERN,NULL,3.0,0.02 kg,9.3,8,0.0,Healthy,True,33.72,12-31-2024
ZA-03626,GREY WOLF,Canis lupus,  Mammal ,Carnivore,Forest,Canada,Metro City Zoo,LC,Male,4.4,na,131.4,8,1.82,Healthy,No,$109.69,2024-09-07
ZA-03128,Lyon,Panthera leo,Mammal,Carnivore,Savanna,South Africa,Coastal Aquarium & Zoo,VU,Female,,147.95,215.7,14,5.27,Healthy,No,163.96,2022-01-06
ZA-00795,Bald Eagle,haliaeetus leucocephalus,Bird,Carnivore,Forest ,Canada,riverside zoo,LC,Male,16.2,5.59,82.9,25,0.25,Injured,False,183.72,2022-08-21
ZA-03359,Emperor Penguin,Aptenodytes forsteri,Bird,Piscivore,Arctic,Antarctica,Riverside Zoo,near threatened,Female,13.9,28.94,108.0,20,1.92,Healthy,Yes,183.24,2023-08-10
ZA-03292,African Elephant,Loxodonta africana,Mammal,Herbivore,Savanna,Kenya,Metro City Zoo,VU,Female,34.9 yrs,N/A,536.3,60,194.34,  Healthy ,Yes,789.97,2024-07-16
ZA-03973,Asian Elephant,Elephas maximus,Mammal,Herbivore,FOREST,India,Highland Wildlife Reserve,endangered,Male,5.1,1792.1,484.3,60,85.26,Sick,No,992.31,2022-01-26
ZA-00991,Peacock,Pavo cristatus,Bird,Omnivore,forest,India,Riverside Zoo,Least Concern,Male,8.3,5.34,226.6,20,,Healthy,unknown,70.94,2022-11-11
ZA-04664,Snow Leopard,Panthera uncia,Mammal,Carnivore,Mountain,Mongolia,Metro City Zoo,VU,Female,6.2,46.65,121.0,15,1.6,Injured,Yes,282.91,20/02/2022
ZA-02436,Snow Leopard,Panthera uncia,Mammal,Carnivore,Mountain,China,SAFARI PARK NORTH,N/A,Male,8.8,42.19,128.6,15,1.45,Healthy,No,84.71,12 Apr 2023
ZA-03377,Nile Crocodile,Crocodylus niloticus,Reptile,  Carnivore ,Wetland,Tanzania,Metro City Zoo,Least Concern,Male,10.8,340.19,426.0,70,11.61,Under Observation,Yes,483.83,"May 04, 2025"
ZA-00391,Saltwater Crocodile,Crocodylus porosus,Reptile,Carnivore,Wetland,india,Coastal Aquarium & Zoo,LC,Female,17.0,447.41,410.9,70,16.84,Healthy,No,294.35,2025-02-12
ZA-02401,Chetah,Acinonyx jubatus,Mammal,Carnivore,Savanna,Namibia,Metro City Zoo,VU,Male,4.0,40.0,132.6,12,1.33,Under Observation,Yes,229.31,25 Oct 2023
ZA-01218,Bottlenose Dolphin,Tursiops truncatus,Mammal,Piscivore,Ocean,Mexico,Riverside Zoo,Least Concern,Male,20.9,205.71,310.4,40,12.1,Healthy,Yes,222.07 USD,2022-09-16
ZA-00236,Plains Zebra,Equus quagga,Mammal,Herbivore,Savanna,Kenya,Greenfield Sanctuary,NT,Male,3.0,401.2 lbs,194.4,25,9.84,Healthy,No,234.61,30/03/2024
ZA-00332,Hippopotamus,Hippopotamus amphibius,Mammal,Herbivore,Wetland,  Zambia ,Highland Wildlife Reserve,vulnerable,Male,16.2,2291.68,377.5,40,155.81,Healthy,Y,-,02-19-2022
ZA-04577,Sea Otter,enhydra lutris,Mammal,Carnivore,Ocean,USA,Safari Park North,Endangered,F,7.0,25.48,113.5,15,0.94,Injured,Yes,$200.88,2024-05-03
ZA-03189,Koala,Phascolarctos cinereus,Mammal,Herbivore,Forest,Australia,Riverside Zoo,VU,Male,1.5,4.54,57.4,13,0.27,Under Observation,Yes,130.33,01 Sep 2025
ZA-00045,Tigr,Panthera tigris,Mammal,Carnivore,Forest,Russia,Riverside Zoo,EN,Male,7.6,212.26,309.8,16,N/A,Healthy,Y,118.57,2024-05-12
ZA-04846,Tiger,panthera tigris,Mammal,Carnivore,Forest,Russia,Highland Wildlife Reserve,EN,Female,4.8,232.27,268.7,16,10.04,Healthy,,$212.40,16/12/2022
ZA-04217,Red Kangaroo,Osphranter rufus,mammal,HERBIVORE,Desert,Australia,Metro City Zoo,LC,Male,11.6,62.46,unknown,15,2.81,Healthy,Yes,121.38,10-12-2024
ZA-03437,Red-eyed Tree Frog,Agalychnis callidryas,Amphibian,Insectivore,Forest,Costa Rica,Coastal Aquarium & Zoo,LC,F,3.9,0.01,7.1,5,0.0,Healthy,No,39.57,13/04/2022
ZA-03073,Ostrich,Struthio camelus,Bird,Omnivore,Savanna,Kenya,COASTAL AQUARIUM & ZOO,Least Concern,Female,14.2,84.13,192.8,40,4.13,Healthy,Yes,$164.53,25/06/2025
ZA-03135,Asian Elephant,Elephas maximus,Mammal,Herbivore,Forest,Thailand,Greenfield Sanctuary,EN,F,23.1,3345.46,547.2,60,224.5,Healthy,Yes,395.18,"March 22, 2022"
ZA-04046,Sea Otter,Enhydra lutris,Mammal,Carnivore ,Ocean,Canada,Riverside Zoo,EN,Male,6.4,24.89,138.0,15,0.99,Under Observation,Yes,143.57,2024-02-27
ZA-01595,Chimpanzee,Pan troglodytes,Mammal,Omnivore,Forest,Tanzania,Metro City Zoo,EN,Female,19.9,48.94,93.1,40,1.81,Healthy,False,$84.84,13/01/2022
ZA-00224,axolotl,ambystoma mexicanum,Amphibian,Carnivore,Wetland,Mexico,Coastal Aquarium & Zoo,CR,Male,5.2,0.2,24.7,12,0.01,Under Observation,Yes,112.19,12-25-2023
ZA-02892,Bald Eagle,Haliaeetus leucocephalus,Bird,Carnivore,Forest,USA,Greenfield Sanctuary,LC,,17.7,4.36,81.4,25,0.18,Sick,No,$126.20,2022-10-07
ZA-01246,BLACK RHINOCEROS,Diceros bicornis,Mammal,Herbivore,Savanna,SOUTH AFRICA,Highland Wildlife Reserve,Critically Endangered,M,24.0,1308.43,353.0,40,79.88,Healthy,Yes,263.81,2025-07-08
ZA-01541,Plains Zebra,Equus quagga,Mammal,Herbivore,Savanna,Tanzania,Coastal Aquarium & Zoo,NT,Female,15.5,340.6,200.3,25,19.42,Healthy,No,$265.48,02/03/2025
ZA-03538,Komodo Dragon,Varanus komodoensis,Reptile,carnivore,Forest,Indonesia,Greenfield Sanctuary,EN,FEMALE,3.7,45.08,197.5,30,None,Healthy,Yes,-,13 Jun 2025
ZA-04149,Koala,Phascolarctos cinereus,Mammal,Herbivore,Forest,Australia,Highland Wildlife Reserve,vulnerable,Female,6.8,7.28,69.5,13,0.49,Healthy,Yes,NULL,2025-09-06
ZA-04626,Nile Crocodile,Crocodylus niloticus,Reptile,Carnivore,Wetland,Kenya,Greenfield Sanctuary,least concern,FEMALE,16.9,389.23,433.6,70,,Healthy,N/A,318.25 USD,10-21-2024
ZA-02534,Sea Otter,Enhydra lutris,Mammal,Carnivore,Ocean,US,Metro City Zoo,EN,Female,3.2,21.97,116.6 cm,15,0.82,Healthy,Yes,81.08,22 Mar 2023
ZA-04757,Red Kangaroo,Osphranter rufus,Mammal,Herbivore,Desert,Australia,Safari Park North,Least Concern,Male,na,38.74,117.6,15,None,Under Observation,Y,172.75,2024-05-20
ZA-00819,Bottlenose Dolphin,Tursiops truncatus,Mammal,Piscivore,Ocean,Australia,Metro City Zoo,LC,Male,13.8,200.27,325.8,40,10.34,Sick,Y,265.61,2023-02-28
ZA-03459,King Cobra,Ophiophagus hannah,Reptile ,Carnivore,Forest,Indonesia,Safari Park North,VU,NULL,14.7,6.41,383.6,20,0.27,Under Observation,Yes,126.55,2022-12-14
ZA-00156,Golden Eagle,Aquila chrysaetos,bird,Carnivore,Mountain,Pakistan,unknown,LC,Male,7.0,5.52,89.0,25,0.27,Healthy,Yes,,2023-05-22
ZA-03348,Orangutan,Pongo pygmaeus,Mammal,Omnivore,Forest,Malaysia ,Riverside Zoo,na,F,19.1,63.36,115.4,35,2.36,Healthy,Y,98.57,2023-10-26
ZA-00249,Tigar,Panthera tigris,Mammal,Carnivore,Forest,  Russia ,Safari Park North,EN,Male,5.6 yrs,245.71,282.8,16,8.67,Under Observation,Y,401.15,15 Jan 2025
ZA-03928,Chimpanzee,Pan troglodytes,Mammal,Omnivore,Forest,  Tanzania ,Riverside Zoo,EN,Female,34.4,43.11,85.9,40,2.75,Healthy,Yes,$90.35,13/02/2023
ZA-04015,Galapagos Tortoise,Chelonoidis niger,Reptile ,Herbivore,Island,Ecuador,Metro City Zoo,VU,Male,56.2,246.77,135.2,100,15.14,Healthy,Yes,262.98,12-01-2022
ZA-02637,Green Sea Turtle,Chelonia mydas,Reptile,HERBIVORE,Ocean,Pakistan,Safari Park North,Endangered,Female,60.5,164.39,unknown,80,10.16,Healthy,Yes,-,14 Sep 2023
ZA-04639,King Cobra,Ophiophagus hannah,Reptile,Carnivore,Forest,India,Highland Wildlife Reserve,VU,Female,11.5,12.3 lbs,397.7,20,0.23,Healthy,Yes,69.55,2023-08-28
ZA-00794,Komodo Dragon,Varanus komodoensis,Reptile,Carnivore,Forest,Indonesia,Greenfield Sanctuary,ENDANGERED,male,14.1,69.81,258.7,30,2.35,Under Observation,Yes,202.41,2023-09-05
ZA-01726,Clownfish,Amphiprion ocellaris,fish,Omnivore ,Ocean,Indonesia,Riverside Zoo,Least Concern,Female,0.9,0.01,6.6,8,0.0,Healthy,0,unknown,2023-12-24
ZA-03190,Orangutan,Pongo pygmaeus,Mammal,Omnivore,Forest,Indonesia,Safari Park North,Critically Endangered,Male,21.7,None,107.2,35,,Injured,Yes,334.79,2023-11-21
ZA-02650,Great White Shark,Carcharodon carcharias,Fish,Carnivore,Ocean,USA,Coastal Aquarium & Zoo,VU,Male,6.1,N/A,347.3,70,25.84,Under Observation,Yes,701.82,2023-11-17
ZA-00629,Gorilla,Gorilla gorilla,Mammal,Herbivore,Forest,Uganda,Greenfield Sanctuary,CR,M,10.7,151.05,170.2,35,9.3,Healthy,Yes,148.78,10-31-2024
ZA-04901,Lion,panthera leo,Mammal,Carnivore,Savanna,South Africa,Safari Park North,vulnerable,Male,,174.78,238.0,14,6.62,Healthy,Yes,130.47,2025-05-18
ZA-02340,Galapagos Tortoise,Chelonoidis niger,REPTILE,Herbivore,Island,Ecuador,Coastal Aquarium & Zoo,VU,M,62.3,255.57,125.2,100,11.85,Healthy,No,151.34,2023-10-23
ZA-03091,Red-eyed Tree Frog,Agalychnis callidryas,Amphibian,Insectivore,Forest,Mexico,Greenfield Sanctuary,LC,Female,2.4,0.01,6.6,5,0.0,Healthy,No,59.46,2023-06-27
ZA-01621,Emperor Penguin,Aptenodytes forsteri,Bird,Piscivore,Arctic,Antarctica,Metro City Zoo,NT,Female,6.0,30.72,114.2,20,,Healthy,Yes,85.25,2023-11-17
ZA-01452,Emperor Penguin,Aptenodytes forsteri,Bird,Piscivore,Arctic,Antarctica,Highland Wildlife Reserve,Near Threatened,Male,10.6,33.09,115.5,20,1.29,Healthy,Yes,94.71,2023-01-30
ZA-02903,Cheeta,Acinonyx jubatus,Mammal,Carnivore,Savanna,Kenya,Greenfield Sanctuary,VULNERABLE,Male,3.4,544.2,127.4,12,2.6,Healthy,No,107.56,10/05/2025
ZA-04651,Polar Bear,Ursus maritimus,Mammal,Carnivore,Arctic,USA,Highland Wildlife Reserve,VU,Female,9.3,491.16,235.2,25,20.4,Healthy,No,205.33,2024-07-12
ZA-01829,Galapagos Tortoise,Chelonoidis niger,Reptile,Herbivore,Island,Ecuador,Greenfield Sanctuary,vulnerable,Male,49.0,244400 g,135.8,100,14.44,HEALTHY,Yes,197.72,11 Jun 2024
ZA-00827,Nile Crocodile,Crocodylus niloticus,Reptile,Carnivore,Wetland,Zambia,Coastal Aquarium & Zoo,LC,Female,,323.04,479.6,70,11.87,Healthy,N,165.02,24 Feb 2023
ZA-01640,Komodo Dragon,Varanus komodoensis,Reptile,Carnivore,Forest,Indonesia,Greenfield Sanctuary,EN,Female,6.9,56.41,218.7,30,2.14,Healthy,No,128.36,2022-05-18
ZA-03865,Ostrich,Struthio camelus,Bird,Omnivore,Savanna,Namibia,Metro City Zoo,LC,Female,NULL,111.66,215.7 cm,40,4.85,Sick,Yes,243.49,20/10/2022
ZA-02914,Bottlenose Dolphin,Tursiops truncatus,Mammal,Piscivore,Ocean,Mexico,Safari Park North,Least Concern,Male,30.2,214.68,342.9,40,12.01,  Healthy ,Yes,222.83,03 Oct 2022
ZA-03792,Chimpanzee,Pan troglodytes,Mammal,Omnivore,Forest,Uganda,Metro City Zoo,EN,Female,na,64.68,83.7,40,2.27,Healthy,Y,$117.06,2023-09-28
ZA-02940,Golden Eagle,Aquila chrysaetos,Bird,Carnivore,Mountain,United States,Greenfield Sanctuary,Least Concern,female,13.8,5.86,85.0,25,None,Healthy,Yes,75.25,19/04/2022
ZA-03421,Nile Crocodile,Crocodylus niloticus,Reptile,Carnivore,Wetland,Zambia,Greenfield Sanctuary,Least Concern,Male,,445.86,463.0,70,16.96,Healthy,No,$211.02,2023-01-30
ZA-03997,Galapagos Tortoise,Chelonoidis niger,Reptile,Herbivore,Island,Ecuador,Coastal Aquarium & Zoo,VU,M,61.9,281.25,128.9,100,14.3,Healthy,Yes,196.52,2025-08-26
ZA-03768,GREAT WHITE SHARK,Carcharodon carcharias,Fish,Carnivore,Ocean,Australia,Metro City Zoo,VU,Male,22.3,1154.72,502.7,70,38.52,Healthy,1,445.27,2022-06-23
ZA-00536,Axolotl,Ambystoma mexicanum,Amphibian,Carnivore,Wetland,Mexico,HIGHLAND WILDLIFE RESERVE,CR,Male,4.9,0.21,22.9,12,0.01,Healthy,,39.79,2025-04-01
ZA-02664,Peacock,Pavo cristatus,Bird,Omnivore,Forest,Pakistan,Riverside Zoo,LC,Female,15.5,4.93,190.8,20,unknown,Healthy,Yes,59.04,2024-04-21
ZA-00155,CHEETAH,Acinonyx jubatus,Mammal,Carnivore,Savanna,Botswana,Riverside Zoo,vulnerable,Female,6.0,55.14,117.3,12,1.63,Healthy,1,68.57,2022-06-25
ZA-03242,Giant Panda,Ailuropoda melanoleuca,Mammal,Herbivore,Forest,China,Coastal Aquarium & Zoo,VU,Female,16.7,106.58,153.3 cm,20,8.87,Healthy,Yes,177.09,22/10/2022
ZA-03150,Grey Wolf,Canis lupus,Mammal,Carnivore,Forest,Russia,Riverside Zoo,LC,Male,5.7,35.48,137.2,8,1.31,Injured,0,158.8,2023-05-22
ZA-02953,Sea Otter,Enhydra lutris,Mammal,Carnivore,Ocean,United States,Greenfield Sanctuary,Endangered,female,3.5,24.32 kg,107.9,15,0.87,Healthy,Yes,$80.66,"August 14, 2022"
ZA-01312,Giraffe,Giraffa camelopardalis,Mammal,Herbivore,Savanna,Kenya,Metro City Zoo,VU,Male,18.9,1205.97,477.4,25,unknown,Under Observation,Yes,$537.88,2025-04-03
ZA-00323,Tigr,Panthera tigris,Mammal,Carnivore,Forest,India,Metro City Zoo,ENDANGERED,Female,5.6 yrs,215.11,270.3,16,10.32,Healthy,None,154.79,09/09/2025
ZA-04111,Sea Otter,Enhydra lutris,Mammal,Carnivore,Ocean,United States,Metro City Zoo,Endangered,female,6.3,27.06,117.4,15,1.19,Healthy,No,$104.03,09/01/2025
ZA-03331,Asian Elephant,Elephas maximus,Mammal,Herbivore,Forest,Sri Lanka,Coastal Aquarium & Zoo,EN,Male,4.6,1665.21,419.6,60,86.22,Injured,Yes,1498.1,04/02/2023
ZA-03986,Ostrich,Struthio camelus,Bird,Omnivore,Savanna,Kenya,Safari Park North,LC,Male,23.7,125.79,203.2,40,4.44,Healthy,Yes,$164.77,2024-11-11
ZA-01799,Komodo Dragon,Varanus komodoensis,Reptile,Carnivore,Forest,Indonesia,Greenfield Sanctuary,EN,Male,13.0,88.05,269.5,-1,3.21,Sick,Yes,266.39,2025-01-07
ZA-00083,Chimpanzee,Pan troglodytes,Mammal,Omnivore,Forest,Uganda,Highland Wildlife Reserve,EN,Male,27.0,58.09,79.4,40,2.9,Healthy,Yes,144.29,2022-03-13
ZA-02561,Ostrich,Struthio camelus,Bird,Omnivore,Savanna,Namibia,  Greenfield Sanctuary ,LC,male,19.1,123.8,227.1,40,6.32,Healthy,0,184.81,29/11/2023
ZA-01944,Golden Eagle,Aquila chrysaetos,Bird,Carnivore,Mountain,USA,Coastal Aquarium & Zoo,LC,Male,4.4,3.35,77.4,25,0.15,Healthy,Yes,na,06/02/2022
ZA-01989,Golden Eagle,Aquila chrysaetos,Bird,  Carnivore ,Mountain,Pakistan,Riverside Zoo,LC,M,14.6,5.21,84.9,25,0.23,Healthy,No,56.67,2022-07-10
ZA-03537,Polar Bear,Ursus maritimus,Mammal,Carnivore,Arctic,Russian Federation,HIGHLAND WILDLIFE RESERVE,Vulnerable,None,17.6,516.53,240.7,25,18.24,Sick,Yes,798.41,2023-01-07
ZA-01575,Grey Wolf,Canis lupus,Mammal,Carnivore,Forest,Canada,Safari Park North,Least Concern,Male,2.7,42340 g,131.5 cm,8,1.8,Healthy,Yes,97.51 USD,2025-06-16
ZA-02978,Plains Zebra,Equus quagga,Mammal,Herbivore,Savanna,Tanzania,Highland Wildlife Reserve,NT,Male,10.6,408.16,244.3,25,23.19,Healthy,N/A,279.49,None
ZA-02724,Lion,Panthera leo,Mammal,Carnivore,Savanna,SOUTH AFRICA,Coastal Aquarium & Zoo,VU,None,9.9,204.73,251.7,14,9.15,Sick,Yes,536.41,2025-04-20
ZA-03406,Flamingo,Phoenicopterus roseus,Bird,  Omnivore ,None,Kenya,Highland Wildlife Reserve,least concern,Male,26.3,8.3 lbs,124.4,30,0.16,Healthy,Yes,60.15,2024-05-04
ZA-02059,Polar Bear,Ursus maritimus,Mammal,Carnivore,Arctic,Canada,Safari Park North,VU,Male,8.1,565.84,263.9,25,19.68,Healthy,Y,211.08,11 Apr 2025
ZA-01763,Scarlet Macaw,Ara macao,Bird,Herbivore,Forest,Brazil,Safari Park North,LEAST CONCERN,Male,27.4,1.14,81.6,50,0.06,Under Observation,Yes,63.07,07-03-2022
ZA-01495,Koala,Phascolarctos cinereus,Mammal,Herbivore,Forest,Australia,Greenfield Sanctuary,VU,F,2.7,7.6,66.4,13,0.4,Healthy,Yes,77.96,2024-10-08
ZA-02081,Asian Elephant,Elephas maximus,Mammal,Herbivore,Forest,Thailand,Greenfield Sanctuary,Endangered,Male,31.9,3061.01,557.0,60,173.02,Healthy,No,620.28,2022-08-01
ZA-01175,Bottlenose Dolphin,Tursiops truncatus,Mammal,Piscivore,Ocean,USA,Riverside Zoo,least concern,Male,22.9,212.39,335.8,40,12.62,Healthy,Yes,$137.32,2023-09-22
ZA-04510,Lion,Panthera leo,MAMMAL,Carnivore,Savanna,Kenya,Safari Park North,VU,Female,1.9,109.7,200.6,14,4.76,Under Observation ,Y,259.67,15/10/2022
ZA-02629,Red Kangaroo,Osphranter rufus,Mammal,Herbivore,Desert,Australia,Greenfield Sanctuary,least concern,Female,5.2,65.17,121.2,15,3.85,Injured,No,266.32,03-20-2025
ZA-04262,Clownfish,Amphiprion ocellaris,Fish,Omnivore,Ocean,Indonesia,Highland Wildlife Reserve,LC,FEMALE,1.9,0.01,8.7,8,0.0,Healthy,Yes,40.25,2024-06-19
ZA-04787,Chimpanzee,Pan troglodytes,Mammal,Omnivore,Forest,Uganda,Riverside Zoo,ENDANGERED,Female,23.1,56.19,87.6,40,2.59,Healthy,Yes,136.65,2022-11-01
ZA-00615,Hippopotamus,Hippopotamus amphibius,  Mammal ,HERBIVORE,Wetland,Kenya,Riverside Zoo,VU,Male,NULL,1593.95,363.6,40,75.25,Healthy,Yes,334.68,05/07/2025
ZA-03094,Peacock,Pavo cristatus,Bird,Omnivore,Forest,Sri Lanka,Coastal Aquarium & Zoo,Least Concern,Female,16.8,4.58,,20,0.17,Under Observation,None,174.48,2024-03-02
ZA-03451,African Elephant,Loxodonta africana,Mammal,Herbivore,Savanna,Botswana,Highland Wildlife Reserve,VU,Male,16.2,5742.15,638.5,60,385.16,Healthy,Y,679.4,11-23-2022
ZA-01015,Flamingoe,Phoenicopterus roseus,Bird,Omnivore,Wetland,Kenya,Greenfield Sanctuary,LC,female,15.1,,116.9,30,0.14,Sick,No,N/A,2024-03-17
ZA-03058,Polar Bear,Ursus maritimus,Mammal,Carnivore,Arctic,Canada,Safari Park North,vulnerable,Female,9.5,420.65,214.6,25,15.02,Sick,Yes,343.03,05-21-2024
ZA-04940,Axolotl,Ambystoma mexicanum,Amphibian,Carnivore,Wetland,Mexico,Greenfield Sanctuary,CR,Female,5.5,0.16,25.3,12,0.01,Healthy,Yes,48.62,09-01-2023
ZA-03906,Grey Wolf,Canis lupus,mammal,Carnivore,Forest,Canada,Greenfield Sanctuary,Least Concern,F,1.6,30.57,127.3,8,0.99,Healthy,No,$83.46,21/09/2023
ZA-02182,Chimpanzee,Pan troglodytes,Mammal,Omnivore,Forest,Uganda,Highland Wildlife Reserve,Endangered,Female,unknown,40.76,92.5,40,,Healthy,Yes,75.57,15/07/2023
ZA-03419,Nile Crocodile,Crocodylus niloticus,Reptile,Carnivore,Wetland,Zambia,Riverside Zoo,Least Concern,None,52.8,519.3,450.7,70,25.2,Healthy,Yes,237.98,17/01/2025
ZA-04652,Komodo Dragon,Varanus komodoensis,Reptile,Carnivore,Forest,Indonesia,Coastal Aquarium & Zoo,EN,Male,11.3,85.02,266.4,30,3.91,Healthy,Yes,150.93,2022-12-29
ZA-03101,Cheetah,Acinonyx jubatus,Mammal,Carnivore,Savanna,Botswana,Riverside Zoo,VU,Female,3.8,,145.7,12,NULL,Healthy,Yes,128.21,2023-11-15
ZA-01212,Leopard,Panthera pardus,Mammal,Carnivore,Forest,India,Highland Wildlife Reserve,VU,Female,2.6,39.37,143.6,14,1.31,Healthy,Yes,88.35,2022-07-01
ZA-00635,Gorilla,Gorilla gorilla,Mammal,Herbivore,Forest,Uganda,Greenfield Sanctuary,CR,Female,5.9,225.3 lbs,134.6,35,5.72,Healthy,Yes,154.92,09-13-2022
ZA-01056,Grey Wolf,Canis lupus,  Mammal ,Carnivore,Forest,USA,Safari Park North,least concern,Male,3.5,46160 g,140.0,8,1.63,Healthy,Yes,77.41,16/03/2023
ZA-02341,Polar Bear,Ursus maritimus,Mammal,Carnivore,Arctic,Russian Federation,Greenfield Sanctuary,VU,Male,10.2,387.41,244.8,25,NULL,Healthy,Yes,200.58,2024-12-25
ZA-00797,Clownfish,Amphiprion ocellaris,Fish,Omnivore ,Ocean,Philippines,Greenfield Sanctuary,LC,F,0.6,10 g,6.4,8,0.0,Healthy,Yes,unknown,2099-01-01
ZA-04271,Nile Crocodile,Crocodylus niloticus,Reptile,Carnivore,Wetland,Zambia,highland wildlife reserve,Least Concern,Male,24.1,412.43,507.3,70,18.7,Sick,None,650.12,2022-06-07
ZA-02815,Great White Shark,Carcharodon carcharias,Fish,Carnivore,Ocean,South Africa,Coastal Aquarium & Zoo,VU,Male,13.5,934.75,440.5,70,43.46,Healthy,Yes,481.35,27 Mar 2022
ZA-04342,Brown Bear,Ursus arctos,Mammal,Omnivore,Forest,Russian Federation,Highland Wildlife Reserve,LC,F,8.4,278.02,177.3,25,14.58,Healthy,Yes,165.72,28/02/2025
ZA-01081,LEOPARD,Panthera pardus,Mammal,Carnivore,Forest,South Africa,Riverside Zoo,Vulnerable,FEMALE,6.9,63.42,172.3,14,2.75,Under Observation,Yes,204.74 USD,01/07/2023
ZA-01655,Bottlenose Dolphin,Tursiops truncatus,Mammal,Piscivore,Ocean,USA,Safari Park North,LC,Male,25.8,243.35,286.6,40,10.63,Sick,Yes,333.14,2024-03-11
ZA-01608,Red-eyed Tree Frog,Agalychnis callidryas,Amphibian,Insectivore,Forest,Costa Rica,Riverside Zoo,LC,Male,1.6,0.01,7.7,5,0.0,healthy,Yes,27.92,12-31-2022
ZA-00145,Ostrich,Struthio camelus,Bird ,Omnivore,Savanna,SOUTH AFRICA,Greenfield Sanctuary,Least Concern,male,11.0,-,205.7,40,6.18,Sick,Yes,246.53,06-04-2024
ZA-04242,Golden Eagle,Aquila chrysaetos,Bird,Carnivore,Mountain,USA,Riverside Zoo,Least Concern,Male,8.5,4.97,80.0,25,0.24,Healthy,Yes,45.79,2024-07-17
ZA-00091,Axolotl,Ambystoma mexicanum,Amphibian,Carnivore,Wetland,Mexico,Riverside Zoo,CR,Female,3.1,0.15,22.4,12,0.01,Healthy,Yes,$49.88,2024-08-11
ZA-00683,Whale Shark,rhincodon typus,Fish,Omnivore,Ocean,mexico,Highland Wildlife Reserve,Endangered,Female,30.6,8721.11,971.1,70,392.04,Injured,Yes,1764.77,11/02/2024
ZA-04407,Koala,Phascolarctos cinereus,Mammal,Herbivore,Forest,Australia,Riverside Zoo,VU,male,6.4,8.23,73.9,13,0.6,,No,177.36,2024-03-23
ZA-03432,Sea Otter,Enhydra lutris,Mammal,Carnivore,Ocean,Canada,Greenfield Sanctuary,endangered,Female,2.8,18.71,94.9,15,0.8,Healthy,No,38.51,2023-09-15
ZA-00094,Golden Eagle,Aquila chrysaetos,Bird,Carnivore,None,Pakistan,highland wildlife reserve,Least Concern,Male,8.2,6.11,90.2,25,0.33,Healthy,N,56.19,12/05/2023
ZA-00835,Green Iguana,Iguana iguana,Reptile,Herbivore,Forest,Costa Rica,Greenfield Sanctuary,LC,Male,10.0,5.44,157.7,15,0.25,Healthy,Y,48.21,17/08/2025
ZA-04937,Grey Wolf,Canis lupus,Mammal,Carnivore,Forest,Russian Federation,Riverside Zoo,Least Concern,Male,3.4,38.41,140.5,8,1.29,Under Observation,No,195.37,2023-02-28
ZA-01401,Asian Elephant,Elephas maximus,Mammal,Herbivore,Forest,Thailand,Safari Park North,EN,M,26.8,4402.38,637.0,60,287.12,healthy,Yes,$543.18,2024-12-03
ZA-03980,Brown Bear,Ursus arctos,Mammal,Omnivore,Forest,Canada,Greenfield Sanctuary,LC,Male,11.2,364.74,199.5,25,15.13,Healthy,Yes,274.43,02-04-2025
ZA-02292,Green Sea Turtle,Chelonia mydas,Reptile,Herbivore,Ocean,Australia,Riverside Zoo,EN,F,31.8,115.45,105.1,80,7.25,Healthy,Yes,$132.80,22 Mar 2025
ZA-01501,Polar Bear,Ursus maritimus,Mammal,Carnivore,Arctic,Russia ,Riverside Zoo,VU,male,8.5,489.64,268.9,25,,Healthy,Yes,212.89,2023-04-18
ZA-02263,Koala,Phascolarctos cinereus,Mammal,Herbivore,Forest,Australia,Safari Park North,Vulnerable,Female,5.9,6.57,75.9,13,0.33,Healthy,Yes,82.07,2025-04-01
ZA-01469,Komodo Dragon,Varanus komodoensis,Reptile,Carnivore,Forest,Indonesia,Safari Park North,endangered,Male,11.4,70.16,247.2,30,2.97,Sick,Yes,212.61 USD,09/08/2022
ZA-03929,Snow Leopard,Panthera uncia,Mammal,Carnivore,Mountain,Pakistan,Coastal Aquarium & Zoo,VU,Female,7.6,39.94,127.3,15,1.32,Healthy,N/A,97.37,08-24-2024
ZA-03246,Emperor Penguin,Aptenodytes forsteri,Bird,Piscivore,Arctic,Antarctica,Greenfield Sanctuary,Near Threatened,FEMALE,4.6,22.31,111.0,20,1.35,Healthy,Yes,95.98,05/09/2025
ZA-00999,Leopard,Panthera pardus,Mammal,Carnivore,na,IND,Metro City Zoo,VU,Male,0.5,22.05,113.5,14,0.97,Healthy,Yes,$101.81,06-07-2023
ZA-00854,Saltwater Crocodile,Crocodylus porosus,Reptile,CARNIVORE,wetland,India,Safari Park North,Least Concern,Male,49.8,529.9,538.0,70,,Healthy,Yes,226.98,2024-11-01
ZA-03876,Bottlenose Dolphin,Tursiops truncatus,Mammal,Piscivore,Ocean,Australia,Greenfield Sanctuary,LC,Female,4.2,95.7,211.5,40,4.5,Healthy,0,186.8,16/07/2024
ZA-01143,cheetah,Acinonyx jubatus,Mammal,Carnivore,Savanna,Kenya,Riverside Zoo,VU,Female,5.1,41.39,128.1,12,None,Healthy,Yes,123.7,14/06/2025
ZA-02275,GIRAFFE,Giraffa camelopardalis,Mammal,Herbivore,Savanna,Kenya,Safari Park North,VU,Female,2.0,578.75,297.9,25,34.01,Healthy,Yes,N/A,04/06/2024
ZA-04498,Snow Leopard,Panthera uncia,Mammal,Carnivore,Mountain,Mongolia,Riverside Zoo,VU,Male,8.1,44.62,145.3,15,1.59,  Healthy ,Yes,$119.50,2023-10-04
ZA-01104,Chimpanzee,Pan troglodytes,Mammal,Omnivore,Forest,Uganda,Highland Wildlife Reserve,Endangered,Female,10.0,44.52,81.3 cm,40,N/A,Under Observation,Yes,212.71,2023-03-07
ZA-00085,Koala,Phascolarctos cinereus,Mammal,Herbivore,Forest,Australia,Greenfield Sanctuary,VU,Male,5.5,9.96,79.7,13,0.67,Healthy,Yes,92.32,2024-11-19
ZA-02211,Saltwater Crocodile,Crocodylus porosus,Reptile,Carnivore,Wetland,Australia,Riverside Zoo,LC,Male,55.8,395.02,469.7,70,15.8,Sick,Yes,542.44,11/06/2022
ZA-04211,Snow Leopard,Panthera uncia,Mammal,Carnivore,Mountain,Mongolia,Metro City Zoo,VU,Male,9.1,41.77,124.8,15,1.49,Injured,1,127.31,2024-02-20
ZA-04818,African Elephant,Loxodonta africana,Mammal,Herbivore,Savanna,Kenya,Metro City Zoo,Vulnerable,M,7.2,3060.36,482.1,60,146.77,Healthy,Y,$580.23,06-04-2024
ZA-03441,Scarlet Macaw,Ara macao,Bird,Herbivore,  Forest ,Peru,Metro City Zoo ,Least Concern,Male,47.3,1.13,86.3,50,0.06,Under Observation,No,84.47,16/03/2022
ZA-01568,Chimpanzee,Pan troglodytes,Mammal,Omnivore,forest,Congo,Highland Wildlife Reserve,Endangered,Male,16.9,49.07,92.3,40,2.64,healthy,Yes,87.92,None
ZA-01661,Clownfish,Amphiprion ocellaris,Fish,Omnivore,Ocean,Australia,Metro City Zoo,Least Concern,FEMALE,4.7,0.02,8.6 cm,8,0.0,Under Observation,Y,NULL,18/04/2024
ZA-01557,Cheetah,Acinonyx jubatus,Mammal,Carnivore,Savanna,Botswana,Metro City Zoo,vulnerable,MALE,3.6,51.8,137.1,12,2.42,Injured,Yes,201.36 USD,2023-07-10
ZA-04722,Axolotl,Ambystoma mexicanum,Amphibian,Carnivore,Wetland,Mexico,Coastal Aquarium & Zoo,Critically Endangered,M,4.6,0.23,26.7,12,0.01,Under Observation,Y,92.79,22 Jul 2022
ZA-03765,Snow Leopard,Panthera uncia,Mammal,Carnivore,Mountain,China,Safari Park North,VU,Male,7.8,35.86,130.5,15,1.12,Under Observation,True,113.9,02-07-2024
ZA-03585,Bald Eagle,Haliaeetus leucocephalus,Bird,Carnivore,Forest,USA,Coastal Aquarium & Zoo,LC,Female,14.0,4.43 kg,86.9,25,0.2,Healthy,No,$50.00,13 Aug 2024
ZA-01886,Hippopotamus,Hippopotamus amphibius,Mammal,Herbivore,Wetland,Kenya,Greenfield Sanctuary,Vulnerable,Male,23.1,1589.49,386.2,40,110.81,Under Observation,False,561.57,21/04/2022
ZA-03145,Lion,Panthera leo,Mammal,Carnivore,Savanna,South Africa,Highland Wildlife Reserve,Vulnerable,Male,5.6,N/A,261.6,14,9.99,Sick,-,357.1,2024-05-22
ZA-01867,Lion,Panthera leo,Mammal,Carnivore,Savanna,Kenya,Safari Park North,VU,MALE,8.4,167.41,-,14,5.29,Healthy,Yes,199.37,2023-10-14
ZA-04721,Koala,Phascolarctos cinereus,Mammal,Herbivore,Forest,Australia,Coastal Aquarium & Zoo,VU,M,9.0,8.78,77.3,13,0.52,Healthy,True,50.92,20/11/2023
ZA-02875,Snow Leopard,Panthera uncia,Mammal,CARNIVORE,Mountain,Mongolia,Coastal Aquarium & Zoo,Vulnerable,Male,7.1,45.61,128.9,15,1.49,Healthy,Yes,91.83,"January 12, 2022"
ZA-04331,Leopard,panthera pardus,Mammal,Carnivore,Forest,Kenya,Riverside Zoo,VU,Female,2.5,47.94,148.9,14,1.94,Healthy,Yes,121.55,2025-07-19
ZA-03589,Grey Wolf,Canis lupus,Mammal,Carnivore,Forest,Russia,Riverside Zoo,Least Concern,Female,3.5,34.59,127.9,8,na,Healthy,Yes,67.39,2022-11-25
ZA-03268,Golden Eagle,Aquila chrysaetos,Bird,Carnivore,Mountain,USA,Highland Wildlife Reserve,LC,F,5.6,5.05,84.1,25,0.19,Injured,No,104.6,08-14-2023
ZA-02885,Bald Eagle,Haliaeetus leucocephalus,Bird,Carnivore,Forest,Canada,Highland Wildlife Reserve,LC,F,3.9,4.52,67.3,0,-,Under Observation,Yes,105.53,02 Jan 2023
ZA-02891,GREY WOLF,Canis lupus,Mammal,Carnivore,Forest,Canada,Highland Wildlife Reserve,LC,Female,4.5,41.98,126.6,8,1.72,Healthy,Yes,-,01 Apr 2023
ZA-03008,Axolotl,ambystoma mexicanum,  Amphibian ,Carnivore,WETLAND,Mexico,Riverside Zoo,Critically Endangered,Male,8.7,0.21,26.1,12,0.01,Healthy,Yes,36.0,2022-10-14
ZA-01827,Grey Wolf,Canis lupus,Mammal,Carnivore,Forest,USA,Coastal Aquarium & Zoo,Least Concern,Female,4.4,41.75,130.9,8,1.84,Healthy ,Yes,99.0,2024-02-13
ZA-03924,Hippopotamus,Hippopotamus amphibius,Mammal,Herbivore,Wetland,Tanzania,Greenfield Sanctuary,VULNERABLE,Female,19.3,1465.32,332.4,40,95.01,Healthy,Yes,$304.70,2022-10-13
ZA-02641,King Cobra,Ophiophagus hannah,Reptile,Carnivore,Forest ,Thailand,Metro City Zoo,Vulnerable,Male,15.9,6.1,NULL,20,0.3,Injured,1,161.27,2022-09-13
ZA-01526,Lion,Panthera leo,Mammal,Carnivore,Savanna,Tanzania,Highland Wildlife Reserve,VU,Female,6.2,225560 g,225.3,14,9.29,Healthy,Yes,227.31,None
za-01563,Green Sea Turtle,Chelonia mydas,Reptile,Herbivore,Ocean,Mexico,Safari Park North,endangered,Male,59.0,160.97,109.6,80,,HEALTHY,-,172.62,2025-08-26
ZA-00344,Black Rhinoceros,Diceros bicornis,Mammal,Herbivore,Savanna,  Namibia ,Coastal Aquarium & Zoo,Critically Endangered,Female,28.1,1164.62 kg,330.5,40,64.76,Healthy,Yes,$316.53,2024-05-08
ZA-02543,Grey Wolf,Canis lupus,Mammal,Carnivore,Forest,  USA ,Highland Wildlife Reserve,LC,Male,2.5,42.06,138.9,8,1.19,Under Observation,Yes,178.45,03-23-2022
ZA-03386,Tiger,Panthera tigris,Mammal,Carnivore,Forest,Indonesia,Riverside Zoo,EN,Female,6.5,188.87,276.1,16,7.46,Healthy,Yes,$205.92,06-18-2023
ZA-02413,Nile Crocodile,Crocodylus niloticus,Reptile,Carnivore,Wetland,Zambia,Metro City Zoo,LC,Female,None,284.98,424.4,70,12.32,Healthy,Yes,110.87,2022-12-22
ZA-02708,Koala,Phascolarctos cinereus,Mammal,Herbivore,Forest,Australia,Highland Wildlife Reserve,vulnerable,Female,4.2,N/A,76.2,13,0.51,Healthy,1,85.31,23/03/2023
ZA-01111,Green Iguana,Iguana iguana,REPTILE,herbivore,Forest,Brazil,Highland Wildlife Reserve,-,Female,3.5,4.25,144.4,15,0.24,Healthy,Yes,68.1,03/05/2024
ZA-03443,Bald Eagle,Haliaeetus leucocephalus,Bird,Carnivore,Forest,USA,Metro City Zoo,Least Concern,Female,3.2,2.64,70.9,25,0.11,Healthy,No,74.26,2024-12-21
ZA-02214,Whale Shark,Rhincodon typus,Fish,Omnivore,Ocean,Australia,Greenfield Sanctuary,EN,M,38.0,8813.19,995.9,70,394.45,Healthy,Yes,978.62,2023-04-09
ZA-01360,Orangutang,Pongo pygmaeus,Mammal,Omnivore,Forest,Malaysia,Greenfield Sanctuary,Critically Endangered,Female,3.3,28.92,84.5,35,1.36,Healthy,Yes,82.3,2023-04-07
ZA-02108,Saltwater Crocodile,Crocodylus porosus,Reptile,Carnivore,Wetland,Australia,Safari Park North,LC,Female,43.5,471.95,485.9,70,15.59,Healthy,Yes,160.21,01-26-2023
ZA-04806,Snow Leopard,Panthera uncia,Mammal,Carnivore,Mountain,Mongolia,None,vulnerable,NULL,5.1,41.55,130.9,15,1.84,Healthy,Yes,140.28,16/01/2024
ZA-01379,Whale Shark,Rhincodon typus,Fish,Omnivore,Ocean,Mexico,GREENFIELD SANCTUARY,EN,Male,None,10911.0,1031.6,70,579.76,Healthy,No,1097.51,2023-02-19
ZA-02829,ASIAN ELEPHANT,Elephas maximus,Mammal,Herbivore,Forest,Sri Lanka,Metro City Zoo,Endangered,Female,45.0,2676.28,538.3,60,170.15,Healthy,1,371.97,15/01/2022
ZA-00425,Scarlet Macaw,Ara macao,Bird,Herbivore,Forest,Brazil,Greenfield Sanctuary,Least Concern,Male,25.2,0.94,91.5,50,0.06,Healthy,Yes,49.01,2023-04-06
ZA-00293,King Cobra,Ophiophagus hannah,Reptile,Carnivore,Forest,Indonesia,Metro City Zoo,VU,Female,10.1,5.74,405.0,20,0.22,Healthy,No,79.33,12-23-2022
ZA-01066,Leopard,Panthera pardus,Mammal,Carnivore,FOREST,South Africa,Safari Park North,VU,Female,1.4,22.05,120.0,14,0.95,Healthy,Yes,N/A,2025-07-01
ZA-02378,Lion,Panthera leo,Mammal,Carnivore,Savanna,Tanzania,Metro City Zoo,VU,male,5.8,233.47,239.0,14,8.44,Sick,unknown,-,2024-09-21
ZA-02128,Plains Zebra,Equus quagga,Mammal,Herbivore,Savanna,Botswana,Greenfield Sanctuary,NT,Male,9.3,343.81,247.5,25,16.92,Injured,Yes,-,2022-12-04
ZA-01718,Red-eyed Tree Frog,Agalychnis callidryas,Amphibian,Insectivore,Forest,Mexico,Highland Wildlife Reserve,LC,Male,3.0,0.01,7.1,5,0.0,Healthy,Yes,$45.56,04/04/2025
ZA-00938,Bottlenose Dolphin,tursiops truncatus,Mammal,Piscivore,Ocean,Mexico,Riverside Zoo,LC,Female,13.2,177.27,302.7,40,8.87,Sick,0,232.68,2024-11-06
ZA-03780,Saltwater Crocodile,crocodylus porosus,  Reptile ,carnivore,Wetland,Australia,Safari Park North,LC,Male,20.7,510.93,526.8,70,20.51,Injured,Yes,538.63,2025-05-15
ZA-03965,Cheetah,Acinonyx jubatus,Mammal,Carnivore,Savanna,Namibia,Metro City Zoo,VU,Female,6.6,58.09,125.9,12,2.08,Sick,Yes,161.79,2025-01-14
ZA-03991,Hippopotamus,Hippopotamus amphibius,Mammal,herbivore,Wetland,Zambia,Safari Park North,VU,Male,27.2,1642.02,376.0,40,108.25,Healthy,Yes,370.87,2022-03-05
ZA-00255,  Red-eyed Tree Frog ,Agalychnis callidryas,Amphibian,Insectivore,Forest,Costa Rica,Coastal Aquarium & Zoo,LC,Male,2.5,0.01,8.0,5,,healthy,No,23.41,18/04/2023
ZA-04969,Gorrila,Gorilla gorilla,Mammal,Herbivore,Forest,Gabon,Greenfield Sanctuary,Critically Endangered,Male,24.5,162.68,172.1,35,9.39,Healthy,Yes,139.0,27/07/2022
ZA-01483,Saltwater Crocodile,Crocodylus porosus,Reptile,Carnivore,Wetland,India,Coastal Aquarium & Zoo,LC,Male,52.6,487.46,529.0,70,19.37,Sick,Y,$366.11,"April 03, 2025"
ZA-00945,Axolotl,Ambystoma mexicanum,Amphibian,Carnivore,Wetland,Mexico,Coastal Aquarium & Zoo,CRITICALLY ENDANGERED,Female,4.5,0.17,-,12,0.01,Under Observation,No,80.27,22/08/2024
ZA-03184,Snow Leopard,Panthera uncia,Mammal,Carnivore,None,Pakistan,Metro City Zoo,Vulnerable,Female,NULL,38.96,122.1,15,1.77,,Yes,N/A,2022-04-03
ZA-03267,African Elephant,Loxodonta africana,Mammal,Herbivore,Savanna,Kenya,Greenfield Sanctuary,VU,F,28.4,4211.2,613.6,60,221.14,Healthy,Yes,548.72,2022-11-22
ZA-04820,Koala,Phascolarctos cinereus,Mammal,Herbivore,Forest,Australia,Riverside Zoo,Vulnerable,Male,8.9,8.81,76.8,13,0.47,Healthy,na,$77.04,2025-05-25
ZA-02908,Whale Shark,Rhincodon typus,Fish,Omnivore,Ocean,Mexico,Coastal Aquarium & Zoo,EN,,three,9651.39,976.6,70,403.05,Under Observation,Yes,"3,093.97 USD",2022-08-09
ZA-00970,Ostrich,Struthio camelus,Bird,Omnivore,Savanna,SOUTH AFRICA,Coastal Aquarium & Zoo,LC,Female,12.9,245.7 lbs,205.2,40,6.06,Healthy,N,119.85,2025-03-07
ZA-00497,Cheetah,Acinonyx jubatus,Mammal,Carnivore,Savanna,Namibia,Greenfield Sanctuary,VU,Female,0.8,19.26,94.4,12,0.93,Healthy,Yes,71.56,2024-01-20
ZA-01830,Giraffe,Giraffa camelopardalis,Mammal,Herbivore,Savanna,Kenya,Safari Park North,Vulnerable,Female,21.3,938.46,465.2,25,38.35,Healthy,N,332.24,2024-03-14
ZA-02178,Great White Shark,Carcharodon carcharias,Fish,Carnivore,Ocean,USA,Riverside Zoo,VU,male,35.7,859.91,510.4,70,36.22,Sick,unknown,815.31,19 May 2024
ZA-00338,Black Rhinoceros,Diceros bicornis,  Mammal ,Herbivore,Savanna,Kenya,Greenfield Sanctuary,CR,Male,34.1,1255.13,378.1,40,60.41,Healthy,Yes,432.26,10-27-2024
ZA-04827,Polar Bear,Ursus maritimus,Mammal,Carnivore,Arctic,USA,Highland Wildlife Reserve,VU,Female,12.1,509.69,244.1,25,20.21,Healthy,No,239.16,27 Jun 2025
ZA-04705,  Asian Elephant ,Elephas maximus,Mammal,Herbivore,Forest,,Safari Park North,EN,Male,24.7,4099.13,567.3,60,206.92,Under Observation,Yes,970.86 USD,08-21-2024
ZA-01149,Ostrich,Struthio camelus,Bird,Omnivore,Savanna,S. Africa,Safari Park North,LC,Female,31.0,109.91,191.0,40,5.58,Under Observation,Yes,unknown,22/04/2022
ZA-02244,Grey Wolf,Canis lupus,Mammal,Carnivore,Forest,Russia,Coastal Aquarium & Zoo,Least Concern,M,2.6,40.61,133.6,8,2.07,HEALTHY,Yes,$139.85,24/02/2025
ZA-03584,Ostrich,Struthio camelus,Bird,Omnivore,Savanna,south africa,Greenfield Sanctuary,least concern,Male,13.7,121.05,210.6,40,5.01,Injured,Yes,373.86,2025-07-24
ZA-03969,Golden Eagle,Aquila chrysaetos,Bird,Carnivore,Mountain,Pakistan,Metro City Zoo,LC,male,11.7,5.6,89.6,25,0.24,Healthy,No,None,2023-09-05
ZA-02152,Peacock,Pavo cristatus,Bird,Omnivore,Forest,Pakistan,Coastal Aquarium & Zoo,Least Concern,Male,5.0,4.93,210.7,20,0.3,Healthy,Yes,53.14,25/05/2022
ZA-02011,African Elephant,Loxodonta africana,Mammal,Herbivore,Savanna,Tanzania,  Safari Park North ,vulnerable,F,24.2,4064.42,613.6,60,233.09,Healthy,Yes,na,2024-06-09
ZA-02492,Flamingo,Phoenicopterus roseus,Bird,Omnivore,Wetland,Spain,Greenfield Sanctuary,LC,Female,15.3,2.58,119.8,30,0.12,Sick,Yes,75.81,2023-12-28
ZA-00989,Gorilla,Gorilla gorilla,Mammal,Herbivore,Forest,Uganda,Greenfield Sanctuary,critically endangered,Male,2.4,95.91,126.8,35,5.52,Sick,Yes,188.05,24/06/2024
ZA-01811,Red-eyed Tree Frog,Agalychnis callidryas,Amphibian,Insectivore,Forest,Mexico,Coastal Aquarium & Zoo,Least Concern,Male,1.9,0.01,7.2,5,0.0,Under Observation,-,$61.17,2024-05-29
ZA-01995,Nile Crocodile,Crocodylus niloticus,Reptile,Carnivore,Wetland,Zambia,Safari Park North,Least Concern,Female,19.1,381.63,None,70,13.49,Healthy,Yes,143.51,2022-04-03
ZA-04816,Red Kangaroo,Osphranter rufus,Mammal,Herbivore,Desert,australia,Riverside Zoo,LC,Male,4.0,70.18,151.2,15,3.77,N/A,0,186.75,2025-03-12
ZA-02933,Axolotl,Ambystoma mexicanum,Amphibian,Carnivore,Wetland,Mexico,Coastal Aquarium & Zoo,CR,Male,3.6,0.2,26.8,12,0.01,Healthy,Yes,38.5,2025-09-06
ZA-02825,Leopad,Panthera pardus,Mammal,Carnivore,  Forest ,Kenya,Highland Wildlife Reserve,VU,Male,2.0,39.84,145.8,14,1.58,Under Observation,Yes,158.11,"January 23, 2025"
ZA-02898,Polar Bear,Ursus maritimus,Mammal,Carnivore,Arctic,United States,Greenfield Sanctuary,VU,Female,1.6,168.42,174.1,25,8.01,Healthy,True,$167.94,07-30-2025
ZA-02276,Cheetah,Acinonyx jubatus,Mammal,Carnivore,Savanna,Namibia,Metro City Zoo,VU,M,8.1 yrs,54.09,133.7,12,2.39,Healthy,Yes,114.88,2022-06-26
ZA-00435,Giraffe,Giraffa camelopardalis,Mammal,Herbivore,Savanna,Kenya,Riverside Zoo,VU,F,11.6,1320.33,442.2,25,65.98,Healthy,0,236.75,na
ZA-04502,Clownfish,Amphiprion ocellaris,Fish,Omnivore,Ocean,Australia,Metro City Zoo,Least Concern,Male,5.1,0.02,9.4,8,0.0,Healthy,N,38.13,2022-04-09
ZA-02824,Chimpanzi,Pan troglodytes,Mammal,Omnivore,Forest,Uganda,RIVERSIDE ZOO,EN,Male,18.5,45.13,94.6,40,1.71,Injured,No,485.25,2024-12-16
ZA-03756,Emperor Penguin,Aptenodytes forsteri,Bird,Piscivore,Arctic,Antarctica,Riverside Zoo,NEAR THREATENED,Male,4.9,24.30 kg,105.9,20,1.07,Under Observation,Yes,157.12,18 Feb 2022
ZA-02505,Black Rhinoceros,Diceros bicornis,Mammal,Herbivore,Savanna,S. Africa,Metro City Zoo,unknown,female,7.9,949.08,311.9,40,56.07,Under Observation,Yes,582.44,24 Jan 2023
ZA-03212,Giant Panda,Ailuropoda melanoleuca,Mammal,Herbivore,Forest,China,Coastal Aquarium & Zoo,Vulnerable,Male,6.9,95.08,167.0,20,6.6,Healthy,1,161.92,2025-09-11
ZA-04642,Saltwater Crocodile,crocodylus porosus,Reptile,Carnivore,Wetland,Australia,Coastal Aquarium & Zoo,LC,Female,7.4,211.41,386.7,70,8.08,Healthy ,Y,202.9,11/04/2024
ZA-04309,Green Sea Turtle,chelonia mydas,Reptile,Herbivore,Ocean,Australia,Highland Wildlife Reserve,Endangered,Male,18.2,134.16,106.8,80,8.7,Healthy,No,144.51,2022-04-22
za-03541,Nile Crocodile,Crocodylus niloticus,Reptile,Carnivore,Wetland,Tanzania,Metro City Zoo,LC,Female,10.3,218.16,387.4,70,8.5,Healthy,Yes,133.27,12/12/2022
ZA-03271,Great White Shark,Carcharodon carcharias,Fish,Carnivore,Ocean,South Africa,Riverside Zoo,VU,Male,N/A,NULL,497.4,70,,Injured,Yes,746.12,2023-02-06
ZA-01942,Galapagos Tortoise,Chelonoidis niger,reptile,Herbivore,Island,Ecuador,Highland Wildlife Reserve,vulnerable,Female,32.8,235.06,117.3,100,17.35,Healthy,Yes,204.39,17/10/2023
ZA-01892,Saltwater Crocodile,Crocodylus porosus,Reptile,Carnivore,Wetland,Australia,greenfield sanctuary,LEAST CONCERN,Male,24.4,612.51,464.8,70,26.64,Sick,Yes,$322.34,28/08/2022
ZA-03600,Giant Panda,Ailuropoda melanoleuca,Mammal,Herbivore,Forest,China,Safari Park North,Vulnerable,Female,11.9,106.88,143.6,20,6.45,Sick,Yes,156.96 USD,15 Aug 2023
ZA-01266,Golden Eagle,Aquila chrysaetos,Bird,Carnivore,Mountain,Mongolia,Coastal Aquarium & Zoo,LC,Female,19.4,4.12,74.9,25,0.18,Healthy,Yes,$38.90,26 Jul 2023
ZA-04439,Whale Shark,Rhincodon typus,Fish,Omnivore,Ocean,Mexico,Greenfield Sanctuary,ENDANGERED,female,36.9,7754.14,-,70,489.89,Healthy,Y,$835.21,2025-07-09
ZA-02598,Green Sea Turtle,Chelonia mydas,Reptile,Herbivore,Ocean,Pakistan,Highland Wildlife Reserve,EN,Female,,144.4,113.1,80,6.06,Healthy,1,,2023-06-03
ZA-01411,Golden Eagle,Aquila chrysaetos,Bird,Carnivore,Mountain,Mongolia,Highland Wildlife Reserve,LC,Male,21.0,6.31,92.6,25,0.34,Healthy,True,None,08 Mar 2023
ZA-01215,Galapagos Tortoise,Chelonoidis niger,Reptile,Herbivore,Island,  Ecuador ,Greenfield Sanctuary,Vulnerable,F,77.6,215.29,125.9,100,13.95,Injured,1,649.03,2024-03-06
ZA-00967,Plains Zebra,Equus quagga,Mammal,Herbivore,Savanna,Botswana,Safari Park North,NT,Male,4.1,269.77,193.6,25,20.02,Healthy,No,223.88,2022-01-02
ZA-01231,Black Rhinoceros,Diceros bicornis,Mammal,Herbivore,Savanna,Kenya,Metro City Zoo,Critically Endangered,Female,26.6,1168.78,340.3,40,65.76,Healthy,Yes,302.3,24 Apr 2025
ZA-04792,Flamingo,Phoenicopterus roseus,Bird,Omnivore,Wetland,India,Riverside Zoo,Least Concern,Male,9.9,2.44,129.1,30,0.12,healthy,Yes,None,04-07-2022
ZA-00606,African Elephant,Loxodonta africana,Mammal,Herbivore,Savanna,Kenya,Greenfield Sanctuary ,VU,Female,na,2316.65,428.5,60,125.72,Healthy,Yes,426.81,2025-09-02
ZA-00105,Giant Panda,Ailuropoda melanoleuca,Mammal,Herbivore,Forest,China,Safari Park North,VU,Male,9.1,103.81,150.2,20,5.37,Injured,Yes,-,2024-10-23
ZA-00646,Chimpanze,Pan troglodytes,Mammal,Omnivore,Forest,Tanzania,Riverside Zoo,EN,Female,23.9,54.89,93.3,40,2.08,Healthy,No,64.55,2023-01-30
ZA-04591,Orangutan,Pongo pygmaeus,Mammal,Omnivore,Forest,Indonesia,Safari Park North,CR,Male,14.1,78.77,113.6,35,4.0,Sick,No,271.24,30/08/2025
ZA-03089,Great White Shark,Carcharodon carcharias,Fish,Carnivore,Ocean,Australia,Riverside Zoo,Vulnerable,Female,11.4,758.85,419.5,70,38.18,Healthy,-,358.53,"May 26, 2024"
ZA-01020,Whale Shark,Rhincodon typus,Fish,Omnivore,Ocean,Pakistan,Coastal Aquarium & Zoo,EN,Male,53.0,10024.25,1108.8,70,409.38,Healthy,Yes,$921.18,2023-05-22
ZA-00092,Bald Eagle,Haliaeetus leucocephalus,Bird,Carnivore,Forest,USA,Safari Park North,LC,Female,20.3,4.65,75.0,25,,Healthy,Yes,63.08,28/12/2022
ZA-02871,Snow Leopard,Panthera uncia,Mammal,Carnivore,Mountain,Pakistan,Safari Park North,VU,F,13.2,na,127.8,15,1.55,Healthy,1,147.1,01-20-2025
ZA-00909,Hippopotamus,Hippopotamus amphibius,Mammal,HERBIVORE,Wetland,Zambia,na,VU,Male,25.1,1686.43,354.9,40,101.73,Under Observation,Yes,460.19,2025-05-09
ZA-02151,Bald Eagle,Haliaeetus leucocephalus,Bird,Carnivore,Forest,USA,Greenfield Sanctuary,LC,Male,19.2,5.81,NULL,25,0.26,Healthy,1,$80.39,2023-01-15
ZA-00239,Galapagos Tortoise,Chelonoidis niger,Reptile,Herbivore,Island,Ecuador,Coastal Aquarium & Zoo,Vulnerable,Female,37.9,262.58,118.5,100,17.85,Healthy,1,$211.67,14/01/2023
ZA-03141,Polar Bear,Ursus maritimus,Mammal,Carnivore,Arctic,Russian Federation,Coastal Aquarium & Zoo,VU,Male,12.6,426.04,253.2,25,20.13,Healthy,Yes,N/A,2022-09-12
ZA-00943,Red Kangaroo,Osphranter rufus,Mammal,Herbivore,Desert,Australia,Highland Wildlife Reserve,LC,male,1.1,30.89,107.6,15,1.69,Healthy,Yes,72.86,16/05/2022
ZA-01271,Axolotl,Ambystoma mexicanum,amphibian,Carnivore,Wetland,Mexico,Metro City Zoo,Critically Endangered,Female,five,0.17,22.2,12,0.01,Healthy,1,29.75,19 Apr 2022
ZA-00939,Cheetah,Acinonyx jubatus,Mammal,Carnivore,savanna,  Botswana ,Greenfield Sanctuary,VU,M,,49.86 kg,130.7,12,2.06,Healthy,No,60.51,2024-03-05
ZA-03230,Whale Shark,Rhincodon typus,Fish,Omnivore,ocean,Pakistan,Coastal Aquarium & Zoo,endangered,Male,23.6,10376.22,1066.8,70,355.89,Healthy,No,1311.3,02-11-2023
ZA-03552,Nile Crocodile,Crocodylus niloticus,Reptile,Carnivore,Wetland,Zambia,greenfield sanctuary,Least Concern,FEMALE,8.2,236.14,375.8,70,-,Healthy,Y,173.09 USD,25 Mar 2025
ZA-01863,Snow Leopard,Panthera uncia,Mammal,Carnivore,Mountain,China,Metro City Zoo,VU,Female,2.8,32.96,120.9,15,1.07,Sick,Yes,202.73,2022-10-24
ZA-01670,Nile Crocodile,Crocodylus niloticus,Reptile,Carnivore,Wetland,Zambia,Safari Park North,LC,male,three,440570 g,,70,na,Injured,Yes,478.54,17 Jun 2022
ZA-00006,Black Rhinoceros,Diceros bicornis,Mammal,Herbivore,Savanna,Kenya,Coastal Aquarium & Zoo,CR,Male,20.1,1159.02,362.3,40,65.41,Healthy,No,329.18,2024-01-25
ZA-04344,Galapagos Tortoise,Chelonoidis niger,Reptile,Herbivore,Island,Ecuador,Metro City Zoo,VU,Female,88.2,228.72,116.9,100,15.79,Healthy,Yes,161.63,28/12/2023
ZA-03944,Black Rhinoceros,Diceros bicornis,Mammal,Herbivore,Savanna,South Africa,Highland Wildlife Reserve,CR,Male,23.0,1364.77,358.0,40,75.49,Under Observation,1,588.03,"October 27, 2024"
ZA-03014,Golden Eagle,Aquila chrysaetos,Bird,Carnivore,Mountain,USA,Riverside Zoo,Least Concern,Female,4.5,3.19,73.8,25,0.13,Healthy,No,55.53,2022-12-27
ZA-00019,Leapord,Panthera pardus,Mammal,Carnivore,Forest,Kenya,Greenfield Sanctuary,VU,F,5.8,58.15,159.1,14,2.25,Healthy,0,None,2023-08-30
ZA-01971,Giraffe,Giraffa camelopardalis,  Mammal ,Herbivore,NULL,Tanzania,Coastal Aquarium & Zoo,unknown,Female,11.5,1102.4,465.0,25,65.3,Healthy,Yes,246.53,2025-07-19
ZA-02710,Brown Bear,Ursus arctos,Mammal,Omnivore,Forest,Canada,Highland Wildlife Reserve,Least Concern,Female,14.6,290.26 kg,-,25,10.0,Healthy,1,,19/02/2023
ZA-02233,Galapagos Tortoise,Chelonoidis niger,Reptile,Herbivore,Island ,Ecuador,Riverside Zoo,VU,Female,47.6,N/A,N/A,100,10.13,Healthy,None,157.27,-
ZA-00812,King Cobra,Ophiophagus hannah,Reptile,Carnivore,  Forest ,Indonesia,Riverside Zoo,VU,Female,8.0,5.7,401.4,0,na,Injured,No,119.6,19/04/2022
ZA-01301,Nile Crocodile,Crocodylus niloticus,reptile,Carnivore,Wetland,Zambia,Metro City Zoo,Least Concern,Male,25.9,,518.6,70,19.42,Healthy,No,193.83,2022-02-14
ZA-01622,Nile Crocodile,Crocodylus niloticus,Reptile,Carnivore,Wetland,TANZANIA,Coastal Aquarium & Zoo,least concern,Female,39.0,429.4,438.5,70,18.34,Healthy,,142.97,2024-02-03
ZA-00261,Snow Leopard,Panthera uncia,Mammal,Carnivore,Mountain,China,coastal aquarium & zoo,VU,Female,-,39.59,120.4,15,1.9,Healthy,Yes,162.81,2022-05-01
ZA-01805,Emperor Penguin,Aptenodytes forsteri,Bird,Piscivore,Arctic,Antarctica,Highland Wildlife Reserve,near threatened,Male,6.6,25.77,124.2,20,1.15,Healthy,Yes,92.25,04/05/2024
ZA-01571,Saltwater Crocodile,Crocodylus porosus,Reptile,Carnivore,Wetland,Indonesia,Riverside Zoo,LC,Male,55.5,620.5,472.7,70,24.56,Healthy,Yes,$267.58,02-21-2022
ZA-04281,Sea Otter,Enhydra lutris,Mammal,Carnivore,Ocean,USA,Riverside Zoo,EN,Female,8.3,20.23,113.7 cm,15,0.69,Healthy,No,91.31,11-29-2023
ZA-02455,Bottlenose Dolphin,Tursiops truncatus,Mammal,Piscivore,Ocean,United States,Greenfield Sanctuary,Least Concern,Male,10.1,219.08,332.8,40,8.97,Healthy,No,178.65,2022-11-12
ZA-01744,Polar Bear,Ursus maritimus,Mammal,Carnivore,Arctic,Canada,Greenfield Sanctuary,Vulnerable,Female,2.0,161.94,N/A,25,4.61,Healthy,No,166.3,2023-05-08
ZA-01631,Golden Eagle,Aquila chrysaetos,Bird,Carnivore,Mountain,USA,Riverside Zoo,Least Concern,F,,5.15,74.9,25,0.26,Sick,No,107.58,27 Apr 2023
ZA-01717,Whale Shark,Rhincodon typus,  Fish ,Omnivore,Ocean,Australia,Safari Park North,ENDANGERED,Female,,5139.53,776.5,70,263.04,Healthy,Yes,None,"February 13, 2022"
ZA-00521,  Polar Bear ,Ursus maritimus,Mammal,Carnivore,Arctic,Russia,Metro City Zoo,VU,Male,16.2,554.63,259.6,25,21.75,Injured,Yes,440.06,2024-02-26
ZA-03938,Koala,Phascolarctos cinereus,Mammal,Herbivore,Forest,Australia,Safari Park North,Vulnerable,Female,7.9,5.80 kg,72.5,13,0.41,Healthy,Yes,103.94,2024-11-24
ZA-03483,Black Rhinoceros,Diceros bicornis,Mammal,Herbivore,Savanna,S. Africa,Coastal Aquarium & Zoo,CR,Female,15.5,983.42,356.4,40,57.21,Injured,Yes,$953.31,2023-05-27
ZA-01659,Peacock,Pavo cristatus,Bird,Omnivore,Forest,Pakistan,Greenfield Sanctuary,LC,Female,,4.96,191.0,20,0.2,Healthy,True,57.88,02-02-2023
ZA-03473,Whale Shark,Rhincodon typus,Fish,Omnivore,Ocean,Pakistan,Greenfield Sanctuary,Endangered,M,24.3,7630.46 kg,1004.8,70,378.06,Healthy,Yes,567.71,2024-11-27
ZA-02476,Snow Leopard,Panthera uncia,Mammal,Carnivore,Mountain,Mongolia,Greenfield Sanctuary,vulnerable,Female,7.3,38.26,118.6,15,1.56,Healthy,Yes,$67.67,2023-09-17
ZA-03949,Clownfish,Amphiprion ocellaris,Fish,Omnivore,Ocean,Indonesia,Highland Wildlife Reserve,Least Concern,Female,5.3,0.02,8.4,8,,Injured,,104.46,02-26-2025
ZA-03935,Grey Wolf,Canis lupus,Mammal,Carnivore,Forest,Russia,Highland Wildlife Reserve,LEAST CONCERN,Male,4.1,43.46,134.9,8,1.68,Healthy,Y,121.95,12-04-2024
ZA-03646,Hippopotamus,Hippopotamus amphibius,Mammal,Herbivore,Wetland,Tanzania,Safari Park North,Vulnerable,Male,,1814.13,349.2,40,86.61,Healthy,Yes,516.47,2023-04-21
ZA-00764,Leopard,Panthera pardus,Mammal,Carnivore,Forest,India,Greenfield Sanctuary,Vulnerable,Female,9.7,46.24 kg,164.0,14,2.41,Injured,True,$176.33,10-19-2022
ZA-04704,Lion,Panthera leo,Mammal,Carnivore,Savanna,Kenya,Coastal Aquarium & Zoo,N/A,Male,6.9,284.94,263.9,14,9.46,Healthy,False,184.61,2023-07-22
ZA-04327,Bald Eagle,Haliaeetus leucocephalus,Bird,Carnivore,Forest,U.S.A.,Highland Wildlife Reserve,LEAST CONCERN,Female,1.4,1.42,57.1,25,0.05,  Healthy ,Yes,78.82 USD,2023-03-12
ZA-04428,Clownfish ,Amphiprion ocellaris,Fish,Omnivore,Ocean,Australia,Highland Wildlife Reserve,Least Concern,F,1.1,0.01,6.6,8,0.0,Healthy,Yes,15.36,2024-04-09
ZA-01092,Tigar,Panthera tigris,Mammal,Carnivore,Forest,Russia,  Greenfield Sanctuary ,Endangered,Female,,194.16,265.2,16,7.81,Healthy,Yes,104.5,26/03/2022
ZA-03609,King Cobra,Ophiophagus hannah,Reptile,Carnivore,Forest,IND,Riverside Zoo,Vulnerable,Female,7.6,5.21 kg,411.4,20,0.29,healthy,Yes,$54.75,2024-03-01
ZA-01102,Green Sea Turtle,Chelonia mydas,Reptile,Herbivore,Ocean,Mexico,Coastal Aquarium & Zoo,EN,Female,23.8,125.79,106.5,500,14.44,Healthy,Yes,164.51,26/10/2022
ZA-04558,Plains Zebra,Equus quagga,Mammal,Herbivore,Savanna,Kenya,Safari Park North,NT,Male,4.8,292.75,218.1,25,17.28,Sick,,230.88,2023-12-16
ZA-00959,Giraffe,Giraffa camelopardalis,Mammal,Herbivore,Savanna,Kenya,Metro City Zoo,Vulnerable,female,8.0,1159.81,409.4,25,90.11,Healthy,No,399.17,2022-03-10
ZA-00560,Red Kangaroo,Osphranter rufus,Mammal,Herbivore,Desert,Australia,Riverside Zoo ,Least Concern,Male,7.0,57.99,159.9,15,unknown,Healthy,No,152.73,"January 18, 2022"
ZA-01520,Clownfish,Amphiprion ocellaris,Fish,Omnivore,Ocean,Indonesia,Metro City Zoo,least concern,Male,4.4,-,9.0,8,0.0,Healthy,No,26.5,2025-01-15
ZA-04078,Plains Zebra,Equus quagga,Mammal,Herbivore,Savanna,Kenya,Coastal Aquarium & Zoo,Near Threatened,Female,7.4,387.61,213.1,25,28.42,Healthy,N,262.13,2024-06-02
ZA-02485,Snow Leopard,Panthera uncia,Mammal,Carnivore,Mountain,mongolia,Metro City Zoo,VU,Male,4.8,50.42,137.9,15,1.98,Healthy,unknown,127.17,03-23-2022
ZA-00367,Galapagos Tortoise,Chelonoidis niger,Reptile,Herbivore,Island,Ecuador,Greenfield Sanctuary,Vulnerable,Male,17.9,158.36,na,100,10.6,Healthy,Yes,$165.15,2023-12-08
ZA-03902,Grey Wolf,Canis lupus,Mammal,Carnivore,Forest,Canada,Riverside Zoo,least concern,Male,1.8,38.6,124.3,8,1.52,Under Observation,Y,177.22,11-23-2024
ZA-01949,snow leopard,Panthera uncia,Mammal,Carnivore,Mountain,Pakistan,Metro City Zoo,Vulnerable,Female,12.5,33.42,136.1,15,1.19,Healthy,No,75.9,13/12/2024
ZA-04166,Grey Wolf,Canis lupus,Mammal,Carnivore,Forest,usa,Highland Wildlife Reserve,LC,F,5.1,39.03,125.8,8,1.64,Healthy,1,184.77,01-08-2024
ZA-01573,Black Rhinoceros,Diceros bicornis,Mammal,Herbivore,Savanna,Kenya,Greenfield Sanctuary,Critically Endangered,Female,11.7,1108.43,354.5,40,64.43,Sick,1,606.35,2025-06-21
ZA-00809,Whale Shark,Rhincodon typus,Fish,Omnivore,Ocean,Australia,Coastal Aquarium & Zoo,Endangered,Male,58.3,24542.5 lbs,966.9,70,455.76,Healthy,Y,1239.48,2024-01-24
ZA-03233,Peacock,Pavo cristatus,BIRD,Omnivore,Forest,Pakistan,Safari Park North,Least Concern,Female,9.5,unknown,189.6,0,0.2,Healthy,1,77.63,2023-08-01
ZA-03947,Red Kangaroo,Osphranter rufus,Mammal,Herbivore,Desert,na,Riverside Zoo,Least Concern,FEMALE,6.6,51880 g,na,15,2.76,Healthy,Yes,147.99,2024-03-16
ZA-00012,Nile Crocodile,Crocodylus niloticus,Reptile,Carnivore,Wetland,Tanzania,Highland Wildlife Reserve,LC,Male,17.1,381.77,475.6,70,13.98,Healthy,Y,206.51,09/09/2024
ZA-02026,Koala,Phascolarctos cinereus,Mammal,Herbivore,NULL,Australia,Greenfield Sanctuary,vulnerable,M,5.3 yrs,11.13,77.0,13,0.67,Sick,Yes,116.83,2022-11-27
ZA-00177,LEOPARD,Panthera pardus,Mammal,Carnivore,Forest,South Africa,Safari Park North,VU,Female,9.0,60.01,158.8,14,3.19,Injured,Yes,N/A,28 Jan 2025
ZA-02489,Emperor Penguin,Aptenodytes forsteri,Bird,Piscivore,Arctic,Antarctica,Metro City Zoo,NT,M,13.2,28.96,128.8,20,1.47,-,Yes,69.28,22 Dec 2022
ZA-03887,Green Sea Turtle,Chelonia mydas,Reptile,Herbivore,Ocean,Pakistan,Coastal Aquarium & Zoo,EN,Female,32.7,173.28,94.9,80,11.2,Sick,Yes,173.24,02-28-2025
ZA-02570,Green Iguana,Iguana iguana,Reptile,Herbivore,Forest,Mexico,Riverside Zoo,LC,Male,5.5,5100 g,154.6,15,0.3,Healthy,Yes,67.32,09-16-2023
ZA-03521,Koala,Phascolarctos cinereus,Mammal,Herbivore,Forest,Australia,Coastal Aquarium & Zoo,VU,Male,6.5,9.49,83.5,13,0.74,Healthy,Yes,59.23,2023-09-29
ZA-03761,Grey Wolf,canis lupus,MAMMAL,Carnivore,Forest,Russia,riverside zoo,LC,NULL,6.5,42.11,133.9,8,1.34,Healthy,Yes,$105.69,20/03/2024
ZA-03283,Nile Crocodile,Crocodylus niloticus,Reptile,Carnivore,Wetland,Tanzania,Metro City Zoo,LC,Male,60.1,474.09,499.0,70,20.06,Injured,No,436.24,2024-07-02
ZA-01665,Clownfish,Amphiprion ocellaris,Fish,Omnivore,Ocean,Philippines,unknown,LC,male,2.1,0.02,8.7,8,,Injured,No,64.74,2023-08-12
ZA-02192,Tiger,Panthera tigris,Mammal,Carnivore,Forest,India,Greenfield Sanctuary,EN,Female,4.4,188.87,271.5,16,6.99,Healthy,Y,102.07,02-02-2023
ZA-03633,Hippopotamus,Hippopotamus amphibius,Mammal,Herbivore,Wetland,Tanzania,Highland Wildlife Reserve,VU,Male,33.4,1500390 g,343.6,40,82.86,injured,Yes,"$1,082.82",2025-05-21
ZA-03371,Snow Leopard,Panthera uncia,Mammal,Carnivore,NULL,Mongolia,Greenfield Sanctuary,VU,Male,6.3,47.22,None,15,1.9,Injured,Yes,312.95,2024-01-06
ZA-02661,Bottlenose Dolphin,Tursiops truncatus,mammal,Piscivore,Ocean,Australia,Metro City Zoo,Least Concern,Male,10.1,156.54,273.1,40,7.6,Healthy,Yes,200.27,2025-03-02
ZA-04253,Bald Eagle,Haliaeetus leucocephalus,Bird,Carnivore,Forest,United States,  Safari Park North ,LC,Female,6.0,4.27,81.3 cm,25,0.2,Under Observation,Yes,88.97,2023-09-09
ZA-03579,Whale Shark,Rhincodon typus,Fish,Omnivore,Ocean,Australia,Metro City Zoo,Endangered,Female,23.0,7565.56,967.2,70,298.65,Healthy,Yes,1175.53,2023-06-18
ZA-02047,Hippopotamus,Hippopotamus amphibius,Mammal,Herbivore,Wetland,Kenya,Metro City Zoo,VU,female,,1490.37,364.3,40,87.99,Healthy,Yes,338.62,24/09/2023
ZA-02625,Nile Crocodile,Crocodylus niloticus,Reptile,Carnivore,wetland,Zambia,Coastal Aquarium & Zoo,least concern,Male,45.2,-,516.4,70,20.12,Healthy,Y,127.45,05 May 2022
ZA-03411,Bald Eagle,Haliaeetus leucocephalus,Bird,Carnivore,Forest,Canada,  Greenfield Sanctuary ,LC,Male,22.7,7.2,82.1,25,0.31,Under Observation,No,155.65,2022-07-16
ZA-01186,Red Kangaroo,Osphranter rufus,Mammal,Herbivore,Desert,Australia,Safari Park North,Least Concern,Male,6.6,89.93,137.3,15,4.69,Healthy,Yes,140.59,2023-03-05
ZA-01007,Saltwater Crocodile,Crocodylus porosus,Reptile,Carnivore,Wetland,unknown,HIGHLAND WILDLIFE RESERVE,LC,Male,5.1,194.55,-,70,8.06,Healthy,Yes,153.82,2023-01-29
ZA-03570,Ostrich,Struthio camelus,Bird,Omnivore,Savanna,Kenya,Safari Park North,least concern,F,27.0,102.74,203.4,40,3.81,Healthy,No,113.48,2025-09-10
ZA-03738,Saltwater Crocodile,Crocodylus porosus,Reptile,Carnivore,Wetland,India,Safari Park North,LC,Male,38.1,635.91 kg,524.5,70,26.92,Healthy,No,293.83,"December 22, 2022"
ZA-04657,Red Kangaroo,Osphranter rufus,Mammal,Herbivore,Desert,Australia,Coastal Aquarium & Zoo,Least Concern,Female,11.2,85.65,143.5,15,5.2,Healthy,1,102.54,27 May 2023
ZA-02050,Hippopotamus,Hippopotamus amphibius,Mammal,Herbivore,wetland,Kenya,Greenfield Sanctuary,VULNERABLE,Female,5.0,817.46,256.9,40,unknown,Healthy,Yes,439.39,19/01/2024
ZA-04012,Sea Otter,Enhydra lutris,Mammal,Carnivore,  Ocean ,russia,Greenfield Sanctuary,EN,Male,,34.06,123.2,15,1.3,Healthy,Yes,111.37,2025-03-04
ZA-00270,Red Kangaroo,Osphranter rufus,Mammal,Herbivore,-,Australia,Safari Park North,Least Concern,Male,12.5,58490 g,151.1 cm,15,3.68,Healthy,N/A,72.97,2024-05-08
ZA-01994,Tiger,Panthera tigris,Mammal,Carnivore,Forest,IND,highland wildlife reserve,Endangered,Male,3.0,203.76,246.9,16,7.92,Healthy,No,-,11/06/2025
ZA-00266,Black Rhinoceros,Diceros bicornis,Mammal,Herbivore,Savanna,South africa,Riverside Zoo,CR,Male,23.8,1417.74,371.5,40,97.13,Healthy,Yes,323.46,24/10/2024
ZA-00915,Green Iguana,Iguana iguana,Reptile,Herbivore,forest,COSTA RICA,Coastal Aquarium & Zoo,Least Concern,Male,7.8,4.69 kg,150.6,15,0.34,Injured,Yes,134.87,2023-01-10
ZA-02279,Axolotl,Ambystoma mexicanum,Amphibian,Carnivore,Wetland,Mexico,Greenfield Sanctuary,CR,MALE,3.6,0.24,26.0,12,0.01,Healthy ,No,55.32,2022-03-28
ZA-02232,Saltwater Crocodile,Crocodylus porosus,Reptile,Carnivore,Wetland,India,Metro City Zoo,LC,Male,16.5,549.43,435.2,70,14.83,Healthy,No,137.57,2025-04-08
ZA-00291,Grey Wolf,Canis lupus,Mammal,Carnivore,Forest,Canada,Metro City Zoo,LC,Male,4.1,87.3 lbs,130.1,8,1.67,Healthy,Yes,89.34,16/04/2023
ZA-02913,Axolotl,Ambystoma mexicanum,Amphibian,Carnivore ,Wetland,Mexico,Coastal Aquarium & Zoo,Critically Endangered,Male,3.8,0.19,26.4,12,0.01,Healthy,Yes,51.55,2023-07-28
ZA-04970,Brown Bear,Ursus arctos,Mammal,Omnivore,Forest,USA,Coastal Aquarium & Zoo,LC,Male,16.4,302.82,203.3,25,17.0,Healthy,None,$152.22,2024-09-17
ZA-02094,Koala,Phascolarctos cinereus,Mammal,Herbivore,Forest,Australia,Riverside Zoo,VU,Male,4.5,10.7,77.1,13,0.55,Healthy,No,50.92,28 Jun 2024
ZA-04572,Flamingo,Phoenicopterus roseus,Bird,Omnivore,Wetland,Kenya,Metro City Zoo,LC,F,18.3,2.79,111.8,30,0.13,None,No,93.79,10/09/2025
ZA-01653,Komodo Dragon,Varanus komodoensis,Reptile,Carnivore,Forest,Indonesia,Highland Wildlife Reserve,endangered,Male,9.2,191.2 lbs,255.2,30,3.05,Healthy,No,na,06-04-2025
ZA-04142,Scarlet Macaw,Ara macao,Bird,Herbivore,Forest,Peru,Safari Park North,Least Concern,FEMALE,39.2,NULL,81.3,50,0.05,Sick,-,79.89,2025-04-23
ZA-04258,Bottlenose Dolphin,Tursiops truncatus,Mammal,Piscivore ,Ocean,Australia,Greenfield Sanctuary,LC,Male,19.9,227.0,282.2,40,N/A,Healthy,No,185.18,02-22-2022
ZA-03040,Brown Bear,Ursus arctos,Mammal,Omnivore,Forest,unknown,Safari Park North,LC,Male,15.4,,201.6,25,14.1,Healthy,Yes,159.31,2024-10-22
ZA-02678,African Elephant,Loxodonta africana,Mammal,Herbivore,Savanna,Kenya,Greenfield Sanctuary,VU,Male,37.8,,618.5,60,278.18,Under Observation,Yes,None,04/02/2022
ZA-00289,Giraffe,Giraffa camelopardalis,Mammal,Herbivore,Savanna,Tanzania,Riverside Zoo,VU,Male,6.0,1052.65,444.1,25,46.44,Healthy,No,263.53,12-08-2024
ZA-03108,King Cobra,Ophiophagus hannah,Reptile,Carnivore,FOREST,Thailand,Riverside Zoo,Vulnerable,Female,8.5,5.53,388.0,20,0.17,Healthy,Yes,$76.96,06-18-2025
ZA-00611,Red-eyed Tree Frog,Agalychnis callidryas,Amphibian,Insectivore,Forest,Mexico,Metro City Zoo,LC,Female,2.5,0.01,7.4,5,0.0,Healthy,0,38.5,19/08/2023
ZA-00576,Saltwater Crocodile,Crocodylus porosus,Reptile,Carnivore,Wetland,Australia,Riverside Zoo,Least Concern,Male,18.9,477.03,446.1,70,-,Healthy ,Yes,247.92,2022-10-01
ZA-00851,Whale Shark,Rhincodon typus,Fish,Omnivore,Ocean,Australia,Coastal Aquarium & Zoo,Endangered,M,48.5,9946.87,1035.7,70,376.73,  Healthy ,True,902.95,"January 20, 2025"
ZA-03884,Grey Wolf,Canis lupus,MAMMAL,Carnivore,Forest,Russian Federation,Greenfield Sanctuary,LC,Male,4.6,44.53,134.8,8,1.72,sick,Yes,188.8,05-15-2023
ZA-01180,African Elephant,Loxodonta africana,Mammal,Herbivore,Savanna,South Africa ,Riverside Zoo,VU,Male,24.8,4976.98,654.7,60,282.98,Under Observation,True,1097.62,"July 19, 2022"
ZA-01723,Tiger,Panthera tigris,Mammal,Carnivore,FOREST,Indonesia,Coastal Aquarium & Zoo,Endangered,female,6.7,184.22,262.7,16,6.72,Healthy,Yes,158.61,2025-07-24
ZA-03950,Clownfish,Amphiprion ocellaris,Fish,Omnivore,Ocean,Indonesia,Metro City Zoo,LC,Female,5.2,0.02,9.0,8,0.0,  Healthy ,Y,39.21 USD,2025-01-29
ZA-01101,Nile Crocodile,Crocodylus niloticus,Reptile,Carnivore,Wetland,Kenya,Safari Park North,LC,F,8.4,183.50 kg,365.7,70,7.78,Healthy,Yes,$169.98,06/10/2022
ZA-01208,Green Iguana,Iguana iguana,Reptile ,Herbivore,Forest,Mexico,Coastal Aquarium & Zoo,Least Concern,Female,8.4,4390 g,unknown,15,0.25,Under Observation,No,141.64,03-10-2022
ZA-01844,Plains Zebra,Equus quagga,Mammal,Herbivore,Savanna,Kenya,Metro City Zoo,NT,Male,6.9,412.11,246.1,25,22.57,Healthy,True,256.08,08 Sep 2022
ZA-01849,Orangutan,Pongo pygmaeus,Mammal,Omnivore,Forest,Malaysia,Coastal Aquarium & Zoo,CR,Male,five,72.97,115.0,35,3.35,Under Observation,No,180.41,2022-02-27
ZA-02525,Gorilla,Gorilla gorilla,Mammal,Herbivore,Forest,NULL,Greenfield Sanctuary,CR,Female,21.5,150.08,None,35,7.25,Healthy,Yes,116.34,2024-09-09
ZA-03948,Clownfish,Amphiprion ocellaris,Fish,Omnivore,Ocean,Indonesia,Highland Wildlife Reserve,LC,Male,4.9,0.02,9.7,8,0.0,Sick,No,93.01,07/10/2023
ZA-01695,  Komodo Dragon ,Varanus komodoensis,Reptile,Carnivore,unknown,Indonesia,Riverside Zoo,Endangered,Female,17.7,69.04,259.0,30,2.62,Under Observation,True,na,10-31-2023
ZA-04182,Plains Zebra,Equus quagga,Mammal,Herbivore,Savanna,Kenya,Metro City Zoo,NT,female,4.8,285.96,210.9,25,19.98,Healthy,Yes,164.46,2025-08-19
ZA-04566,King Cobra,Ophiophagus hannah,Reptile,  Carnivore ,Forest,Thailand,Greenfield Sanctuary,Vulnerable,Female,,4.28,320.7,20,0.16,Healthy,No,75.71,2022-10-05
ZA-03961,Hipopotamus,Hippopotamus amphibius,Mammal,Herbivore,Wetland,Kenya,  Metro City Zoo ,Vulnerable,Female,25.5,1655.97,348.8,40,95.03,Healthy,No,539.12,2022-08-18
ZA-00234,Flamingo,Phoenicopterus roseus,Bird,Omnivore,Wetland,Spain,Riverside Zoo,Least Concern,Female,NULL,3.05,113.3,30,0.2,Under Observation,Yes,$61.71,20/06/2024
ZA-03333,Cheeta,Acinonyx jubatus,Mammal,CARNIVORE,Savanna,kenya,Metro City Zoo,Vulnerable,Male,2.3,36.54,113.7,12,1.96,Healthy,Yes,57.26,2025-08-25
ZA-02648,Polar Bear,ursus maritimus,Mammal,Carnivore,Arctic,USA,Riverside Zoo,Vulnerable,Female,12.3,567.35,212.5,25,24.82,  Under Observation ,Yes,533.93,2022-03-29
ZA-04042,Komodo Dragon,Varanus komodoensis,Reptile,Carnivore,Forest,Indonesia,Coastal Aquarium & Zoo,endangered,Male,11.7,77.99,241.7,30,3.7,Sick,Yes,$196.17,06/09/2024
ZA-01712,Green Iguana,Iguana iguana,Reptile,Herbivore,Forest,Mexico,Greenfield Sanctuary,LC,Male,2.4,-120.5,129.2,15,0.2,Healthy,True,60.78,2022-04-10
ZA-00183,Whale Shark,Rhincodon typus,Fish,Omnivore,Ocean,Pakistan,Metro City Zoo,EN,FEMALE,16.8,7895.89,937.5,70,na,Sick,NULL,2515.45,2025-04-30
ZA-01463,Chimpanzee,Pan troglodytes,Mammal,Omnivore,Forest,Uganda,Safari Park North,EN,Female,20.0,42.61,86.0,40,1.73,Healthy,Yes,75.76,None
ZA-00050,Snow Leopard,Panthera uncia,Mammal,Carnivore,na,China,Safari Park North,N/A,Female,999.0,41.83,na,15,2.04,healthy,N,139.71,2025-05-15
ZA-04829,Emperor Penguin,Aptenodytes forsteri,Bird,Piscivore,Arctic,Antarctica,Highland Wildlife Reserve,NT,Male,,31.92,114.0,20,,Healthy,Yes,58.09,25 Dec 2024
ZA-04583,Red-eyed Tree Frog,Agalychnis callidryas,Amphibian,Insectivore,Forest,Costa Rica,Riverside Zoo,LC,Male,1.2,0.01,6.8,5,0.0,Healthy,Yes,36.13,2022-08-31
ZA-00107,Bottlenose Dolphin,Tursiops truncatus,Mammal,Piscivore,Ocean,Mexico,Safari Park North,Least Concern,Male,28.0,223.26,269.1,40,11.8,Healthy,Yes,-,06/06/2025
ZA-00444,ASIAN ELEPHANT,Elephas maximus,Mammal,Herbivore,Forest,Sri Lanka,Metro City Zoo,EN,Male,42.8,3943.91,609.6,60,219.87,Healthy,Yes,662.29,2023-11-26
ZA-01955,Saltwater Crocodile,Crocodylus porosus,Reptile,Carnivore,Wetland,  Australia ,Metro City Zoo,Least Concern,Female,30.3,384.63,456.4,70,12.17,unknown,None,470.89,2022-06-28
ZA-04743,Bald Eagle,Haliaeetus leucocephalus,Bird,Carnivore,Forest,USA,Coastal Aquarium & Zoo,least concern,Female,7.7,4.78,86.1,25,0.18,Healthy,Yes,73.89 USD,2025-02-27
ZA-00727,Asian Elephant,Elephas maximus,Mammal,Herbivore,  Forest ,sri lanka,Metro City Zoo,EN,Male,18.3,3118.52,570.3,60,216.1,Under Observation,No,1654.71,09/10/2024
ZA-02239,Emperor Penguin,Aptenodytes forsteri,Bird,Piscivore,Arctic,  Antarctica ,Coastal Aquarium & Zoo,NT,MALE,8.0,34.09,133.4,20,-,Healthy,Yes,92.45,2024-01-25
ZA-02331,Plains Zebra,Equus quagga,Mammal,Herbivore,Savanna,Botswana,Riverside Zoo,NT,M,19.8,378.84,226.7,25,27.16,Healthy,Yes,$160.12,01-08-2024
ZA-04126,African Elephant,Loxodonta africana,Mammal,Herbivore,Savanna,South Africa,Greenfield Sanctuary,VU,Male,9.3,4061.36,509.0,60,204.65,None,Yes,311.36,2025-04-23
ZA-00170,Scarlet Macaw,Ara macao,Bird,Herbivore,Forest,Peru ,Greenfield Sanctuary,Least Concern,M,34.5,0.94,85.1,50,0.06,Healthy,Yes,52.58,2023-02-13
ZA-01002,Ostrich,Struthio camelus,Bird,Omnivore,Savanna,Kenya,Safari Park North,Least Concern,Female,14.5,100.26,196.5,40,4.37,Healthy,Yes,179.28,2025-03-22
ZA-03253,Koala,Phascolarctos cinereus,Mammal,Herbivore,Forest,Australia,Coastal Aquarium & Zoo,VULNERABLE,Female,3.9,7.32,80.1,13,0.5,,Yes,103.73,04-29-2025
ZA-02149,Axolotl,Ambystoma mexicanum,Amphibian,Carnivore,Wetland,Mexico,NULL,CR,MALE,0.3,0.06,17.0,12,0.0,Healthy,True,37.47,09-21-2024
ZA-00198,African Elephant,loxodonta africana,Mammal,  Herbivore ,  Savanna ,Tanzania,Coastal Aquarium & Zoo,Vulnerable,female,34.1,4366.91,601.3,60,,Healthy,Yes,-,25/07/2025
ZA-04592,Plains Zebra,Equus quagga,Mammal,Herbivore,Savanna,Botswana,Greenfield Sanctuary,NT,None,11.9,301.61,225.0,25,15.42,Under Observation,Yes,368.39,13/02/2023
ZA-03794,Giraffe,Giraffa camelopardalis,Mammal,Herbivore,Savanna,Namibia,Safari Park North ,Vulnerable,F,10.1,2831.8 lbs,439.5,25,71.32,Healthy,Yes,491.65,2023-09-29
ZA-00648,Saltwater Crocodile,Crocodylus porosus,  Reptile ,Carnivore,Wetland,India,Greenfield Sanctuary,least concern,Female,31.0,809.5 lbs,453.4,70,12.61,Sick,No,578.66,2024-12-25
ZA-03036,Plains Zebra,Equus quagga,Mammal,Herbivore,Savanna,Botswana,Greenfield Sanctuary,Near Threatened,Female,21.7,434.23,218.6,25,27.86,Healthy,Yes,248.91,26/01/2025
ZA-04141,Snow Leopard,Panthera uncia,Mammal ,Carnivore,Mountain,Pakistan,Greenfield Sanctuary,VU,Female,unknown,31.78,NULL,15,1.26,Injured,No,152.11,2022-04-08
ZA-03734,Nile Crocodile,Crocodylus niloticus,Reptile,CARNIVORE,Wetland ,Kenya ,Riverside Zoo,LC,Female,17.0,294.54,432.4,70,8.86,Under Observation,Yes,435.72,"June 13, 2025"
ZA-02759,Saltwater Crocodile,Crocodylus porosus,Reptile,Carnivore,Wetland,India,Metro City Zoo,Least Concern,Male,23.2,541.22,483.2,70,22.31,Healthy,Yes,288.4,01-12-2023
ZA-00374,African Elephant,Loxodonta africana,Mammal,Herbivore,Savanna,Botswana,Riverside Zoo,Vulnerable,Male,13.7,None,597.1,60,NULL,Healthy,Yes,681.04 USD,09/07/2022
ZA-04775,African Elephant,Loxodonta africana,Mammal,Herbivore,Savanna,South Africa,Metro City Zoo,VU,Male,NULL,5052.48,600.9,60,364.59,Healthy,Yes,629.47,01/01/2025
ZA-00567,Leopard,panthera pardus,mammal,CARNIVORE,Forest,Kenya,Highland Wildlife Reserve,vulnerable,M,1.9,43.02 kg,138.1,14,1.73,Healthy,Yes,108.81,09 Aug 2024
ZA-03721,Plains Zebra,Equus quagga,Mammal,Herbivore,  Savanna ,Kenya,Metro City Zoo,NT,Female,4.8,293.91,190.3,25,15.31,Healthy,Yes,131.35 USD,2025-01-17
ZA-02896,Plains Zebra,Equus quagga,Mammal,Herbivore,Savanna,Kenya,Riverside Zoo,near threatened,Male,8.8,365.19,215.6,25,17.89,Injured,No,480.47,08/05/2023
ZA-04557,Cheetah,Acinonyx jubatus,Mammal,Carnivore,Savanna,Namibia,Highland Wildlife Reserve,Vulnerable,female,3.4,47.62,126.8,12,1.79,Healthy,Yes,$126.00,
ZA-03486,Tiger,Panthera tigris,Mammal,Carnivore,Forest ,Indonesia,Safari Park North,Endangered,Male,6.5,NULL,294.1,16,6.23,Healthy,No,193.47 USD,01-17-2022
ZA-01156,Brown Bear,Ursus arctos,Mammal,Omnivore,Forest,US,Safari Park North,Least Concern,Female,18.8,311.37,205.6,25,13.95,Healthy,Y,213.5,28 Apr 2022
ZA-04136,Golden Eagle,Aquila chrysaetos,Bird,Carnivore,Mountain,Mongolia,Coastal Aquarium & Zoo,Least Concern,Male,16.9,5540 g,86.8,25,0.26,Under Observation,unknown,148.07,07 Feb 2023
ZA-00974,Hippopotamus,Hippopotamus amphibius,Mammal,Herbivore,Wetland,zambia,Greenfield Sanctuary,vulnerable,Male,21.9,1671.7,385.9,40,77.9,healthy,Yes,NULL,03-08-2022
ZA-03288,Bottlenose Dolphin,Tursiops truncatus,Mammal,Piscivore,Ocean,Mexico,Highland Wildlife Reserve,Least Concern,Male,14.9,191.63,314.2,40,10.63,Healthy,Yes,95.17 USD,25 Jun 2023
ZA-03628,Black Rhinoceros,Diceros bicornis,Mammal,Herbivore,Savanna,  Kenya ,Metro City Zoo,Critically Endangered,Male,20.6,956.93,na,40,65.16,Healthy,No,281.45,11 May 2023
ZA-03639,Lyon,Panthera leo,Mammal,Carnivore,Savanna,tanzania,Metro City Zoo,VULNERABLE,Male,8.3,217.01,251.9,14,6.2,Healthy,No,179.64,2024-06-05
ZA-01836,Giant Panda,Ailuropoda melanoleuca,Mammal,Herbivore,Forest,China,Riverside Zoo,vulnerable,Female,6.1,97.86,159.2,20,7.14,Healthy,Yes,143.72,"February 15, 2024"
ZA-02309,African Elephant,Loxodonta africana,Mammal,Herbivore,Savanna,Kenya,Coastal Aquarium & Zoo,VU,Male,29.1,5510.64,544.6,60,,Sick,No,1685.06,16/10/2024
ZA-01841,Emperor Penguin,Aptenodytes forsteri,Bird,piscivore,arctic,Antarctica,Safari Park North,Near Threatened,Male,3.8,27.97,108.5,20,1.25,Under Observation,1,108.33,2024-04-17
ZA-04924,polar bear,Ursus maritimus,Mammal,Carnivore,Arctic ,Russia,riverside zoo,vulnerable,Male,3.9,274.44,211.4,25,9.48,Sick,Yes,$482.66,12-10-2022
ZA-02045,Giant Panda,Ailuropoda melanoleuca,Mammal,Herbivore,Forest,China,Greenfield Sanctuary,VU,Female,3.2,79.61,122.4,20,-,Healthy,Y,$108.50,2024-11-25
ZA-04406,Black Rhinoceros,Diceros bicornis,Mammal,Herbivore,Savanna,Kenya,Highland Wildlife Reserve,critically endangered,female,21.2,1173.5,346.4,40,63.6,Healthy,Yes,$438.45,2022-08-18
ZA-04373,Snow Leopard,Panthera uncia,mammal,Carnivore,Mountain,Pakistan,Riverside Zoo,VU,Male,4.3,42.93,128.0,15,1.51,Healthy,Yes,94.18,14/07/2025
ZA-04733,Orangutan,Pongo pygmaeus,Mammal,  Omnivore ,Forest,Malaysia,Riverside Zoo,Critically Endangered,Female,9.8,107.0,110.4,35,4.33,Injured,Y,201.06,25/06/2025
ZA-04751,African Elephant,Loxodonta africana,Mammal,Herbivore,Savanna,South Africa,Greenfield Sanctuary,VU,Male,18.2,4582.41,634.4,60,209.7,Healthy,Yes,379.04,2023-12-28
ZA-04719,Axolotl,Ambystoma mexicanum,Amphibian,Carnivore,Wetland,mexico,Highland Wildlife Reserve,Critically Endangered,Female,9.9,0.19,22.8,12,0.01,Healthy,Yes,53.3,2023-03-07
ZA-00845,Black Rhinoceros,Diceros bicornis,Mammal,Herbivore,Savanna,Namibia,Riverside Zoo,CR,Female,10.2,1873.7 lbs,311.5,40,54.05,Healthy,No,190.97,2024-09-12
ZA-04490,Saltwater Crocodile,Crocodylus porosus,REPTILE,Carnivore,Wetland,Australia,Safari Park North,Least Concern,F,18.4,402.51,467.3,70,15.91,Under Observation,No,na,2022-09-21
ZA-02156,Lion,Panthera leo,Mammal,Carnivore,Savanna,South africa,Coastal Aquarium & Zoo,Vulnerable,F,2.9,145.04,215.1,14,6.69,healthy,Yes,147.19,
ZA-00350,Emperor Penguin,Aptenodytes forsteri,Bird,Piscivore,Arctic,Antarctica,Riverside Zoo,Near Threatened,Male,9.5,34.58,118.9,20,1.78,Injured,Yes,274.02,07/08/2025
ZA-00785,African Elephant,Loxodonta africana,Mammal,Herbivore,Savanna,Botswana,Safari Park North,Vulnerable,Male,18.1,4515.13,600.5,60,302.19,Healthy,Yes,unknown,22/06/2023
ZA-00048,Cheetah,Acinonyx jubatus,Mammal,Carnivore,Savanna,Kenya,Greenfield Sanctuary,VU,Female,na,41.16,121.5,12,N/A,Healthy,Yes,122.52,2025-01-23
ZA-03652,Tiger,Panthera tigris,Mammal,Carnivore,Forest,India,Highland Wildlife Reserve,EN,F,6.9,215.65,253.7,16,6.63,Healthy,Yes,188.65,2022-07-21
ZA-04499,Hippopotamus,Hippopotamus amphibius,Mammal,Herbivore,Wetland,Kenya,Coastal Aquarium & Zoo,VULNERABLE,M,22.2,1665.27,377.0,40,98.11,Healthy,Yes,425.33,2025-08-13
ZA-04019,Nile Crocodile,Crocodylus niloticus,Reptile,Carnivore ,Wetland,Zambia,Safari Park North,Least Concern,F,20.0,417.6,None,70,17.97,Healthy,Yes,204.41,2025-02-12
ZA-01440,Chimpanzee,Pan troglodytes,Mammal,Omnivore,FOREST,Congo,Riverside Zoo,Endangered,Male,5.5,31.57,75.4,40,na,Healthy,Yes,NULL,24/06/2023
ZA-00201,Nile Crocodile,Crocodylus niloticus,Reptile,Carnivore,Wetland,ZAMBIA,Safari Park North,Least Concern,M,21.9,456.88,516.8,70,15.5,Healthy,Yes,201.86,2022-05-03
ZA-01866,Orangutan,Pongo pygmaeus,Mammal,Omnivore,Forest,Indonesia,Riverside Zoo,Critically Endangered,FEMALE,18.5,88.06,99.5,35,3.57,Healthy,Yes,126.24,2024-04-10
ZA-03196,Whale Shark,Rhincodon typus,Fish,Omnivore,Ocean,Mexico,Coastal Aquarium & Zoo,EN,F,25.1,9386.56,971.3,70,431.73,Healthy,Y,600.26,2024-08-25
ZA-00034,Lion,Panthera leo,Mammal,Carnivore,Savanna,South Africa,Greenfield Sanctuary,Vulnerable,F,5.2,166.61,249.4 cm,14,6.98,Injured,No,NULL,2024-07-02
ZA-00788,King Cobra,Ophiophagus hannah,Reptile,Carnivore,Forest,Thailand,Greenfield Sanctuary,Vulnerable,Female,two,5.88,431.1,20,0.26,Healthy,True,67.87,2023-05-24
ZA-04578,Orangutan,Pongo pygmaeus,Mammal,Omnivore,Forest,Malaysia,Highland Wildlife Reserve,Critically Endangered,Male,NULL,43.83,93.8,35,1.92,Healthy,Yes,100.19,17/06/2024
ZA-02628,Bald Eagle,Haliaeetus leucocephalus,Bird,Carnivore,Forest,USA,Safari Park North,Least Concern,male,8.1,5.46,85.9 cm,25,None,Healthy,No,57.55,2023-09-04
ZA-00932,Leopad,Panthera pardus,Mammal,Carnivore,Forest,S. Africa,Metro City Zoo,vulnerable,Male,3.5,57.2,167.5,14,2.12,Healthy,Yes,97.65,2023-11-27
ZA-02405,Bald Eagle,Haliaeetus leucocephalus,Bird,Carnivore,Forest,USA,Highland Wildlife Reserve,LC,Male,18.1,4.73,88.9,25,NULL,Sick,Yes,130.38,"April 30, 2024"
ZA-01686,Hipopotamus,Hippopotamus amphibius,Mammal,Herbivore,Wetland,Tanzania,Coastal Aquarium & Zoo,VU,Female,15.3,1626.71,327.0,40,118.22,Healthy,Yes,372.57,2025-08-09
ZA-01249,Bald Eagle,Haliaeetus leucocephalus,Bird,Carnivore,Forest,  USA ,Greenfield Sanctuary,least concern,Female,15.2,3.91 kg,82.0,25,0.15,Healthy,1,$40.37,"September 03, 2022"
ZA-04856,Brown Bear,Ursus arctos,Mammal,Omnivore,Forest,Canada ,Greenfield Sanctuary,least concern,Female,,249.75,206.8,25,,Healthy,No,164.74,01-10-2023
ZA-00093,Hippopotamus,Hippopotamus amphibius,Mammal,Herbivore,Wetland,Tanzania,safari park north,VU,Female,24.5,1648.94,372.4,40,80.36,Healthy,True,287.04,07/06/2025
ZA-02852,Golden Eagle,Aquila chrysaetos,Bird,Carnivore,Mountain,Mongolia,Highland Wildlife Reserve,LC,Male,13.6,5.18,93.1,25,0.21,Healthy,No,81.85,25 Dec 2023
ZA-02794,Flamingo,Phoenicopterus roseus,Bird,Omnivore,Wetland,Spain,Metro City Zoo,LC,Male,9.7,3.19,122.0,30,0.14,Healthy,-,76.2,2022-04-05
ZA-00765,Snow Leopard,Panthera uncia,Mammal,Carnivore,Mountain,Pakistan,Metro City Zoo,Vulnerable,Male,4.5,39.15,123.5,15,1.5,INJURED,True,224.69,03-27-2023
ZA-02989,Black Rhinoceros,Diceros bicornis,Mammal,Herbivore,Savanna,South Africa,Safari Park North,CR,Female,22.9,1259.3,339.1,40,69.59,Sick,Yes,679.8,"October 07, 2023"
ZA-02449,Golden Eagle,Aquila chrysaetos,Bird,Carnivore,Mountain,USA,Riverside Zoo,Least Concern,Male,13.7,5.74,N/A,25,0.24,None,Yes,$61.48,unknown
ZA-01729,Green Sea Turtle,Chelonia mydas,Reptile,Herbivore,Ocean,na,Highland Wildlife Reserve,EN,Male,18.5,188.32,102.1,80,11.27,Healthy,True,145.59,2023-11-06
ZA-00258,Nile Crocodile,Crocodylus niloticus,Reptile,Carnivore,Wetland,Tanzania,Metro City Zoo,Least Concern,Male,28.0 yrs,508.41,484.8,70,19.31,Healthy,Yes,$246.99,05-18-2025
ZA-01514,Polar Bear,Ursus maritimus,Mammal,Carnivore,Arctic,Canada,Safari Park North,VU,Female,7.5,359.67 kg,248.5,25,15.22,Healthy,0,210.49,2023-08-21
ZA-01220,Asian Elephant,Elephas maximus,Mammal,Herbivore,Forest,Thailand,Safari Park North,Endangered,-,28.9,6980.7 lbs,529.1,60,238.48,Healthy,Y,648.31,29/01/2025
ZA-01162,Green Sea Turtle,Chelonia mydas,Reptile,Herbivore,Ocean,Mexico,Safari Park North,EN,Male,66.5,192.45,117.4,80,11.14,Healthy,1,147.13,2025-07-17
ZA-00773,Bald Eagle,Haliaeetus leucocephalus,Bird,Carnivore,Forest,US,Highland Wildlife Reserve,LC,Male,12.9,5.38,90.3,25,0.21,Healthy,No,43.2,12-04-2024
ZA-00313,Bald Eagle,Haliaeetus leucocephalus,Bird,Carnivore,Forest,  Canada ,Riverside Zoo,LC,Male,16.1,4.21,93.3,25,,Healthy,Yes,$37.22,2024-07-21
ZA-04387,Snow Leopard,Panthera uncia,Mammal,Carnivore,Mountain,Mongolia,Greenfield Sanctuary,VU,Female,6.9,38.03 kg,119.7,15,1.41,unknown,,200.97,2023-04-22
ZA-04033,Cheetah,Acinonyx jubatus,Mammal,Carnivore,Savanna,Namibia,Highland Wildlife Reserve,vulnerable,Female,5.5,44.16,114.0,12,2.32,Healthy,No,165.43,29 Jun 2024
ZA-04860,Koala,Phascolarctos cinereus,Mammal,Herbivore,FOREST,Australia,Safari Park North,VU,Male,10.9,9.88,N/A,13,0.47,Healthy,Yes,64.59,05/07/2023
ZA-02998,Cheetah,Acinonyx jubatus,Mammal,Carnivore,SAVANNA,Namibia,Safari Park North,VU,Female,8.2,39.05,134.2,12,1.32,Healthy,Y,94.61 USD,08-19-2024
ZA-04280,Green Sea Turtle,Chelonia mydas,Reptile,Herbivore,Ocean,Australia,Safari Park North,EN,Male,34.9,135.5,108.9,80,6.71,SICK,-,280.4,2022-03-11
ZA-01177,Bald Eagle,Haliaeetus leucocephalus,Bird,Carnivore,Forest,Canada,Greenfield Sanctuary,LC,Female,3.5,2.59,N/A,25,0.12,Healthy,Yes,58.28 USD,2023-10-10
ZA-03897,Emperor Penguin,Aptenodytes forsteri,Bird,Piscivore,Arctic,Antarctica,Safari Park North,Near Threatened,Female,15.2,28.71,102.6,20,1.4,Healthy,na,,09/02/2025
ZA-01350,Great White Shark,carcharodon carcharias,Fish,Carnivore,Ocean,Australia,Riverside Zoo,VU,Male,19.1,988.55,487.4,70,34.04,Healthy,Yes,377.84,10-08-2024
ZA-03776,Chimpanzee,Pan troglodytes,Mammal,Omnivore,Forest,Uganda,Metro City Zoo,EN,Male,22.7,55.81,92.4,40,2.69,Healthy,Yes,110.8,2025-06-02
ZA-03117,Lionn,Panthera leo,Mammal,Carnivore,Savanna,Tanzania,Highland Wildlife Reserve,Vulnerable,Male,9.3,218.58,257.4,14,7.84,Healthy,Yes,171.78 USD,03-09-2024
ZA-03517,Axolotl,Ambystoma mexicanum,Amphibian,Carnivore,Wetland,Mexico,Greenfield Sanctuary,CRITICALLY ENDANGERED,Female,3.8,0.20 kg,24.3,12,0.01,Sick,N,80.69,2023-07-28
ZA-02299,Lyon,Panthera leo,Mammal,Carnivore,Savanna,Tanzania,Coastal Aquarium & Zoo,Vulnerable,male,11.4,None,272.5,14,6.45,Healthy,Yes,$209.73,2022-10-10
ZA-02872,Bottlenose Dolphin,Tursiops truncatus,Mammal,Piscivore,Ocean,Mexico,Safari Park North,Least Concern,Female,16.8,186.52,289.2,40,9.09,Healthy,Yes,154.51,16/08/2024
ZA-00392,Scarlet Macaw,Ara macao,Bird,Herbivore,Forest,Peru,metro city zoo,least concern,Male,40.7,1.09,86.4,50,0.05,Healthy,True,31.98,2022-12-02
ZA-01457,Emperor Penguin,Aptenodytes forsteri,Bird,Piscivore,Arctic,Antarctica,Coastal Aquarium & Zoo,NT,Female,17.2,99999.0,103.5,20,1.28,Injured,No,320.68,18/04/2023
ZA-01093,Komodo Dragon,varanus komodoensis,Reptile,Carnivore,Forest,Indonesia,Metro City Zoo,EN,Male,6.4,74.89,225.7,30,2.82,Healthy,Yes,103.15,2022-12-03
ZA-03240,Ostrich,Struthio camelus,Bird,Omnivore,Savanna,Namibia,Metro City Zoo,Least Concern,M,6.3,74.07,190.2,40,4.39,Healthy,No,121.81,2022-03-10
ZA-02765,Polar Bear,Ursus maritimus,Mammal,Carnivore,Arctic,Russia,Safari Park North,VULNERABLE,M,18.7,459.91 kg,268.8,25,,Healthy,No,NULL,2024-02-23
ZA-02779,Axolotl,Ambystoma mexicanum,Amphibian,Carnivore,Wetland,Mexico,Coastal Aquarium & Zoo,CRITICALLY ENDANGERED,Female,3.7,0.17,24.2,12,0.01,Injured,True,106.81,2023-09-17
ZA-04463,Red Kangaroo,Osphranter rufus,Mammal ,Herbivore,Desert,Australia,Highland Wildlife Reserve,LC,Male,-,66.19,157.3,15,2.81,Healthy,Y,88.54,23/08/2023
ZA-04442,Nile Crocodile,Crocodylus niloticus,Reptile,Carnivore,Wetland,Tanzania,Safari Park North,LC,Female,58.1,369.09,477.5,70,13.13,Under Observation,Yes,356.86,02 Oct 2024
ZA-03657,Asian Elephant,Elephas maximus,  Mammal ,Herbivore,Forest,India,Coastal Aquarium & Zoo,ENDANGERED,female,24.3,-,unknown,60,140.06,,Yes,1340.76,2025-08-15
ZA-02584,bald eagle,Haliaeetus leucocephalus,Bird,Carnivore,Forest,Canada,Greenfield Sanctuary,Least Concern,Female,14.6,5.05,79.7,25,0.22,Healthy,Yes,66.41,05-10-2023
ZA-03258,Red Kangaroo,Osphranter rufus,Mammal,Herbivore,Desert,Australia,Coastal Aquarium & Zoo,least concern,Female,999.0,58.91,136.5,15,3.23,Healthy,Yes,91.87 USD,2024-12-20
ZA-01373,Great White Shark,Carcharodon carcharias,Fish,Carnivore,Ocean,Australia,greenfield sanctuary,vulnerable,Female,na,907.55,475.4,70,None,Healthy,N,292.65,2022-01-08
ZA-00920,Sea Otter,Enhydra lutris,Mammal,Carnivore,Ocean,USA,Greenfield Sanctuary,Endangered,Male,6.5,27.46,123.4,15,0.81,Healthy,Yes,91.55,2024-08-09
ZA-04308,Bottlenose Dolphin,Tursiops truncatus,Mammal,Piscivore,Ocean,Australia,Greenfield Sanctuary,LC,female,24.1,193.3,269.5,40,10.55,Healthy,No,167.39 USD,2025-03-07
ZA-02551,Green Iguana,Iguana iguana,Reptile ,Herbivore,Forest,Brazil,Highland Wildlife Reserve,LC,Male,5.3,4.05 kg,166.7,15,0.27,Injured,Yes,164.73,08 Jan 2024
ZA-00538,Galapagos Tortoise,Chelonoidis niger,Reptile,Herbivore,Island,Ecuador,Greenfield Sanctuary,VULNERABLE,Male,56.8,251.13,133.8,100,14.79,Sick,Yes,252.54,26 Oct 2024
ZA-01221,Gorilla,Gorilla gorilla,Mammal,Herbivore,Forest,Gabon,Metro City Zoo,CR,Male,23.5,171.14,171.3,35,unknown,Healthy,Yes,204.06,04 Aug 2023
ZA-04272,Giant Panda,Ailuropoda melanoleuca,Mammal,Herbivore,Forest,China,  Coastal Aquarium & Zoo ,VU,M,1.4,57.97,118.9,20,3.38,Healthy,No,$106.38,2024-07-07
